id,created_at,updated_at,slug,translation,sana_id,sana_name,is_iran
1,2026-06-12 23:33:09.301419+00,2026-06-12 23:33:09.301419+00,,"{""fa"":""ايران""}",1,ايران,1
2,2026-06-12 23:33:09.301419+00,2026-06-12 23:33:09.301419+00,,"{""fa"":""تهران""}",51,تهران,1
3,2026-06-12 23:33:09.301419+00,2026-06-12 23:33:09.301419+00,,"{""fa"":""خراسان رضوي""}",52,خراسان رضوي,1
4,2026-06-12 23:33:09.301419+00,2026-06-12 23:33:09.301419+00,,"{""fa"":""اصفهان""}",53,اصفهان,1
5,2026-06-12 23:33:09.301419+00,2026-06-12 23:33:09.301419+00,,"{""fa"":""آذربايجان شرقي""}",54,آذربايجان شرقي,1
6,2026-06-12 23:33:09.301419+00,2026-06-12 23:33:09.301419+00,,"{""fa"":""فارس""}",55,فارس,1
7,2026-06-12 23:33:09.301419+00,2026-06-12 23:33:09.301419+00,,"{""fa"":""آذربايجان غربي""}",56,آذربايجان غربي,1
8,2026-06-12 23:33:09.301419+00,2026-06-12 23:33:09.301419+00,,"{""fa"":""خوزستان""}",57,خوزستان,1
9,2026-06-12 23:33:09.301419+00,2026-06-12 23:33:09.301419+00,,"{""fa"":""كرمانشاه""}",58,كرمانشاه,1
10,2026-06-12 23:33:09.301419+00,2026-06-12 23:33:09.301419+00,,"{""fa"":""سيستان و بلوچستان""}",59,سيستان و بلوچستان,1
11,2026-06-12 23:33:09.301419+00,2026-06-12 23:33:09.301419+00,,"{""fa"":""شهرستانهاي استان تهران""}",60,شهرستانهاي استان تهران,1
12,2026-06-12 23:33:09.301419+00,2026-06-12 23:33:09.301419+00,,"{""fa"":""كردستان""}",61,كردستان,1
13,2026-06-12 23:33:09.301419+00,2026-06-12 23:33:09.301419+00,,"{""fa"":""هرمزگان""}",62,هرمزگان,1
14,2026-06-12 23:33:09.301419+00,2026-06-12 23:33:09.301419+00,,"{""fa"":""مازندران""}",63,مازندران,1
15,2026-06-12 23:33:09.301419+00,2026-06-12 23:33:09.301419+00,,"{""fa"":""قم""}",64,قم,1
16,2026-06-12 23:33:09.301419+00,2026-06-12 23:33:09.301419+00,,"{""fa"":""كرمان""}",65,كرمان,1
17,2026-06-12 23:33:09.301419+00,2026-06-12 23:33:09.301419+00,,"{""fa"":""گيلان""}",66,گيلان,1
18,2026-06-12 23:33:09.301419+00,2026-06-12 23:33:09.301419+00,,"{""fa"":""همدان""}",67,همدان,1
19,2026-06-12 23:33:09.301419+00,2026-06-12 23:33:09.301419+00,,"{""fa"":""بوشهر""}",68,بوشهر,1
20,2026-06-12 23:33:09.301419+00,2026-06-12 23:33:09.301419+00,,"{""fa"":""اردبيل""}",69,اردبيل,1
21,2026-06-12 23:33:09.301419+00,2026-06-12 23:33:09.301419+00,,"{""fa"":""مركزي""}",70,مركزي,1
22,2026-06-12 23:33:09.301419+00,2026-06-12 23:33:09.301419+00,,"{""fa"":""قزوين""}",71,قزوين,1
23,2026-06-12 23:33:09.301419+00,2026-06-12 23:33:09.301419+00,,"{""fa"":""كهكيلويه و بوير احمد""}",72,كهكيلويه و بوير احمد,1
24,2026-06-12 23:33:09.301419+00,2026-06-12 23:33:09.301419+00,,"{""fa"":""لرستان""}",73,لرستان,1
25,2026-06-12 23:33:09.301419+00,2026-06-12 23:33:09.301419+00,,"{""fa"":""يزد""}",74,يزد,1
26,2026-06-12 23:33:09.301419+00,2026-06-12 23:33:09.301419+00,,"{""fa"":""گلستان""}",75,گلستان,1
27,2026-06-12 23:33:09.301419+00,2026-06-12 23:33:09.301419+00,,"{""fa"":""سمنان""}",76,سمنان,1
28,2026-06-12 23:33:09.301419+00,2026-06-12 23:33:09.301419+00,,"{""fa"":""چهار محال و بختياري""}",77,چهار محال و بختياري,1
29,2026-06-12 23:33:09.301419+00,2026-06-12 23:33:09.301419+00,,"{""fa"":""زنجان""}",78,زنجان,1
30,2026-06-12 23:33:09.301419+00,2026-06-12 23:33:09.301419+00,,"{""fa"":""ايلام""}",79,ايلام,1
31,2026-06-12 23:33:09.301419+00,2026-06-12 23:33:09.301419+00,,"{""fa"":""تهران""}",5101,تهران,1
32,2026-06-12 23:33:09.301419+00,2026-06-12 23:33:09.301419+00,,"{""fa"":""مشهد""}",5201,مشهد,1
33,2026-06-12 23:33:09.301419+00,2026-06-12 23:33:09.301419+00,,"{""fa"":""سربيشه""}",5210,سربيشه,1
34,2026-06-12 23:33:09.301419+00,2026-06-12 23:33:09.301419+00,,"{""fa"":""سنگان""}",5211,سنگان,1
35,2026-06-12 23:33:09.301419+00,2026-06-12 23:33:09.301419+00,,"{""fa"":""شانديز""}",5212,شانديز,1
36,2026-06-12 23:33:09.301419+00,2026-06-12 23:33:09.301419+00,,"{""fa"":""صالح آباد""}",5213,صالح آباد,1
37,2026-06-12 23:33:09.301419+00,2026-06-12 23:33:09.301419+00,,"{""fa"":""طرقبه""}",5214,طرقبه,1
38,2026-06-12 23:33:09.301419+00,2026-06-12 23:33:09.301419+00,,"{""fa"":""فاروج""}",5215,فاروج,1
39,2026-06-12 23:33:09.301419+00,2026-06-12 23:33:09.301419+00,,"{""fa"":""فيض آباد""}",5216,فيض آباد,1
40,2026-06-12 23:33:09.301419+00,2026-06-12 23:33:09.301419+00,,"{""fa"":""كاخك""}",5217,كاخك,1
41,2026-06-12 23:33:09.301419+00,2026-06-12 23:33:09.301419+00,,"{""fa"":""كلات""}",5218,كلات,1
42,2026-06-12 23:33:09.301419+00,2026-06-12 23:33:09.301419+00,,"{""fa"":""گرمه""}",5219,گرمه,1
43,2026-06-12 23:33:09.301419+00,2026-06-12 23:33:09.301419+00,,"{""fa"":""لطف آباد""}",5220,لطف آباد,1
44,2026-06-12 23:33:09.301419+00,2026-06-12 23:33:09.301419+00,,"{""fa"":""نوخندان""}",5221,نوخندان,1
45,2026-06-12 23:33:09.301419+00,2026-06-12 23:33:09.301419+00,,"{""fa"":""سبزوار""}",5252,سبزوار,1
46,2026-06-12 23:33:09.301419+00,2026-06-12 23:33:09.301419+00,,"{""fa"":""گناباد""}",5253,گناباد,1
47,2026-06-12 23:33:09.301419+00,2026-06-12 23:33:09.301419+00,,"{""fa"":""تايباد""}",5254,تايباد,1
48,2026-06-12 23:33:09.301419+00,2026-06-12 23:33:09.301419+00,,"{""fa"":""تربت جام""}",5255,تربت جام,1
49,2026-06-12 23:33:09.301419+00,2026-06-12 23:33:09.301419+00,,"{""fa"":""درگز""}",5256,درگز,1
50,2026-06-12 23:33:09.301419+00,2026-06-12 23:33:09.301419+00,,"{""fa"":""بجنورد""}",5257,بجنورد,1
51,2026-06-12 23:33:09.301419+00,2026-06-12 23:33:09.301419+00,,"{""fa"":""بيرجند""}",5258,بيرجند,1
52,2026-06-12 23:33:09.301419+00,2026-06-12 23:33:09.301419+00,,"{""fa"":""راز و جرگلان""}",5259,راز و جرگلان,1
53,2026-06-12 23:33:09.301419+00,2026-06-12 23:33:09.301419+00,,"{""fa"":""نيشابور""}",5260,نيشابور,1
54,2026-06-12 23:33:09.301419+00,2026-06-12 23:33:09.301419+00,,"{""fa"":""تربت حيدريه""}",5261,تربت حيدريه,1
55,2026-06-12 23:33:09.301419+00,2026-06-12 23:33:09.301419+00,,"{""fa"":""سرخس""}",5262,سرخس,1
56,2026-06-12 23:33:09.301419+00,2026-06-12 23:33:09.301419+00,,"{""fa"":""كاشمر""}",5263,كاشمر,1
57,2026-06-12 23:33:09.301419+00,2026-06-12 23:33:09.301419+00,,"{""fa"":""قوچان""}",5264,قوچان,1
58,2026-06-12 23:33:09.301419+00,2026-06-12 23:33:09.301419+00,,"{""fa"":""مانه و سملقان""}",5265,مانه و سملقان,1
59,2026-06-12 23:33:09.301419+00,2026-06-12 23:33:09.301419+00,,"{""fa"":""چناران""}",5266,چناران,1
60,2026-06-12 23:33:09.301419+00,2026-06-12 23:33:09.301419+00,,"{""fa"":""فردوس""}",5267,فردوس,1
61,2026-06-12 23:33:09.301419+00,2026-06-12 23:33:09.301419+00,,"{""fa"":""نهبندان""}",5268,نهبندان,1
62,2026-06-12 23:33:09.301419+00,2026-06-12 23:33:09.301419+00,,"{""fa"":""قاين""}",5269,قاين,1
63,2026-06-12 23:33:09.301419+00,2026-06-12 23:33:09.301419+00,,"{""fa"":""خواف""}",5270,خواف,1
64,2026-06-12 23:33:09.301419+00,2026-06-12 23:33:09.301419+00,,"{""fa"":""شيروان""}",5271,شيروان,1
65,2026-06-12 23:33:09.301419+00,2026-06-12 23:33:09.301419+00,,"{""fa"":""فريمان""}",5272,فريمان,1
66,2026-06-12 23:33:09.301419+00,2026-06-12 23:33:09.301419+00,,"{""fa"":""اسفراين""}",5273,اسفراين,1
67,2026-06-12 23:33:09.301419+00,2026-06-12 23:33:09.301419+00,,"{""fa"":""بردسكن""}",5274,بردسكن,1
68,2026-06-12 23:33:09.301419+00,2026-06-12 23:33:09.301419+00,,"{""fa"":""جاجرم""}",5275,جاجرم,1
69,2026-06-12 23:33:09.301419+00,2026-06-12 23:33:09.301419+00,,"{""fa"":""گزيك""}",5281,گزيك,1
70,2026-06-12 23:33:09.301419+00,2026-06-12 23:33:09.301419+00,,"{""fa"":""غلامان""}",5285,غلامان,1
71,2026-06-12 23:33:09.301419+00,2026-06-12 23:33:09.301419+00,,"{""fa"":""اسلاميه""}",5286,اسلاميه,1
72,2026-06-12 23:33:09.301419+00,2026-06-12 23:33:09.301419+00,,"{""fa"":""آشخانه""}",5287,آشخانه,1
73,2026-06-12 23:33:09.301419+00,2026-06-12 23:33:09.301419+00,,"{""fa"":""باجگيران""}",5288,باجگيران,1
74,2026-06-12 23:33:09.301419+00,2026-06-12 23:33:09.301419+00,,"{""fa"":""باخزر""}",5289,باخزر,1
75,2026-06-12 23:33:09.301419+00,2026-06-12 23:33:09.301419+00,,"{""fa"":""بجستان""}",5290,بجستان,1
76,2026-06-12 23:33:09.301419+00,2026-06-12 23:33:09.301419+00,,"{""fa"":""بشرويه""}",5291,بشرويه,1
77,2026-06-12 23:33:09.301419+00,2026-06-12 23:33:09.301419+00,,"{""fa"":""بيدخت""}",5292,بيدخت,1
78,2026-06-12 23:33:09.301419+00,2026-06-12 23:33:09.301419+00,,"{""fa"":""جغتاي""}",5293,جغتاي,1
79,2026-06-12 23:33:09.301419+00,2026-06-12 23:33:09.301419+00,,"{""fa"":""خضري دشت بياض""}",5294,خضري دشت بياض,1
80,2026-06-12 23:33:09.301419+00,2026-06-12 23:33:09.301419+00,,"{""fa"":""خليل آباد""}",5295,خليل آباد,1
81,2026-06-12 23:33:09.301419+00,2026-06-12 23:33:09.301419+00,,"{""fa"":""دررود""}",5296,دررود,1
82,2026-06-12 23:33:09.301419+00,2026-06-12 23:33:09.301419+00,,"{""fa"":""دولت آباد""}",5297,دولت آباد,1
83,2026-06-12 23:33:09.301419+00,2026-06-12 23:33:09.301419+00,,"{""fa"":""رشتخوار""}",5298,رشتخوار,1
84,2026-06-12 23:33:09.301419+00,2026-06-12 23:33:09.301419+00,,"{""fa"":""سرايان""}",5299,سرايان,1
85,2026-06-12 23:33:09.301419+00,2026-06-12 23:33:09.301419+00,,"{""fa"":""اصفهان""}",5301,اصفهان,1
86,2026-06-12 23:33:09.301419+00,2026-06-12 23:33:09.301419+00,,"{""fa"":""كوهپايه""}",5310,كوهپايه,1
87,2026-06-12 23:33:09.301419+00,2026-06-12 23:33:09.301419+00,,"{""fa"":""گز""}",5311,گز,1
88,2026-06-12 23:33:09.301419+00,2026-06-12 23:33:09.301419+00,,"{""fa"":""گل آرا""}",5312,گل آرا,1
89,2026-06-12 23:33:09.301419+00,2026-06-12 23:33:09.301419+00,,"{""fa"":""گلدشت""}",5313,گلدشت,1
90,2026-06-12 23:33:09.301419+00,2026-06-12 23:33:09.301419+00,,"{""fa"":""گوگد""}",5314,گوگد,1
91,2026-06-12 23:33:09.301419+00,2026-06-12 23:33:09.301419+00,,"{""fa"":""نيك آباد""}",5315,نيك آباد,1
92,2026-06-12 23:33:09.301419+00,2026-06-12 23:33:09.301419+00,,"{""fa"":""ورزنه""}",5316,ورزنه,1
93,2026-06-12 23:33:09.301419+00,2026-06-12 23:33:09.301419+00,,"{""fa"":""ورنامخواست""}",5317,ورنامخواست,1
94,2026-06-12 23:33:09.301419+00,2026-06-12 23:33:09.301419+00,,"{""fa"":""وزوان""}",5318,وزوان,1
95,2026-06-12 23:33:09.301419+00,2026-06-12 23:33:09.301419+00,,"{""fa"":""هرند""}",5319,هرند,1
96,2026-06-12 23:33:09.301419+00,2026-06-12 23:33:09.301419+00,,"{""fa"":""دستگرد""}",5320,دستگرد,1
97,2026-06-12 23:33:09.301419+00,2026-06-12 23:33:09.301419+00,,"{""fa"":""باغبادران""}",5321,باغبادران,1
98,2026-06-12 23:33:09.301419+00,2026-06-12 23:33:09.301419+00,,"{""fa"":""باغ بهاران""}",5340,باغ بهاران,1
99,2026-06-12 23:33:09.301419+00,2026-06-12 23:33:09.301419+00,,"{""fa"":""كاشان""}",5352,كاشان,1
100,2026-06-12 23:33:09.301419+00,2026-06-12 23:33:09.301419+00,,"{""fa"":""خميني شهر""}",5353,خميني شهر,1
101,2026-06-12 23:33:09.309411+00,2026-06-12 23:33:09.309411+00,,"{""fa"":""نجف آباد""}",5354,نجف آباد,1
102,2026-06-12 23:33:09.309411+00,2026-06-12 23:33:09.309411+00,,"{""fa"":""برخوار وميمه""}",5355,برخوار وميمه,1
103,2026-06-12 23:33:09.309411+00,2026-06-12 23:33:09.309411+00,,"{""fa"":""شهرضا""}",5356,شهرضا,1
104,2026-06-12 23:33:09.309411+00,2026-06-12 23:33:09.309411+00,,"{""fa"":""فريدن""}",5357,فريدن,1
105,2026-06-12 23:33:09.309411+00,2026-06-12 23:33:09.309411+00,,"{""fa"":""فريدون شهر""}",5358,فريدون شهر,1
106,2026-06-12 23:33:09.309411+00,2026-06-12 23:33:09.309411+00,,"{""fa"":""گلپايگان""}",5359,گلپايگان,1
107,2026-06-12 23:33:09.309411+00,2026-06-12 23:33:09.309411+00,,"{""fa"":""لنجان""}",5360,لنجان,1
108,2026-06-12 23:33:09.309411+00,2026-06-12 23:33:09.309411+00,,"{""fa"":""نائين""}",5361,نائين,1
109,2026-06-12 23:33:09.309411+00,2026-06-12 23:33:09.309411+00,,"{""fa"":""اردستان""}",5362,اردستان,1
110,2026-06-12 23:33:09.309411+00,2026-06-12 23:33:09.309411+00,,"{""fa"":""خوانسار""}",5363,خوانسار,1
111,2026-06-12 23:33:09.309411+00,2026-06-12 23:33:09.309411+00,,"{""fa"":""سميرم""}",5364,سميرم,1
112,2026-06-12 23:33:09.309411+00,2026-06-12 23:33:09.309411+00,,"{""fa"":""فلاورجان""}",5365,فلاورجان,1
113,2026-06-12 23:33:09.309411+00,2026-06-12 23:33:09.309411+00,,"{""fa"":""مباركه""}",5366,مباركه,1
114,2026-06-12 23:33:09.309411+00,2026-06-12 23:33:09.309411+00,,"{""fa"":""نطنز""}",5367,نطنز,1
115,2026-06-12 23:33:09.309411+00,2026-06-12 23:33:09.309411+00,,"{""fa"":""آران و بيدگل""}",5368,آران و بيدگل,1
116,2026-06-12 23:33:09.309411+00,2026-06-12 23:33:09.309411+00,,"{""fa"":""تيران و كرون""}",5369,تيران و كرون,1
117,2026-06-12 23:33:09.309411+00,2026-06-12 23:33:09.309411+00,,"{""fa"":""زرين شهر""}",5370,زرين شهر,1
118,2026-06-12 23:33:09.309411+00,2026-06-12 23:33:09.309411+00,,"{""fa"":""شاهين شهر""}",5371,شاهين شهر,1
119,2026-06-12 23:33:09.309411+00,2026-06-12 23:33:09.309411+00,,"{""fa"":""ميمه""}",5373,ميمه,1
120,2026-06-12 23:33:09.309411+00,2026-06-12 23:33:09.309411+00,,"{""fa"":""انارك""}",5374,انارك,1
121,2026-06-12 23:33:09.309411+00,2026-06-12 23:33:09.309411+00,,"{""fa"":""بادرود""}",5375,بادرود,1
122,2026-06-12 23:33:09.309411+00,2026-06-12 23:33:09.309411+00,,"{""fa"":""باغ بهادران""}",5376,باغ بهادران,1
123,2026-06-12 23:33:09.309411+00,2026-06-12 23:33:09.309411+00,,"{""fa"":""بوئين و مياندشت""}",5377,بوئين و مياندشت,1
124,2026-06-12 23:33:09.309411+00,2026-06-12 23:33:09.309411+00,,"{""fa"":""چادگان""}",5378,چادگان,1
125,2026-06-12 23:33:09.309411+00,2026-06-12 23:33:09.309411+00,,"{""fa"":""چرمهين""}",5379,چرمهين,1
126,2026-06-12 23:33:09.309411+00,2026-06-12 23:33:09.309411+00,,"{""fa"":""چمگردان""}",5380,چمگردان,1
127,2026-06-12 23:33:09.309411+00,2026-06-12 23:33:09.309411+00,,"{""fa"":""حبيب آباد""}",5381,حبيب آباد,1
128,2026-06-12 23:33:09.309411+00,2026-06-12 23:33:09.309411+00,,"{""fa"":""خور""}",5382,خور,1
129,2026-06-12 23:33:09.309411+00,2026-06-12 23:33:09.309411+00,,"{""fa"":""خوراسگان""}",5383,خوراسگان,1
130,2026-06-12 23:33:09.309411+00,2026-06-12 23:33:09.309411+00,,"{""fa"":""خورزوق""}",5384,خورزوق,1
131,2026-06-12 23:33:09.309411+00,2026-06-12 23:33:09.309411+00,,"{""fa"":""داران""}",5385,داران,1
132,2026-06-12 23:33:09.309411+00,2026-06-12 23:33:09.309411+00,,"{""fa"":""درچه پياز""}",5386,درچه پياز,1
133,2026-06-12 23:33:09.309411+00,2026-06-12 23:33:09.309411+00,,"{""fa"":""دولت آباد""}",5387,دولت آباد,1
134,2026-06-12 23:33:09.309411+00,2026-06-12 23:33:09.309411+00,,"{""fa"":""دهاقان""}",5388,دهاقان,1
135,2026-06-12 23:33:09.309411+00,2026-06-12 23:33:09.309411+00,,"{""fa"":""دهق""}",5389,دهق,1
136,2026-06-12 23:33:09.309411+00,2026-06-12 23:33:09.309411+00,,"{""fa"":""ديزيچه""}",5390,ديزيچه,1
137,2026-06-12 23:33:09.309411+00,2026-06-12 23:33:09.309411+00,,"{""fa"":""رهنان""}",5391,رهنان,1
138,2026-06-12 23:33:09.309411+00,2026-06-12 23:33:09.309411+00,,"{""fa"":""زواره""}",5392,زواره,1
139,2026-06-12 23:33:09.309411+00,2026-06-12 23:33:09.309411+00,,"{""fa"":""سده لنجان""}",5393,سده لنجان,1
140,2026-06-12 23:33:09.309411+00,2026-06-12 23:33:09.309411+00,,"{""fa"":""علويچه""}",5394,علويچه,1
141,2026-06-12 23:33:09.309411+00,2026-06-12 23:33:09.309411+00,,"{""fa"":""فولادشهر""}",5395,فولادشهر,1
142,2026-06-12 23:33:09.309411+00,2026-06-12 23:33:09.309411+00,,"{""fa"":""قمصر""}",5396,قمصر,1
143,2026-06-12 23:33:09.309411+00,2026-06-12 23:33:09.309411+00,,"{""fa"":""قهدريجان""}",5397,قهدريجان,1
144,2026-06-12 23:33:09.309411+00,2026-06-12 23:33:09.309411+00,,"{""fa"":""كليشادوسودرجان""}",5398,كليشادوسودرجان,1
145,2026-06-12 23:33:09.309411+00,2026-06-12 23:33:09.309411+00,,"{""fa"":""كوشك""}",5399,كوشك,1
146,2026-06-12 23:33:09.309411+00,2026-06-12 23:33:09.309411+00,,"{""fa"":""تبريز""}",5401,تبريز,1
147,2026-06-12 23:33:09.309411+00,2026-06-12 23:33:09.309411+00,,"{""fa"":""مرند""}",5452,مرند,1
148,2026-06-12 23:33:09.309411+00,2026-06-12 23:33:09.309411+00,,"{""fa"":""جلفا""}",5453,جلفا,1
149,2026-06-12 23:33:09.309411+00,2026-06-12 23:33:09.309411+00,,"{""fa"":""ميانه""}",5454,ميانه,1
150,2026-06-12 23:33:09.309411+00,2026-06-12 23:33:09.309411+00,,"{""fa"":""كليبر""}",5455,كليبر,1
151,2026-06-12 23:33:09.309411+00,2026-06-12 23:33:09.309411+00,,"{""fa"":""مراغه""}",5456,مراغه,1
152,2026-06-12 23:33:09.309411+00,2026-06-12 23:33:09.309411+00,,"{""fa"":""اهر""}",5457,اهر,1
153,2026-06-12 23:33:09.309411+00,2026-06-12 23:33:09.309411+00,,"{""fa"":""هشترود""}",5458,هشترود,1
154,2026-06-12 23:33:09.309411+00,2026-06-12 23:33:09.309411+00,,"{""fa"":""سراب""}",5459,سراب,1
155,2026-06-12 23:33:09.309411+00,2026-06-12 23:33:09.309411+00,,"{""fa"":""بستان آباد""}",5460,بستان آباد,1
156,2026-06-12 23:33:09.309411+00,2026-06-12 23:33:09.309411+00,,"{""fa"":""شبستر""}",5461,شبستر,1
157,2026-06-12 23:33:09.309411+00,2026-06-12 23:33:09.309411+00,,"{""fa"":""بناب""}",5462,بناب,1
158,2026-06-12 23:33:09.309411+00,2026-06-12 23:33:09.309411+00,,"{""fa"":""هريس""}",5463,هريس,1
159,2026-06-12 23:33:09.309411+00,2026-06-12 23:33:09.309411+00,,"{""fa"":""ملكان""}",5464,ملكان,1
160,2026-06-12 23:33:09.309411+00,2026-06-12 23:33:09.309411+00,,"{""fa"":""آذر شهر""}",5465,آذر شهر,1
161,2026-06-12 23:33:09.309411+00,2026-06-12 23:33:09.309411+00,,"{""fa"":""چاراويماق""}",5466,چاراويماق,1
162,2026-06-12 23:33:09.309411+00,2026-06-12 23:33:09.309411+00,,"{""fa"":""اسكو""}",5467,اسكو,1
163,2026-06-12 23:33:09.309411+00,2026-06-12 23:33:09.309411+00,,"{""fa"":""عجب شير""}",5468,عجب شير,1
164,2026-06-12 23:33:09.309411+00,2026-06-12 23:33:09.309411+00,,"{""fa"":""ايلخچي""}",5469,ايلخچي,1
165,2026-06-12 23:33:09.309411+00,2026-06-12 23:33:09.309411+00,,"{""fa"":""باسمنج""}",5470,باسمنج,1
166,2026-06-12 23:33:09.309411+00,2026-06-12 23:33:09.309411+00,,"{""fa"":""تركمانچاي""}",5471,تركمانچاي,1
167,2026-06-12 23:33:09.309411+00,2026-06-12 23:33:09.309411+00,,"{""fa"":""خامنه""}",5472,خامنه,1
168,2026-06-12 23:33:09.309411+00,2026-06-12 23:33:09.309411+00,,"{""fa"":""خسروشهر""}",5473,خسروشهر,1
169,2026-06-12 23:33:09.309411+00,2026-06-12 23:33:09.309411+00,,"{""fa"":""زنوز""}",5474,زنوز,1
170,2026-06-12 23:33:09.309411+00,2026-06-12 23:33:09.309411+00,,"{""fa"":""سردرود""}",5475,سردرود,1
171,2026-06-12 23:33:09.309411+00,2026-06-12 23:33:09.309411+00,,"{""fa"":""سيس""}",5476,سيس,1
172,2026-06-12 23:33:09.309411+00,2026-06-12 23:33:09.309411+00,,"{""fa"":""شرفخانه""}",5477,شرفخانه,1
173,2026-06-12 23:33:09.309411+00,2026-06-12 23:33:09.309411+00,,"{""fa"":""شندآباد""}",5478,شندآباد,1
174,2026-06-12 23:33:09.309411+00,2026-06-12 23:33:09.309411+00,,"{""fa"":""صوفيان""}",5479,صوفيان,1
175,2026-06-12 23:33:09.309411+00,2026-06-12 23:33:09.309411+00,,"{""fa"":""طسوج""}",5480,طسوج,1
176,2026-06-12 23:33:09.309411+00,2026-06-12 23:33:09.309411+00,,"{""fa"":""كشكسراي""}",5481,كشكسراي,1
177,2026-06-12 23:33:09.309411+00,2026-06-12 23:33:09.309411+00,,"{""fa"":""گاوگان""}",5482,گاوگان,1
178,2026-06-12 23:33:09.309411+00,2026-06-12 23:33:09.309411+00,,"{""fa"":""ممقان""}",5483,ممقان,1
179,2026-06-12 23:33:09.309411+00,2026-06-12 23:33:09.309411+00,,"{""fa"":""مهربان""}",5484,مهربان,1
180,2026-06-12 23:33:09.309411+00,2026-06-12 23:33:09.309411+00,,"{""fa"":""وايقان""}",5485,وايقان,1
181,2026-06-12 23:33:09.309411+00,2026-06-12 23:33:09.309411+00,,"{""fa"":""ورزقان""}",5486,ورزقان,1
182,2026-06-12 23:33:09.309411+00,2026-06-12 23:33:09.309411+00,,"{""fa"":""هاديشهر""}",5487,هاديشهر,1
183,2026-06-12 23:33:09.309411+00,2026-06-12 23:33:09.309411+00,,"{""fa"":""رزن""}",5488,رزن,1
184,2026-06-12 23:33:09.309411+00,2026-06-12 23:33:09.309411+00,,"{""fa"":""ارسباران""}",5489,ارسباران,1
185,2026-06-12 23:33:09.309411+00,2026-06-12 23:33:09.309411+00,,"{""fa"":""شيراز""}",5501,شيراز,1
186,2026-06-12 23:33:09.309411+00,2026-06-12 23:33:09.309411+00,,"{""fa"":""لار""}",5552,لار,1
187,2026-06-12 23:33:09.309411+00,2026-06-12 23:33:09.309411+00,,"{""fa"":""مرودشت""}",5553,مرودشت,1
188,2026-06-12 23:33:09.309411+00,2026-06-12 23:33:09.309411+00,,"{""fa"":""نور آباد""}",5554,نور آباد,1
189,2026-06-12 23:33:09.309411+00,2026-06-12 23:33:09.309411+00,,"{""fa"":""مهر""}",5555,مهر,1
190,2026-06-12 23:33:09.309411+00,2026-06-12 23:33:09.309411+00,,"{""fa"":""آباده""}",5556,آباده,1
191,2026-06-12 23:33:09.309411+00,2026-06-12 23:33:09.309411+00,,"{""fa"":""جهرم""}",5557,جهرم,1
192,2026-06-12 23:33:09.309411+00,2026-06-12 23:33:09.309411+00,,"{""fa"":""داراب""}",5558,داراب,1
193,2026-06-12 23:33:09.309411+00,2026-06-12 23:33:09.309411+00,,"{""fa"":""فيروزآباد""}",5559,فيروزآباد,1
194,2026-06-12 23:33:09.309411+00,2026-06-12 23:33:09.309411+00,,"{""fa"":""فسا""}",5560,فسا,1
195,2026-06-12 23:33:09.309411+00,2026-06-12 23:33:09.309411+00,,"{""fa"":""كازرون""}",5561,كازرون,1
196,2026-06-12 23:33:09.309411+00,2026-06-12 23:33:09.309411+00,,"{""fa"":""بوانات""}",5562,بوانات,1
197,2026-06-12 23:33:09.309411+00,2026-06-12 23:33:09.309411+00,,"{""fa"":""اقليد""}",5563,اقليد,1
198,2026-06-12 23:33:09.309411+00,2026-06-12 23:33:09.309411+00,,"{""fa"":""سپيدان""}",5564,سپيدان,1
199,2026-06-12 23:33:09.309411+00,2026-06-12 23:33:09.309411+00,,"{""fa"":""لامرد""}",5565,لامرد,1
200,2026-06-12 23:33:09.309411+00,2026-06-12 23:33:09.309411+00,,"{""fa"":""نيريز""}",5566,نيريز,1
201,2026-06-12 23:33:09.315267+00,2026-06-12 23:33:09.315267+00,,"{""fa"":""استهبان""}",5567,استهبان,1
202,2026-06-12 23:33:09.315267+00,2026-06-12 23:33:09.315267+00,,"{""fa"":""قيروكارزين""}",5568,قيروكارزين,1
203,2026-06-12 23:33:09.315267+00,2026-06-12 23:33:09.315267+00,,"{""fa"":""ارسنجان""}",5569,ارسنجان,1
204,2026-06-12 23:33:09.315267+00,2026-06-12 23:33:09.315267+00,,"{""fa"":""خرم بيد""}",5570,خرم بيد,1
205,2026-06-12 23:33:09.315267+00,2026-06-12 23:33:09.315267+00,,"{""fa"":""زرين دشت""}",5571,زرين دشت,1
206,2026-06-12 23:33:09.315267+00,2026-06-12 23:33:09.315267+00,,"{""fa"":""اردكان-سپيدان""}",5572,اردكان-سپيدان,1
207,2026-06-12 23:33:09.315267+00,2026-06-12 23:33:09.315267+00,,"{""fa"":""نورآباد- ممسني""}",5573,نورآباد- ممسني,1
208,2026-06-12 23:33:09.315267+00,2026-06-12 23:33:09.315267+00,,"{""fa"":""اوز""}",5574,اوز,1
209,2026-06-12 23:33:09.315267+00,2026-06-12 23:33:09.315267+00,,"{""fa"":""بنارويه""}",5575,بنارويه,1
210,2026-06-12 23:33:09.315267+00,2026-06-12 23:33:09.315267+00,,"{""fa"":""جويم""}",5576,جويم,1
211,2026-06-12 23:33:09.315267+00,2026-06-12 23:33:09.315267+00,,"{""fa"":""حاجي آباد""}",5577,حاجي آباد,1
212,2026-06-12 23:33:09.315267+00,2026-06-12 23:33:09.315267+00,,"{""fa"":""خاوران""}",5578,خاوران,1
213,2026-06-12 23:33:09.315267+00,2026-06-12 23:33:09.315267+00,,"{""fa"":""خرامه""}",5579,خرامه,1
214,2026-06-12 23:33:09.315267+00,2026-06-12 23:33:09.315267+00,,"{""fa"":""خشت""}",5580,خشت,1
215,2026-06-12 23:33:09.315267+00,2026-06-12 23:33:09.315267+00,,"{""fa"":""خنج""}",5581,خنج,1
216,2026-06-12 23:33:09.315267+00,2026-06-12 23:33:09.315267+00,,"{""fa"":""رونيز""}",5582,رونيز,1
217,2026-06-12 23:33:09.315267+00,2026-06-12 23:33:09.315267+00,,"{""fa"":""زاهدشهر""}",5583,زاهدشهر,1
218,2026-06-12 23:33:09.315267+00,2026-06-12 23:33:09.315267+00,,"{""fa"":""زرقان""}",5584,زرقان,1
219,2026-06-12 23:33:09.315267+00,2026-06-12 23:33:09.315267+00,,"{""fa"":""سروستان""}",5585,سروستان,1
220,2026-06-12 23:33:09.315267+00,2026-06-12 23:33:09.315267+00,,"{""fa"":""سعادت شهر""}",5586,سعادت شهر,1
221,2026-06-12 23:33:09.315267+00,2026-06-12 23:33:09.315267+00,,"{""fa"":""سوريان""}",5587,سوريان,1
222,2026-06-12 23:33:09.315267+00,2026-06-12 23:33:09.315267+00,,"{""fa"":""ششده""}",5588,ششده,1
223,2026-06-12 23:33:09.315267+00,2026-06-12 23:33:09.315267+00,,"{""fa"":""صغاد""}",5589,صغاد,1
224,2026-06-12 23:33:09.315267+00,2026-06-12 23:33:09.315267+00,,"{""fa"":""صفاشهر""}",5590,صفاشهر,1
225,2026-06-12 23:33:09.315267+00,2026-06-12 23:33:09.315267+00,,"{""fa"":""فراشبند""}",5591,فراشبند,1
226,2026-06-12 23:33:09.315267+00,2026-06-12 23:33:09.315267+00,,"{""fa"":""قائميه""}",5592,قائميه,1
227,2026-06-12 23:33:09.315267+00,2026-06-12 23:33:09.315267+00,,"{""fa"":""قادرآباد""}",5593,قادرآباد,1
228,2026-06-12 23:33:09.315267+00,2026-06-12 23:33:09.315267+00,,"{""fa"":""قطب آباد""}",5594,قطب آباد,1
229,2026-06-12 23:33:09.315267+00,2026-06-12 23:33:09.315267+00,,"{""fa"":""كنار تخته""}",5595,كنار تخته,1
230,2026-06-12 23:33:09.315267+00,2026-06-12 23:33:09.315267+00,,"{""fa"":""كوار""}",5596,كوار,1
231,2026-06-12 23:33:09.315267+00,2026-06-12 23:33:09.315267+00,,"{""fa"":""گراش""}",5597,گراش,1
232,2026-06-12 23:33:09.315267+00,2026-06-12 23:33:09.315267+00,,"{""fa"":""ميمند""}",5598,ميمند,1
233,2026-06-12 23:33:09.315267+00,2026-06-12 23:33:09.315267+00,,"{""fa"":""اروميه""}",5601,اروميه,1
234,2026-06-12 23:33:09.315267+00,2026-06-12 23:33:09.315267+00,,"{""fa"":""ماكو""}",5652,ماكو,1
235,2026-06-12 23:33:09.315267+00,2026-06-12 23:33:09.315267+00,,"{""fa"":""سردشت""}",5653,سردشت,1
236,2026-06-12 23:33:09.315267+00,2026-06-12 23:33:09.315267+00,,"{""fa"":""بوكان""}",5655,بوكان,1
237,2026-06-12 23:33:09.315267+00,2026-06-12 23:33:09.315267+00,,"{""fa"":""مهاباد""}",5656,مهاباد,1
238,2026-06-12 23:33:09.315267+00,2026-06-12 23:33:09.315267+00,,"{""fa"":""سلماس""}",5657,سلماس,1
239,2026-06-12 23:33:09.315267+00,2026-06-12 23:33:09.315267+00,,"{""fa"":""پيرانشهر""}",5658,پيرانشهر,1
240,2026-06-12 23:33:09.315267+00,2026-06-12 23:33:09.315267+00,,"{""fa"":""نقده""}",5659,نقده,1
241,2026-06-12 23:33:09.315267+00,2026-06-12 23:33:09.315267+00,,"{""fa"":""پلدشت""}",5660,پلدشت,1
242,2026-06-12 23:33:09.315267+00,2026-06-12 23:33:09.315267+00,,"{""fa"":""مياندوآب""}",5661,مياندوآب,1
243,2026-06-12 23:33:09.315267+00,2026-06-12 23:33:09.315267+00,,"{""fa"":""شاهين دژ""}",5662,شاهين دژ,1
244,2026-06-12 23:33:09.315267+00,2026-06-12 23:33:09.315267+00,,"{""fa"":""تكاب""}",5663,تكاب,1
245,2026-06-12 23:33:09.315267+00,2026-06-12 23:33:09.315267+00,,"{""fa"":""خوي""}",5664,خوي,1
246,2026-06-12 23:33:09.315267+00,2026-06-12 23:33:09.315267+00,,"{""fa"":""چالدران""}",5665,چالدران,1
247,2026-06-12 23:33:09.315267+00,2026-06-12 23:33:09.315267+00,,"{""fa"":""اشنويه""}",5666,اشنويه,1
248,2026-06-12 23:33:09.315267+00,2026-06-12 23:33:09.315267+00,,"{""fa"":""تازه شهر""}",5667,تازه شهر,1
249,2026-06-12 23:33:09.315267+00,2026-06-12 23:33:09.315267+00,,"{""fa"":""سيه چشمه""}",5668,سيه چشمه,1
250,2026-06-12 23:33:09.315267+00,2026-06-12 23:33:09.315267+00,,"{""fa"":""شوط""}",5669,شوط,1
251,2026-06-12 23:33:09.315267+00,2026-06-12 23:33:09.315267+00,,"{""fa"":""فيرورق""}",5670,فيرورق,1
252,2026-06-12 23:33:09.315267+00,2026-06-12 23:33:09.315267+00,,"{""fa"":""قره ضياءالدين""}",5671,قره ضياءالدين,1
253,2026-06-12 23:33:09.315267+00,2026-06-12 23:33:09.315267+00,,"{""fa"":""قوشچي""}",5672,قوشچي,1
254,2026-06-12 23:33:09.315267+00,2026-06-12 23:33:09.315267+00,,"{""fa"":""محمديار""}",5673,محمديار,1
255,2026-06-12 23:33:09.315267+00,2026-06-12 23:33:09.315267+00,,"{""fa"":""نوشين""}",5674,نوشين,1
256,2026-06-12 23:33:09.315267+00,2026-06-12 23:33:09.315267+00,,"{""fa"":""اهواز""}",5701,اهواز,1
257,2026-06-12 23:33:09.315267+00,2026-06-12 23:33:09.315267+00,,"{""fa"":""آبادان""}",5752,آبادان,1
258,2026-06-12 23:33:09.315267+00,2026-06-12 23:33:09.315267+00,,"{""fa"":""دشت آزادگان""}",5753,دشت آزادگان,1
259,2026-06-12 23:33:09.315267+00,2026-06-12 23:33:09.315267+00,,"{""fa"":""خرمشهر""}",5754,خرمشهر,1
260,2026-06-12 23:33:09.315267+00,2026-06-12 23:33:09.315267+00,,"{""fa"":""مسجد سليمان""}",5755,مسجد سليمان,1
261,2026-06-12 23:33:09.315267+00,2026-06-12 23:33:09.315267+00,,"{""fa"":""انديمشك""}",5756,انديمشك,1
262,2026-06-12 23:33:09.315267+00,2026-06-12 23:33:09.315267+00,,"{""fa"":""بهبهان""}",5757,بهبهان,1
263,2026-06-12 23:33:09.315267+00,2026-06-12 23:33:09.315267+00,,"{""fa"":""ماه شهر""}",5758,ماه شهر,1
264,2026-06-12 23:33:09.315267+00,2026-06-12 23:33:09.315267+00,,"{""fa"":""دزفول""}",5759,دزفول,1
265,2026-06-12 23:33:09.315267+00,2026-06-12 23:33:09.315267+00,,"{""fa"":""شوشتر""}",5760,شوشتر,1
266,2026-06-12 23:33:09.315267+00,2026-06-12 23:33:09.315267+00,,"{""fa"":""ايذه""}",5761,ايذه,1
267,2026-06-12 23:33:09.315267+00,2026-06-12 23:33:09.315267+00,,"{""fa"":""باغ ملك""}",5762,باغ ملك,1
268,2026-06-12 23:33:09.315267+00,2026-06-12 23:33:09.315267+00,,"{""fa"":""رامهرمز""}",5763,رامهرمز,1
269,2026-06-12 23:33:09.315267+00,2026-06-12 23:33:09.315267+00,,"{""fa"":""شوش""}",5764,شوش,1
270,2026-06-12 23:33:09.315267+00,2026-06-12 23:33:09.315267+00,,"{""fa"":""شادگان""}",5765,شادگان,1
271,2026-06-12 23:33:09.315267+00,2026-06-12 23:33:09.315267+00,,"{""fa"":""اميديه""}",5766,اميديه,1
272,2026-06-12 23:33:09.315267+00,2026-06-12 23:33:09.315267+00,,"{""fa"":""رباط ""}",5767,رباط ,1
273,2026-06-12 23:33:09.315267+00,2026-06-12 23:33:09.315267+00,,"{""fa"":""سوسنگرد""}",5781,سوسنگرد,1
274,2026-06-12 23:33:09.315267+00,2026-06-12 23:33:09.315267+00,,"{""fa"":""خسروآباد""}",5782,خسروآباد,1
275,2026-06-12 23:33:09.315267+00,2026-06-12 23:33:09.315267+00,,"{""fa"":""بندر ماهشهر""}",5783,بندر ماهشهر,1
276,2026-06-12 23:33:09.315267+00,2026-06-12 23:33:09.315267+00,,"{""fa"":""آغا جاري""}",5784,آغا جاري,1
277,2026-06-12 23:33:09.315267+00,2026-06-12 23:33:09.315267+00,,"{""fa"":""اروند كنار""}",5785,اروند كنار,1
278,2026-06-12 23:33:09.315267+00,2026-06-12 23:33:09.315267+00,,"{""fa"":""بستان""}",5786,بستان,1
279,2026-06-12 23:33:09.315267+00,2026-06-12 23:33:09.315267+00,,"{""fa"":""بندر امام خميني""}",5787,بندر امام خميني,1
280,2026-06-12 23:33:09.315267+00,2026-06-12 23:33:09.315267+00,,"{""fa"":""حميديه""}",5788,حميديه,1
281,2026-06-12 23:33:09.315267+00,2026-06-12 23:33:09.315267+00,,"{""fa"":""رامشير""}",5789,رامشير,1
282,2026-06-12 23:33:09.315267+00,2026-06-12 23:33:09.315267+00,,"{""fa"":""گتوند""}",5790,گتوند,1
283,2026-06-12 23:33:09.315267+00,2026-06-12 23:33:09.315267+00,,"{""fa"":""لالي""}",5791,لالي,1
284,2026-06-12 23:33:09.315267+00,2026-06-12 23:33:09.315267+00,,"{""fa"":""ملاثاني""}",5792,ملاثاني,1
285,2026-06-12 23:33:09.315267+00,2026-06-12 23:33:09.315267+00,,"{""fa"":""هفتگل""}",5793,هفتگل,1
286,2026-06-12 23:33:09.315267+00,2026-06-12 23:33:09.315267+00,,"{""fa"":""هنديجان""}",5794,هنديجان,1
287,2026-06-12 23:33:09.315267+00,2026-06-12 23:33:09.315267+00,,"{""fa"":""هويزه""}",5795,هويزه,1
288,2026-06-12 23:33:09.315267+00,2026-06-12 23:33:09.315267+00,,"{""fa"":""كرمانشاه""}",5801,كرمانشاه,1
289,2026-06-12 23:33:09.315267+00,2026-06-12 23:33:09.315267+00,,"{""fa"":""قصر شيرين""}",5852,قصر شيرين,1
290,2026-06-12 23:33:09.315267+00,2026-06-12 23:33:09.315267+00,,"{""fa"":""كنگاور""}",5853,كنگاور,1
291,2026-06-12 23:33:09.315267+00,2026-06-12 23:33:09.315267+00,,"{""fa"":""پاوه""}",5854,پاوه,1
292,2026-06-12 23:33:09.315267+00,2026-06-12 23:33:09.315267+00,,"{""fa"":""جوانرود""}",5855,جوانرود,1
293,2026-06-12 23:33:09.315267+00,2026-06-12 23:33:09.315267+00,,"{""fa"":""سرپل ذهاب""}",5856,سرپل ذهاب,1
294,2026-06-12 23:33:09.315267+00,2026-06-12 23:33:09.315267+00,,"{""fa"":""سومار""}",5857,سومار,1
295,2026-06-12 23:33:09.315267+00,2026-06-12 23:33:09.315267+00,,"{""fa"":""هرسين""}",5858,هرسين,1
296,2026-06-12 23:33:09.315267+00,2026-06-12 23:33:09.315267+00,,"{""fa"":""سنقر""}",5859,سنقر,1
297,2026-06-12 23:33:09.315267+00,2026-06-12 23:33:09.315267+00,,"{""fa"":""گيلان غرب""}",5860,گيلان غرب,1
298,2026-06-12 23:33:09.315267+00,2026-06-12 23:33:09.315267+00,,"{""fa"":""اسلام آباد غرب""}",5861,اسلام آباد غرب,1
299,2026-06-12 23:33:09.315267+00,2026-06-12 23:33:09.315267+00,,"{""fa"":""صحنه""}",5862,صحنه,1
300,2026-06-12 23:33:09.315267+00,2026-06-12 23:33:09.315267+00,,"{""fa"":""باينگان""}",5863,باينگان,1
301,2026-06-12 23:33:09.319952+00,2026-06-12 23:33:09.319952+00,,"{""fa"":""تازه آباد""}",5864,تازه آباد,1
302,2026-06-12 23:33:09.319952+00,2026-06-12 23:33:09.319952+00,,"{""fa"":""روانسر""}",5865,روانسر,1
303,2026-06-12 23:33:09.319952+00,2026-06-12 23:33:09.319952+00,,"{""fa"":""كرند""}",5866,كرند,1
304,2026-06-12 23:33:09.319952+00,2026-06-12 23:33:09.319952+00,,"{""fa"":""نودشه""}",5867,نودشه,1
305,2026-06-12 23:33:09.319952+00,2026-06-12 23:33:09.319952+00,,"{""fa"":""نوسود""}",5868,نوسود,1
306,2026-06-12 23:33:09.319952+00,2026-06-12 23:33:09.319952+00,,"{""fa"":""زاهدان""}",5901,زاهدان,1
307,2026-06-12 23:33:09.319952+00,2026-06-12 23:33:09.319952+00,,"{""fa"":""زابل""}",5952,زابل,1
308,2026-06-12 23:33:09.319952+00,2026-06-12 23:33:09.319952+00,,"{""fa"":""ايرانشهر""}",5953,ايرانشهر,1
309,2026-06-12 23:33:09.319952+00,2026-06-12 23:33:09.319952+00,,"{""fa"":""سراوان""}",5954,سراوان,1
310,2026-06-12 23:33:09.319952+00,2026-06-12 23:33:09.319952+00,,"{""fa"":""چابهار""}",5955,چابهار,1
311,2026-06-12 23:33:09.319952+00,2026-06-12 23:33:09.319952+00,,"{""fa"":""ميرجاوه""}",5956,ميرجاوه,1
312,2026-06-12 23:33:09.319952+00,2026-06-12 23:33:09.319952+00,,"{""fa"":""نيك شهر""}",5957,نيك شهر,1
313,2026-06-12 23:33:09.319952+00,2026-06-12 23:33:09.319952+00,,"{""fa"":""خاش""}",5958,خاش,1
314,2026-06-12 23:33:09.319952+00,2026-06-12 23:33:09.319952+00,,"{""fa"":""نگور""}",5982,نگور,1
315,2026-06-12 23:33:09.319952+00,2026-06-12 23:33:09.319952+00,,"{""fa"":""جكي گور""}",5983,جكي گور,1
316,2026-06-12 23:33:09.319952+00,2026-06-12 23:33:09.319952+00,,"{""fa"":""بمپور""}",5984,بمپور,1
317,2026-06-12 23:33:09.319952+00,2026-06-12 23:33:09.319952+00,,"{""fa"":""جالق""}",5985,جالق,1
318,2026-06-12 23:33:09.319952+00,2026-06-12 23:33:09.319952+00,,"{""fa"":""زهك""}",5986,زهك,1
319,2026-06-12 23:33:09.319952+00,2026-06-12 23:33:09.319952+00,,"{""fa"":""سوران""}",5987,سوران,1
320,2026-06-12 23:33:09.319952+00,2026-06-12 23:33:09.319952+00,,"{""fa"":""فنوج""}",5988,فنوج,1
321,2026-06-12 23:33:09.319952+00,2026-06-12 23:33:09.319952+00,,"{""fa"":""قصرقند""}",5989,قصرقند,1
322,2026-06-12 23:33:09.319952+00,2026-06-12 23:33:09.319952+00,,"{""fa"":""كنارك""}",5990,كنارك,1
323,2026-06-12 23:33:09.319952+00,2026-06-12 23:33:09.319952+00,,"{""fa"":""كرج""}",6001,كرج,1
324,2026-06-12 23:33:09.319952+00,2026-06-12 23:33:09.319952+00,,"{""fa"":""شهريار""}",6052,شهريار,1
325,2026-06-12 23:33:09.319952+00,2026-06-12 23:33:09.319952+00,,"{""fa"":""اسلام شهر""}",6053,اسلام شهر,1
326,2026-06-12 23:33:09.319952+00,2026-06-12 23:33:09.319952+00,,"{""fa"":""رباط كريم""}",6054,رباط كريم,1
327,2026-06-12 23:33:09.319952+00,2026-06-12 23:33:09.319952+00,,"{""fa"":""ساوجبلاغ""}",6055,ساوجبلاغ,1
328,2026-06-12 23:33:09.319952+00,2026-06-12 23:33:09.319952+00,,"{""fa"":""ورامين""}",6056,ورامين,1
329,2026-06-12 23:33:09.319952+00,2026-06-12 23:33:09.319952+00,,"{""fa"":""دماوند""}",6057,دماوند,1
330,2026-06-12 23:33:09.319952+00,2026-06-12 23:33:09.319952+00,,"{""fa"":""فيروزكوه""}",6058,فيروزكوه,1
331,2026-06-12 23:33:09.319952+00,2026-06-12 23:33:09.319952+00,,"{""fa"":""پاكدشت""}",6059,پاكدشت,1
332,2026-06-12 23:33:09.319952+00,2026-06-12 23:33:09.319952+00,,"{""fa"":""شهرري""}",6060,شهرري,1
333,2026-06-12 23:33:09.319952+00,2026-06-12 23:33:09.319952+00,,"{""fa"":""هشتگرد""}",6061,هشتگرد,1
334,2026-06-12 23:33:09.319952+00,2026-06-12 23:33:09.319952+00,,"{""fa"":""اشتهارد""}",6062,اشتهارد,1
335,2026-06-12 23:33:09.319952+00,2026-06-12 23:33:09.319952+00,,"{""fa"":""پيشوا""}",6063,پيشوا,1
336,2026-06-12 23:33:09.319952+00,2026-06-12 23:33:09.319952+00,,"{""fa"":""تجريش""}",6064,تجريش,1
337,2026-06-12 23:33:09.319952+00,2026-06-12 23:33:09.319952+00,,"{""fa"":""حسن آباد""}",6065,حسن آباد,1
338,2026-06-12 23:33:09.319952+00,2026-06-12 23:33:09.319952+00,,"{""fa"":""رودهن""}",6066,رودهن,1
339,2026-06-12 23:33:09.319952+00,2026-06-12 23:33:09.319952+00,,"{""fa"":""فشم""}",6067,فشم,1
340,2026-06-12 23:33:09.319952+00,2026-06-12 23:33:09.319952+00,,"{""fa"":""قدس""}",6068,قدس,1
341,2026-06-12 23:33:09.319952+00,2026-06-12 23:33:09.319952+00,,"{""fa"":""قرچك""}",6069,قرچك,1
342,2026-06-12 23:33:09.319952+00,2026-06-12 23:33:09.319952+00,,"{""fa"":""كيلان""}",6070,كيلان,1
343,2026-06-12 23:33:09.319952+00,2026-06-12 23:33:09.319952+00,,"{""fa"":""لواسان""}",6071,لواسان,1
344,2026-06-12 23:33:09.319952+00,2026-06-12 23:33:09.319952+00,,"{""fa"":""ماهدشت""}",6072,ماهدشت,1
345,2026-06-12 23:33:09.319952+00,2026-06-12 23:33:09.319952+00,,"{""fa"":""نظرآباد""}",6073,نظرآباد,1
346,2026-06-12 23:33:09.319952+00,2026-06-12 23:33:09.319952+00,,"{""fa"":""اسفرورين""}",6074,اسفرورين,1
347,2026-06-12 23:33:09.319952+00,2026-06-12 23:33:09.319952+00,,"{""fa"":""اقباليه""}",6075,اقباليه,1
348,2026-06-12 23:33:09.319952+00,2026-06-12 23:33:09.319952+00,,"{""fa"":""الوند""}",6076,الوند,1
349,2026-06-12 23:33:09.319952+00,2026-06-12 23:33:09.319952+00,,"{""fa"":""آوج""}",6077,آوج,1
350,2026-06-12 23:33:09.319952+00,2026-06-12 23:33:09.319952+00,,"{""fa"":""شال""}",6078,شال,1
351,2026-06-12 23:33:09.319952+00,2026-06-12 23:33:09.319952+00,,"{""fa"":""دستگرد""}",6079,دستگرد,1
352,2026-06-12 23:33:09.319952+00,2026-06-12 23:33:09.319952+00,,"{""fa"":""شميران""}",6080,شميران,1
353,2026-06-12 23:33:09.319952+00,2026-06-12 23:33:09.319952+00,,"{""fa"":""كن""}",6081,كن,1
354,2026-06-12 23:33:09.319952+00,2026-06-12 23:33:09.319952+00,,"{""fa"":""قلهك""}",6082,قلهك,1
355,2026-06-12 23:33:09.319952+00,2026-06-12 23:33:09.319952+00,,"{""fa"":""سولقان""}",6083,سولقان,1
356,2026-06-12 23:33:09.319952+00,2026-06-12 23:33:09.319952+00,,"{""fa"":""دربند""}",6084,دربند,1
357,2026-06-12 23:33:09.319952+00,2026-06-12 23:33:09.319952+00,,"{""fa"":""طالقان""}",6085,طالقان,1
358,2026-06-12 23:33:09.319952+00,2026-06-12 23:33:09.319952+00,,"{""fa"":""سنندج""}",6101,سنندج,1
359,2026-06-12 23:33:09.319952+00,2026-06-12 23:33:09.319952+00,,"{""fa"":""مريوان""}",6152,مريوان,1
360,2026-06-12 23:33:09.319952+00,2026-06-12 23:33:09.319952+00,,"{""fa"":""كامياران""}",6153,كامياران,1
361,2026-06-12 23:33:09.319952+00,2026-06-12 23:33:09.319952+00,,"{""fa"":""بانه""}",6154,بانه,1
362,2026-06-12 23:33:09.319952+00,2026-06-12 23:33:09.319952+00,,"{""fa"":""سقز""}",6155,سقز,1
363,2026-06-12 23:33:09.319952+00,2026-06-12 23:33:09.319952+00,,"{""fa"":""بيجار""}",6156,بيجار,1
364,2026-06-12 23:33:09.319952+00,2026-06-12 23:33:09.319952+00,,"{""fa"":""قروه""}",6157,قروه,1
365,2026-06-12 23:33:09.319952+00,2026-06-12 23:33:09.319952+00,,"{""fa"":""ديواندره""}",6158,ديواندره,1
366,2026-06-12 23:33:09.319952+00,2026-06-12 23:33:09.319952+00,,"{""fa"":""بسطام""}",6182,بسطام,1
367,2026-06-12 23:33:09.319952+00,2026-06-12 23:33:09.319952+00,,"{""fa"":""حسن آباد ياسكوند""}",6183,حسن آباد ياسكوند,1
368,2026-06-12 23:33:09.319952+00,2026-06-12 23:33:09.319952+00,,"{""fa"":""دهگلان""}",6184,دهگلان,1
369,2026-06-12 23:33:09.319952+00,2026-06-12 23:33:09.319952+00,,"{""fa"":""سريش آباد""}",6185,سريش آباد,1
370,2026-06-12 23:33:09.319952+00,2026-06-12 23:33:09.319952+00,,"{""fa"":""خسروآباد سنقر""}",6186,خسروآباد سنقر,1
371,2026-06-12 23:33:09.319952+00,2026-06-12 23:33:09.319952+00,,"{""fa"":""بندرعباس""}",6201,بندرعباس,1
372,2026-06-12 23:33:09.319952+00,2026-06-12 23:33:09.319952+00,,"{""fa"":""بندر لنگه""}",6252,بندر لنگه,1
373,2026-06-12 23:33:09.319952+00,2026-06-12 23:33:09.319952+00,,"{""fa"":""ميناب""}",6253,ميناب,1
374,2026-06-12 23:33:09.319952+00,2026-06-12 23:33:09.319952+00,,"{""fa"":""جاسك""}",6254,جاسك,1
375,2026-06-12 23:33:09.319952+00,2026-06-12 23:33:09.319952+00,,"{""fa"":""قشم""}",6255,قشم,1
376,2026-06-12 23:33:09.319952+00,2026-06-12 23:33:09.319952+00,,"{""fa"":""رودان""}",6256,رودان,1
377,2026-06-12 23:33:09.319952+00,2026-06-12 23:33:09.319952+00,,"{""fa"":""ابوموسي""}",6257,ابوموسي,1
378,2026-06-12 23:33:09.319952+00,2026-06-12 23:33:09.319952+00,,"{""fa"":""حاجي آباد""}",6258,حاجي آباد,1
379,2026-06-12 23:33:09.319952+00,2026-06-12 23:33:09.319952+00,,"{""fa"":""بستك""}",6259,بستك,1
380,2026-06-12 23:33:09.319952+00,2026-06-12 23:33:09.319952+00,,"{""fa"":""كيش""}",6286,كيش,1
381,2026-06-12 23:33:09.319952+00,2026-06-12 23:33:09.319952+00,,"{""fa"":""بندر جاسك""}",6287,بندر جاسك,1
382,2026-06-12 23:33:09.319952+00,2026-06-12 23:33:09.319952+00,,"{""fa"":""بندر خمير""}",6288,بندر خمير,1
383,2026-06-12 23:33:09.319952+00,2026-06-12 23:33:09.319952+00,,"{""fa"":""دهبارز""}",6289,دهبارز,1
384,2026-06-12 23:33:09.319952+00,2026-06-12 23:33:09.319952+00,,"{""fa"":""كنگ""}",6290,كنگ,1
385,2026-06-12 23:33:09.319952+00,2026-06-12 23:33:09.319952+00,,"{""fa"":""پارسيان""}",6291,پارسيان,1
386,2026-06-12 23:33:09.319952+00,2026-06-12 23:33:09.319952+00,,"{""fa"":""هرمز""}",6292,هرمز,1
387,2026-06-12 23:33:09.319952+00,2026-06-12 23:33:09.319952+00,,"{""fa"":""ساري""}",6301,ساري,1
388,2026-06-12 23:33:09.319952+00,2026-06-12 23:33:09.319952+00,,"{""fa"":""كياكلا""}",6310,كياكلا,1
389,2026-06-12 23:33:09.319952+00,2026-06-12 23:33:09.319952+00,,"{""fa"":""گاليكش""}",6311,گاليكش,1
390,2026-06-12 23:33:09.319952+00,2026-06-12 23:33:09.319952+00,,"{""fa"":""گلوگاه""}",6312,گلوگاه,1
391,2026-06-12 23:33:09.319952+00,2026-06-12 23:33:09.319952+00,,"{""fa"":""گميش تپه""}",6313,گميش تپه,1
392,2026-06-12 23:33:09.319952+00,2026-06-12 23:33:09.319952+00,,"{""fa"":""مرزن آباد""}",6314,مرزن آباد,1
393,2026-06-12 23:33:09.319952+00,2026-06-12 23:33:09.319952+00,,"{""fa"":""نشتارود""}",6315,نشتارود,1
394,2026-06-12 23:33:09.319952+00,2026-06-12 23:33:09.319952+00,,"{""fa"":""نوكنده""}",6316,نوكنده,1
395,2026-06-12 23:33:09.319952+00,2026-06-12 23:33:09.319952+00,,"{""fa"":""بابل""}",6352,بابل,1
396,2026-06-12 23:33:09.319952+00,2026-06-12 23:33:09.319952+00,,"{""fa"":""آمل""}",6353,آمل,1
397,2026-06-12 23:33:09.319952+00,2026-06-12 23:33:09.319952+00,,"{""fa"":""قائم شهر""}",6354,قائم شهر,1
398,2026-06-12 23:33:09.319952+00,2026-06-12 23:33:09.319952+00,,"{""fa"":""نوشهر""}",6355,نوشهر,1
399,2026-06-12 23:33:09.319952+00,2026-06-12 23:33:09.319952+00,,"{""fa"":""تنكابن""}",6356,تنكابن,1
400,2026-06-12 23:33:09.319952+00,2026-06-12 23:33:09.319952+00,,"{""fa"":""بهشهر""}",6357,بهشهر,1
401,2026-06-12 23:33:09.325831+00,2026-06-12 23:33:09.325831+00,,"{""fa"":""سوادكوه""}",6358,سوادكوه,1
402,2026-06-12 23:33:09.325831+00,2026-06-12 23:33:09.325831+00,,"{""fa"":""نور""}",6359,نور,1
403,2026-06-12 23:33:09.325831+00,2026-06-12 23:33:09.325831+00,,"{""fa"":""چالوس""}",6360,چالوس,1
404,2026-06-12 23:33:09.325831+00,2026-06-12 23:33:09.325831+00,,"{""fa"":""نكا""}",6361,نكا,1
405,2026-06-12 23:33:09.325831+00,2026-06-12 23:33:09.325831+00,,"{""fa"":""جويبار""}",6362,جويبار,1
406,2026-06-12 23:33:09.325831+00,2026-06-12 23:33:09.325831+00,,"{""fa"":""رامسر""}",6363,رامسر,1
407,2026-06-12 23:33:09.325831+00,2026-06-12 23:33:09.325831+00,,"{""fa"":""بابلسر""}",6364,بابلسر,1
408,2026-06-12 23:33:09.325831+00,2026-06-12 23:33:09.325831+00,,"{""fa"":""محمودآباد""}",6365,محمودآباد,1
409,2026-06-12 23:33:09.325831+00,2026-06-12 23:33:09.325831+00,,"{""fa"":""اميرآباد""}",6381,اميرآباد,1
410,2026-06-12 23:33:09.325831+00,2026-06-12 23:33:09.325831+00,,"{""fa"":""پل سفيد- سواد كوه""}",6382,پل سفيد- سواد كوه,1
411,2026-06-12 23:33:09.325831+00,2026-06-12 23:33:09.325831+00,,"{""fa"":""آلاشت""}",6383,آلاشت,1
412,2026-06-12 23:33:09.325831+00,2026-06-12 23:33:09.325831+00,,"{""fa"":""اميركلا""}",6384,اميركلا,1
413,2026-06-12 23:33:09.325831+00,2026-06-12 23:33:09.325831+00,,"{""fa"":""چمستان""}",6385,چمستان,1
414,2026-06-12 23:33:09.325831+00,2026-06-12 23:33:09.325831+00,,"{""fa"":""خانببين""}",6386,خانببين,1
415,2026-06-12 23:33:09.325831+00,2026-06-12 23:33:09.325831+00,,"{""fa"":""خرم آباد""}",6387,خرم آباد,1
416,2026-06-12 23:33:09.325831+00,2026-06-12 23:33:09.325831+00,,"{""fa"":""رستمكلا""}",6388,رستمكلا,1
417,2026-06-12 23:33:09.325831+00,2026-06-12 23:33:09.325831+00,,"{""fa"":""رينه""}",6389,رينه,1
418,2026-06-12 23:33:09.325831+00,2026-06-12 23:33:09.325831+00,,"{""fa"":""زيرآب""}",6390,زيرآب,1
419,2026-06-12 23:33:09.325831+00,2026-06-12 23:33:09.325831+00,,"{""fa"":""سلمان شهر""}",6391,سلمان شهر,1
420,2026-06-12 23:33:09.325831+00,2026-06-12 23:33:09.325831+00,,"{""fa"":""شيرگاه""}",6392,شيرگاه,1
421,2026-06-12 23:33:09.325831+00,2026-06-12 23:33:09.325831+00,,"{""fa"":""عباس آباد""}",6393,عباس آباد,1
422,2026-06-12 23:33:09.325831+00,2026-06-12 23:33:09.325831+00,,"{""fa"":""علمده""}",6394,علمده,1
423,2026-06-12 23:33:09.325831+00,2026-06-12 23:33:09.325831+00,,"{""fa"":""فريدون كنار""}",6395,فريدون كنار,1
424,2026-06-12 23:33:09.325831+00,2026-06-12 23:33:09.325831+00,,"{""fa"":""كتالم و سادات محله""}",6396,كتالم و سادات محله,1
425,2026-06-12 23:33:09.325831+00,2026-06-12 23:33:09.325831+00,,"{""fa"":""كلارآباد""}",6397,كلارآباد,1
426,2026-06-12 23:33:09.325831+00,2026-06-12 23:33:09.325831+00,,"{""fa"":""كلاردشت""}",6398,كلاردشت,1
427,2026-06-12 23:33:09.325831+00,2026-06-12 23:33:09.325831+00,,"{""fa"":""كياسر""}",6399,كياسر,1
428,2026-06-12 23:33:09.325831+00,2026-06-12 23:33:09.325831+00,,"{""fa"":""قم""}",6401,قم,1
429,2026-06-12 23:33:09.325831+00,2026-06-12 23:33:09.325831+00,,"{""fa"":""كرمان""}",6501,كرمان,1
430,2026-06-12 23:33:09.325831+00,2026-06-12 23:33:09.325831+00,,"{""fa"":""رفسنجان""}",6552,رفسنجان,1
431,2026-06-12 23:33:09.325831+00,2026-06-12 23:33:09.325831+00,,"{""fa"":""جيرفت""}",6553,جيرفت,1
432,2026-06-12 23:33:09.325831+00,2026-06-12 23:33:09.325831+00,,"{""fa"":""بم""}",6554,بم,1
433,2026-06-12 23:33:09.325831+00,2026-06-12 23:33:09.325831+00,,"{""fa"":""كهنوج""}",6555,كهنوج,1
434,2026-06-12 23:33:09.325831+00,2026-06-12 23:33:09.325831+00,,"{""fa"":""سيرجان""}",6556,سيرجان,1
435,2026-06-12 23:33:09.325831+00,2026-06-12 23:33:09.325831+00,,"{""fa"":""زرند""}",6557,زرند,1
436,2026-06-12 23:33:09.325831+00,2026-06-12 23:33:09.325831+00,,"{""fa"":""بافت""}",6558,بافت,1
437,2026-06-12 23:33:09.325831+00,2026-06-12 23:33:09.325831+00,,"{""fa"":""شهربابك""}",6559,شهربابك,1
438,2026-06-12 23:33:09.325831+00,2026-06-12 23:33:09.325831+00,,"{""fa"":""بردسير""}",6560,بردسير,1
439,2026-06-12 23:33:09.325831+00,2026-06-12 23:33:09.325831+00,,"{""fa"":""راور""}",6561,راور,1
440,2026-06-12 23:33:09.325831+00,2026-06-12 23:33:09.325831+00,,"{""fa"":""انار""}",6562,انار,1
441,2026-06-12 23:33:09.325831+00,2026-06-12 23:33:09.325831+00,,"{""fa"":""براوات""}",6563,براوات,1
442,2026-06-12 23:33:09.325831+00,2026-06-12 23:33:09.325831+00,,"{""fa"":""جوپار""}",6564,جوپار,1
443,2026-06-12 23:33:09.325831+00,2026-06-12 23:33:09.325831+00,,"{""fa"":""چترود""}",6565,چترود,1
444,2026-06-12 23:33:09.325831+00,2026-06-12 23:33:09.325831+00,,"{""fa"":""رابر""}",6566,رابر,1
445,2026-06-12 23:33:09.325831+00,2026-06-12 23:33:09.325831+00,,"{""fa"":""راين""}",6567,راين,1
446,2026-06-12 23:33:09.325831+00,2026-06-12 23:33:09.325831+00,,"{""fa"":""شهداد""}",6568,شهداد,1
447,2026-06-12 23:33:09.325831+00,2026-06-12 23:33:09.325831+00,,"{""fa"":""عنبرآباد""}",6569,عنبرآباد,1
448,2026-06-12 23:33:09.325831+00,2026-06-12 23:33:09.325831+00,,"{""fa"":""قلعه كنج""}",6570,قلعه كنج,1
449,2026-06-12 23:33:09.325831+00,2026-06-12 23:33:09.325831+00,,"{""fa"":""كوهبنان""}",6571,كوهبنان,1
450,2026-06-12 23:33:09.325831+00,2026-06-12 23:33:09.325831+00,,"{""fa"":""كيانشهر""}",6572,كيانشهر,1
451,2026-06-12 23:33:09.325831+00,2026-06-12 23:33:09.325831+00,,"{""fa"":""گلباف""}",6573,گلباف,1
452,2026-06-12 23:33:09.325831+00,2026-06-12 23:33:09.325831+00,,"{""fa"":""ماهان""}",6574,ماهان,1
453,2026-06-12 23:33:09.325831+00,2026-06-12 23:33:09.325831+00,,"{""fa"":""رودبار""}",6575,رودبار,1
454,2026-06-12 23:33:09.325831+00,2026-06-12 23:33:09.325831+00,,"{""fa"":""رشت""}",6601,رشت,1
455,2026-06-12 23:33:09.325831+00,2026-06-12 23:33:09.325831+00,,"{""fa"":""طالش""}",6652,طالش,1
456,2026-06-12 23:33:09.325831+00,2026-06-12 23:33:09.325831+00,,"{""fa"":""لاهيجان""}",6653,لاهيجان,1
457,2026-06-12 23:33:09.325831+00,2026-06-12 23:33:09.325831+00,,"{""fa"":""رودسر""}",6654,رودسر,1
458,2026-06-12 23:33:09.325831+00,2026-06-12 23:33:09.325831+00,,"{""fa"":""آستارا""}",6655,آستارا,1
459,2026-06-12 23:33:09.325831+00,2026-06-12 23:33:09.325831+00,,"{""fa"":""بندر انزلي""}",6656,بندر انزلي,1
460,2026-06-12 23:33:09.325831+00,2026-06-12 23:33:09.325831+00,,"{""fa"":""لنگرود""}",6657,لنگرود,1
461,2026-06-12 23:33:09.325831+00,2026-06-12 23:33:09.325831+00,,"{""fa"":""رودبار""}",6658,رودبار,1
462,2026-06-12 23:33:09.325831+00,2026-06-12 23:33:09.325831+00,,"{""fa"":""فومن""}",6659,فومن,1
463,2026-06-12 23:33:09.325831+00,2026-06-12 23:33:09.325831+00,,"{""fa"":""آستانه اشرفيه""}",6660,آستانه اشرفيه,1
464,2026-06-12 23:33:09.325831+00,2026-06-12 23:33:09.325831+00,,"{""fa"":""صومعه سرا""}",6661,صومعه سرا,1
465,2026-06-12 23:33:09.325831+00,2026-06-12 23:33:09.325831+00,,"{""fa"":""شفت""}",6662,شفت,1
466,2026-06-12 23:33:09.325831+00,2026-06-12 23:33:09.325831+00,,"{""fa"":""سياهكل""}",6663,سياهكل,1
467,2026-06-12 23:33:09.325831+00,2026-06-12 23:33:09.325831+00,,"{""fa"":""املش""}",6664,املش,1
468,2026-06-12 23:33:09.325831+00,2026-06-12 23:33:09.325831+00,,"{""fa"":""رضوانشهر""}",6665,رضوانشهر,1
469,2026-06-12 23:33:09.325831+00,2026-06-12 23:33:09.325831+00,,"{""fa"":""ماسال""}",6666,ماسال,1
470,2026-06-12 23:33:09.325831+00,2026-06-12 23:33:09.325831+00,,"{""fa"":""لوشان""}",6667,لوشان,1
471,2026-06-12 23:33:09.325831+00,2026-06-12 23:33:09.325831+00,,"{""fa"":""ماسوله""}",6668,ماسوله,1
472,2026-06-12 23:33:09.325831+00,2026-06-12 23:33:09.325831+00,,"{""fa"":""مرجقل""}",6669,مرجقل,1
473,2026-06-12 23:33:09.325831+00,2026-06-12 23:33:09.325831+00,,"{""fa"":""منجيل""}",6670,منجيل,1
474,2026-06-12 23:33:09.325831+00,2026-06-12 23:33:09.325831+00,,"{""fa"":""لشت نشاء""}",6671,لشت نشاء,1
475,2026-06-12 23:33:09.325831+00,2026-06-12 23:33:09.325831+00,,"{""fa"":""هشت پر- تالش""}",6672,هشت پر- تالش,1
476,2026-06-12 23:33:09.325831+00,2026-06-12 23:33:09.325831+00,,"{""fa"":""پره سر""}",6674,پره سر,1
477,2026-06-12 23:33:09.325831+00,2026-06-12 23:33:09.325831+00,,"{""fa"":""جيرنده""}",6675,جيرنده,1
478,2026-06-12 23:33:09.325831+00,2026-06-12 23:33:09.325831+00,,"{""fa"":""چابكسر""}",6676,چابكسر,1
479,2026-06-12 23:33:09.325831+00,2026-06-12 23:33:09.325831+00,,"{""fa"":""خشكبيجار""}",6677,خشكبيجار,1
480,2026-06-12 23:33:09.325831+00,2026-06-12 23:33:09.325831+00,,"{""fa"":""خمام""}",6678,خمام,1
481,2026-06-12 23:33:09.325831+00,2026-06-12 23:33:09.325831+00,,"{""fa"":""راجارگاه""}",6679,راجارگاه,1
482,2026-06-12 23:33:09.325831+00,2026-06-12 23:33:09.325831+00,,"{""fa"":""رحيم آباد""}",6680,رحيم آباد,1
483,2026-06-12 23:33:09.325831+00,2026-06-12 23:33:09.325831+00,,"{""fa"":""رستم آباد""}",6681,رستم آباد,1
484,2026-06-12 23:33:09.325831+00,2026-06-12 23:33:09.325831+00,,"{""fa"":""سنگر""}",6682,سنگر,1
485,2026-06-12 23:33:09.325831+00,2026-06-12 23:33:09.325831+00,,"{""fa"":""شلمان""}",6683,شلمان,1
486,2026-06-12 23:33:09.325831+00,2026-06-12 23:33:09.325831+00,,"{""fa"":""كلاچاي""}",6684,كلاچاي,1
487,2026-06-12 23:33:09.325831+00,2026-06-12 23:33:09.325831+00,,"{""fa"":""كوچصفهان""}",6685,كوچصفهان,1
488,2026-06-12 23:33:09.325831+00,2026-06-12 23:33:09.325831+00,,"{""fa"":""كومله""}",6686,كومله,1
489,2026-06-12 23:33:09.325831+00,2026-06-12 23:33:09.325831+00,,"{""fa"":""كياشهر""}",6687,كياشهر,1
490,2026-06-12 23:33:09.325831+00,2026-06-12 23:33:09.325831+00,,"{""fa"":""همدان""}",6701,همدان,1
491,2026-06-12 23:33:09.325831+00,2026-06-12 23:33:09.325831+00,,"{""fa"":""ملاير""}",6752,ملاير,1
492,2026-06-12 23:33:09.325831+00,2026-06-12 23:33:09.325831+00,,"{""fa"":""نهاوند""}",6753,نهاوند,1
493,2026-06-12 23:33:09.325831+00,2026-06-12 23:33:09.325831+00,,"{""fa"":""تويسركان""}",6754,تويسركان,1
494,2026-06-12 23:33:09.325831+00,2026-06-12 23:33:09.325831+00,,"{""fa"":""رزن""}",6755,رزن,1
495,2026-06-12 23:33:09.325831+00,2026-06-12 23:33:09.325831+00,,"{""fa"":""بهار""}",6756,بهار,1
496,2026-06-12 23:33:09.325831+00,2026-06-12 23:33:09.325831+00,,"{""fa"":""كبودرآهنگ""}",6757,كبودرآهنگ,1
497,2026-06-12 23:33:09.325831+00,2026-06-12 23:33:09.325831+00,,"{""fa"":""اسدآباد""}",6758,اسدآباد,1
498,2026-06-12 23:33:09.325831+00,2026-06-12 23:33:09.325831+00,,"{""fa"":""سركان""}",6759,سركان,1
499,2026-06-12 23:33:09.325831+00,2026-06-12 23:33:09.325831+00,,"{""fa"":""فامنين""}",6760,فامنين,1
500,2026-06-12 23:33:09.325831+00,2026-06-12 23:33:09.325831+00,,"{""fa"":""قروه درجزين""}",6761,قروه درجزين,1
501,2026-06-12 23:33:09.331102+00,2026-06-12 23:33:09.331102+00,,"{""fa"":""سامن""}",6762,سامن,1
502,2026-06-12 23:33:09.331102+00,2026-06-12 23:33:09.331102+00,,"{""fa"":""لالجين""}",6763,لالجين,1
503,2026-06-12 23:33:09.331102+00,2026-06-12 23:33:09.331102+00,,"{""fa"":""مريانج""}",6764,مريانج,1
504,2026-06-12 23:33:09.331102+00,2026-06-12 23:33:09.331102+00,,"{""fa"":""بوشهر""}",6801,بوشهر,1
505,2026-06-12 23:33:09.331102+00,2026-06-12 23:33:09.331102+00,,"{""fa"":""گناوه""}",6852,گناوه,1
506,2026-06-12 23:33:09.331102+00,2026-06-12 23:33:09.331102+00,,"{""fa"":""تنگستان""}",6853,تنگستان,1
507,2026-06-12 23:33:09.331102+00,2026-06-12 23:33:09.331102+00,,"{""fa"":""كنگان""}",6854,كنگان,1
508,2026-06-12 23:33:09.331102+00,2026-06-12 23:33:09.331102+00,,"{""fa"":""دشتستان""}",6855,دشتستان,1
509,2026-06-12 23:33:09.331102+00,2026-06-12 23:33:09.331102+00,,"{""fa"":""دشتي""}",6856,دشتي,1
510,2026-06-12 23:33:09.331102+00,2026-06-12 23:33:09.331102+00,,"{""fa"":""دير""}",6857,دير,1
511,2026-06-12 23:33:09.331102+00,2026-06-12 23:33:09.331102+00,,"{""fa"":""ديلم""}",6858,ديلم,1
512,2026-06-12 23:33:09.331102+00,2026-06-12 23:33:09.331102+00,,"{""fa"":""عسلويه""}",6859,عسلويه,1
513,2026-06-12 23:33:09.331102+00,2026-06-12 23:33:09.331102+00,,"{""fa"":""اهرم""}",6860,اهرم,1
514,2026-06-12 23:33:09.331102+00,2026-06-12 23:33:09.331102+00,,"{""fa"":""برازجان""}",6861,برازجان,1
515,2026-06-12 23:33:09.331102+00,2026-06-12 23:33:09.331102+00,,"{""fa"":""خورموج""}",6862,خورموج,1
516,2026-06-12 23:33:09.331102+00,2026-06-12 23:33:09.331102+00,,"{""fa"":""ريگ""}",6863,ريگ,1
517,2026-06-12 23:33:09.331102+00,2026-06-12 23:33:09.331102+00,,"{""fa"":""خارك""}",6864,خارك,1
518,2026-06-12 23:33:09.331102+00,2026-06-12 23:33:09.331102+00,,"{""fa"":""سعدآباد""}",6865,سعدآباد,1
519,2026-06-12 23:33:09.331102+00,2026-06-12 23:33:09.331102+00,,"{""fa"":""دهكهنه""}",6866,دهكهنه,1
520,2026-06-12 23:33:09.331102+00,2026-06-12 23:33:09.331102+00,,"{""fa"":""كاكي""}",6867,كاكي,1
521,2026-06-12 23:33:09.331102+00,2026-06-12 23:33:09.331102+00,,"{""fa"":""اردبيل""}",6901,اردبيل,1
522,2026-06-12 23:33:09.331102+00,2026-06-12 23:33:09.331102+00,,"{""fa"":""خلخال""}",6952,خلخال,1
523,2026-06-12 23:33:09.331102+00,2026-06-12 23:33:09.331102+00,,"{""fa"":""پارس آباد""}",6953,پارس آباد,1
524,2026-06-12 23:33:09.331102+00,2026-06-12 23:33:09.331102+00,,"{""fa"":""بيله سوار""}",6954,بيله سوار,1
525,2026-06-12 23:33:09.331102+00,2026-06-12 23:33:09.331102+00,,"{""fa"":""مغان گرمي""}",6955,مغان گرمي,1
526,2026-06-12 23:33:09.331102+00,2026-06-12 23:33:09.331102+00,,"{""fa"":""مشكين شهر""}",6956,مشكين شهر,1
527,2026-06-12 23:33:09.331102+00,2026-06-12 23:33:09.331102+00,,"{""fa"":""نمين""}",6957,نمين,1
528,2026-06-12 23:33:09.331102+00,2026-06-12 23:33:09.331102+00,,"{""fa"":""سرعين""}",6958,سرعين,1
529,2026-06-12 23:33:09.331102+00,2026-06-12 23:33:09.331102+00,,"{""fa"":""نير""}",6959,نير,1
530,2026-06-12 23:33:09.331102+00,2026-06-12 23:33:09.331102+00,,"{""fa"":""هير""}",6960,هير,1
531,2026-06-12 23:33:09.331102+00,2026-06-12 23:33:09.331102+00,,"{""fa"":""ارشق""}",6961,ارشق,1
532,2026-06-12 23:33:09.331102+00,2026-06-12 23:33:09.331102+00,,"{""fa"":""كوثر""}",6962,كوثر,1
533,2026-06-12 23:33:09.331102+00,2026-06-12 23:33:09.331102+00,,"{""fa"":""اصلاندوز""}",6963,اصلاندوز,1
534,2026-06-12 23:33:09.331102+00,2026-06-12 23:33:09.331102+00,,"{""fa"":""كلور""}",6964,كلور,1
535,2026-06-12 23:33:09.331102+00,2026-06-12 23:33:09.331102+00,,"{""fa"":""گيوي""}",6965,گيوي,1
536,2026-06-12 23:33:09.331102+00,2026-06-12 23:33:09.331102+00,,"{""fa"":""هشتجين""}",6966,هشتجين,1
537,2026-06-12 23:33:09.331102+00,2026-06-12 23:33:09.331102+00,,"{""fa"":""اراك""}",7001,اراك,1
538,2026-06-12 23:33:09.331102+00,2026-06-12 23:33:09.331102+00,,"{""fa"":""ساوه""}",7052,ساوه,1
539,2026-06-12 23:33:09.331102+00,2026-06-12 23:33:09.331102+00,,"{""fa"":""خمين""}",7053,خمين,1
540,2026-06-12 23:33:09.331102+00,2026-06-12 23:33:09.331102+00,,"{""fa"":""تفرش""}",7054,تفرش,1
541,2026-06-12 23:33:09.331102+00,2026-06-12 23:33:09.331102+00,,"{""fa"":""سربند""}",7055,سربند,1
542,2026-06-12 23:33:09.331102+00,2026-06-12 23:33:09.331102+00,,"{""fa"":""آشتيان""}",7056,آشتيان,1
543,2026-06-12 23:33:09.331102+00,2026-06-12 23:33:09.331102+00,,"{""fa"":""دليجان""}",7057,دليجان,1
544,2026-06-12 23:33:09.331102+00,2026-06-12 23:33:09.331102+00,,"{""fa"":""محلات""}",7058,محلات,1
545,2026-06-12 23:33:09.331102+00,2026-06-12 23:33:09.331102+00,,"{""fa"":""شازند""}",7059,شازند,1
546,2026-06-12 23:33:09.331102+00,2026-06-12 23:33:09.331102+00,,"{""fa"":""آستانه""}",7061,آستانه,1
547,2026-06-12 23:33:09.331102+00,2026-06-12 23:33:09.331102+00,,"{""fa"":""زوايه""}",7062,زوايه,1
548,2026-06-12 23:33:09.331102+00,2026-06-12 23:33:09.331102+00,,"{""fa"":""غرق آباد""}",7063,غرق آباد,1
549,2026-06-12 23:33:09.331102+00,2026-06-12 23:33:09.331102+00,,"{""fa"":""فرمهين""}",7064,فرمهين,1
550,2026-06-12 23:33:09.331102+00,2026-06-12 23:33:09.331102+00,,"{""fa"":""كميجان""}",7065,كميجان,1
551,2026-06-12 23:33:09.331102+00,2026-06-12 23:33:09.331102+00,,"{""fa"":""مامونيه""}",7066,مامونيه,1
552,2026-06-12 23:33:09.331102+00,2026-06-12 23:33:09.331102+00,,"{""fa"":""نراق""}",7067,نراق,1
553,2026-06-12 23:33:09.331102+00,2026-06-12 23:33:09.331102+00,,"{""fa"":""نوبران""}",7068,نوبران,1
554,2026-06-12 23:33:09.331102+00,2026-06-12 23:33:09.331102+00,,"{""fa"":""نيمور""}",7069,نيمور,1
555,2026-06-12 23:33:09.331102+00,2026-06-12 23:33:09.331102+00,,"{""fa"":""زرند""}",7070,زرند,1
556,2026-06-12 23:33:09.331102+00,2026-06-12 23:33:09.331102+00,,"{""fa"":""سردرود""}",7071,سردرود,1
557,2026-06-12 23:33:09.331102+00,2026-06-12 23:33:09.331102+00,,"{""fa"":""فراهان""}",7072,فراهان,1
558,2026-06-12 23:33:09.331102+00,2026-06-12 23:33:09.331102+00,,"{""fa"":""قزوين""}",7101,قزوين,1
559,2026-06-12 23:33:09.331102+00,2026-06-12 23:33:09.331102+00,,"{""fa"":""بوئين زهرا""}",7152,بوئين زهرا,1
560,2026-06-12 23:33:09.331102+00,2026-06-12 23:33:09.331102+00,,"{""fa"":""تاكستان""}",7153,تاكستان,1
561,2026-06-12 23:33:09.331102+00,2026-06-12 23:33:09.331102+00,,"{""fa"":""آبيك""}",7154,آبيك,1
562,2026-06-12 23:33:09.331102+00,2026-06-12 23:33:09.331102+00,,"{""fa"":""كهكيلويه""}",7201,كهكيلويه,1
563,2026-06-12 23:33:09.331102+00,2026-06-12 23:33:09.331102+00,,"{""fa"":""ياسوج""}",7202,ياسوج,1
564,2026-06-12 23:33:09.331102+00,2026-06-12 23:33:09.331102+00,,"{""fa"":""بويراحمد""}",7252,بويراحمد,1
565,2026-06-12 23:33:09.331102+00,2026-06-12 23:33:09.331102+00,,"{""fa"":""دنا""}",7253,دنا,1
566,2026-06-12 23:33:09.331102+00,2026-06-12 23:33:09.331102+00,,"{""fa"":""گچساران""}",7254,گچساران,1
567,2026-06-12 23:33:09.331102+00,2026-06-12 23:33:09.331102+00,,"{""fa"":""باشت""}",7255,باشت,1
568,2026-06-12 23:33:09.331102+00,2026-06-12 23:33:09.331102+00,,"{""fa"":""چرام""}",7256,چرام,1
569,2026-06-12 23:33:09.331102+00,2026-06-12 23:33:09.331102+00,,"{""fa"":""دهدشت""}",7257,دهدشت,1
570,2026-06-12 23:33:09.331102+00,2026-06-12 23:33:09.331102+00,,"{""fa"":""سي سخت""}",7258,سي سخت,1
571,2026-06-12 23:33:09.331102+00,2026-06-12 23:33:09.331102+00,,"{""fa"":""لنده""}",7259,لنده,1
572,2026-06-12 23:33:09.331102+00,2026-06-12 23:33:09.331102+00,,"{""fa"":""خرم آباد""}",7301,خرم آباد,1
573,2026-06-12 23:33:09.331102+00,2026-06-12 23:33:09.331102+00,,"{""fa"":""بروجرد""}",7352,بروجرد,1
574,2026-06-12 23:33:09.331102+00,2026-06-12 23:33:09.331102+00,,"{""fa"":""اليگودرز""}",7353,اليگودرز,1
575,2026-06-12 23:33:09.331102+00,2026-06-12 23:33:09.331102+00,,"{""fa"":""كوهدشت""}",7354,كوهدشت,1
576,2026-06-12 23:33:09.331102+00,2026-06-12 23:33:09.331102+00,,"{""fa"":""دلفان""}",7355,دلفان,1
577,2026-06-12 23:33:09.331102+00,2026-06-12 23:33:09.331102+00,,"{""fa"":""ازنا""}",7356,ازنا,1
578,2026-06-12 23:33:09.331102+00,2026-06-12 23:33:09.331102+00,,"{""fa"":""سلسله""}",7357,سلسله,1
579,2026-06-12 23:33:09.331102+00,2026-06-12 23:33:09.331102+00,,"{""fa"":""دورود""}",7358,دورود,1
580,2026-06-12 23:33:09.331102+00,2026-06-12 23:33:09.331102+00,,"{""fa"":""پلدختر""}",7359,پلدختر,1
581,2026-06-12 23:33:09.331102+00,2026-06-12 23:33:09.331102+00,,"{""fa"":""اشترينان""}",7360,اشترينان,1
582,2026-06-12 23:33:09.331102+00,2026-06-12 23:33:09.331102+00,,"{""fa"":""الشتر""}",7361,الشتر,1
583,2026-06-12 23:33:09.331102+00,2026-06-12 23:33:09.331102+00,,"{""fa"":""يزد""}",7401,يزد,1
584,2026-06-12 23:33:09.331102+00,2026-06-12 23:33:09.331102+00,,"{""fa"":""تفت""}",7452,تفت,1
585,2026-06-12 23:33:09.331102+00,2026-06-12 23:33:09.331102+00,,"{""fa"":""اردكان""}",7453,اردكان,1
586,2026-06-12 23:33:09.331102+00,2026-06-12 23:33:09.331102+00,,"{""fa"":""ابركوه""}",7454,ابركوه,1
587,2026-06-12 23:33:09.331102+00,2026-06-12 23:33:09.331102+00,,"{""fa"":""بافق""}",7455,بافق,1
588,2026-06-12 23:33:09.331102+00,2026-06-12 23:33:09.331102+00,,"{""fa"":""ميبد""}",7456,ميبد,1
589,2026-06-12 23:33:09.331102+00,2026-06-12 23:33:09.331102+00,,"{""fa"":""مهريز""}",7457,مهريز,1
590,2026-06-12 23:33:09.331102+00,2026-06-12 23:33:09.331102+00,,"{""fa"":""صدوق""}",7458,صدوق,1
591,2026-06-12 23:33:09.331102+00,2026-06-12 23:33:09.331102+00,,"{""fa"":""طبس""}",7459,طبس,1
592,2026-06-12 23:33:09.331102+00,2026-06-12 23:33:09.331102+00,,"{""fa"":""خاتم""}",7460,خاتم,1
593,2026-06-12 23:33:09.331102+00,2026-06-12 23:33:09.331102+00,,"{""fa"":""اشكذر""}",7461,اشكذر,1
594,2026-06-12 23:33:09.331102+00,2026-06-12 23:33:09.331102+00,,"{""fa"":""بهاباد""}",7462,بهاباد,1
595,2026-06-12 23:33:09.331102+00,2026-06-12 23:33:09.331102+00,,"{""fa"":""حميديا""}",7463,حميديا,1
596,2026-06-12 23:33:09.331102+00,2026-06-12 23:33:09.331102+00,,"{""fa"":""زارج""}",7464,زارج,1
597,2026-06-12 23:33:09.331102+00,2026-06-12 23:33:09.331102+00,,"{""fa"":""شاهديه""}",7465,شاهديه,1
598,2026-06-12 23:33:09.331102+00,2026-06-12 23:33:09.331102+00,,"{""fa"":""مروست""}",7466,مروست,1
599,2026-06-12 23:33:09.331102+00,2026-06-12 23:33:09.331102+00,,"{""fa"":""نير""}",7467,نير,1
600,2026-06-12 23:33:09.331102+00,2026-06-12 23:33:09.331102+00,,"{""fa"":""هرات""}",7468,هرات,1
601,2026-06-12 23:33:09.335625+00,2026-06-12 23:33:09.335625+00,,"{""fa"":""گرگان""}",7501,گرگان,1
602,2026-06-12 23:33:09.335625+00,2026-06-12 23:33:09.335625+00,,"{""fa"":""گنبد كاووس""}",7552,گنبد كاووس,1
603,2026-06-12 23:33:09.335625+00,2026-06-12 23:33:09.335625+00,,"{""fa"":""بندر تركمن""}",7553,بندر تركمن,1
604,2026-06-12 23:33:09.335625+00,2026-06-12 23:33:09.335625+00,,"{""fa"":""كردكوي""}",7554,كردكوي,1
605,2026-06-12 23:33:09.335625+00,2026-06-12 23:33:09.335625+00,,"{""fa"":""مينودشت""}",7555,مينودشت,1
606,2026-06-12 23:33:09.335625+00,2026-06-12 23:33:09.335625+00,,"{""fa"":""راميان""}",7556,راميان,1
607,2026-06-12 23:33:09.335625+00,2026-06-12 23:33:09.335625+00,,"{""fa"":""بندرگز""}",7557,بندرگز,1
608,2026-06-12 23:33:09.335625+00,2026-06-12 23:33:09.335625+00,,"{""fa"":""آق قلا""}",7558,آق قلا,1
609,2026-06-12 23:33:09.335625+00,2026-06-12 23:33:09.335625+00,,"{""fa"":""كلاله""}",7559,كلاله,1
610,2026-06-12 23:33:09.335625+00,2026-06-12 23:33:09.335625+00,,"{""fa"":""علي آباد""}",7560,علي آباد,1
611,2026-06-12 23:33:09.335625+00,2026-06-12 23:33:09.335625+00,,"{""fa"":""آزاد شهر""}",7561,آزاد شهر,1
612,2026-06-12 23:33:09.335625+00,2026-06-12 23:33:09.335625+00,,"{""fa"":""سمنان""}",7601,سمنان,1
613,2026-06-12 23:33:09.335625+00,2026-06-12 23:33:09.335625+00,,"{""fa"":""شاهرود""}",7652,شاهرود,1
614,2026-06-12 23:33:09.335625+00,2026-06-12 23:33:09.335625+00,,"{""fa"":""دامغان""}",7653,دامغان,1
615,2026-06-12 23:33:09.335625+00,2026-06-12 23:33:09.335625+00,,"{""fa"":""گرمسار""}",7654,گرمسار,1
616,2026-06-12 23:33:09.335625+00,2026-06-12 23:33:09.335625+00,,"{""fa"":""مهدي شهر""}",7655,مهدي شهر,1
617,2026-06-12 23:33:09.335625+00,2026-06-12 23:33:09.335625+00,,"{""fa"":""آرادان""}",7656,آرادان,1
618,2026-06-12 23:33:09.335625+00,2026-06-12 23:33:09.335625+00,,"{""fa"":""ايوانكي""}",7657,ايوانكي,1
619,2026-06-12 23:33:09.335625+00,2026-06-12 23:33:09.335625+00,,"{""fa"":""بيارجمند""}",7658,بيارجمند,1
620,2026-06-12 23:33:09.335625+00,2026-06-12 23:33:09.335625+00,,"{""fa"":""سرخه""}",7659,سرخه,1
621,2026-06-12 23:33:09.335625+00,2026-06-12 23:33:09.335625+00,,"{""fa"":""شهميرزاد""}",7660,شهميرزاد,1
622,2026-06-12 23:33:09.335625+00,2026-06-12 23:33:09.335625+00,,"{""fa"":""كالاته خيج""}",7661,كالاته خيج,1
623,2026-06-12 23:33:09.335625+00,2026-06-12 23:33:09.335625+00,,"{""fa"":""مجن""}",7662,مجن,1
624,2026-06-12 23:33:09.335625+00,2026-06-12 23:33:09.335625+00,,"{""fa"":""ميامي""}",7663,ميامي,1
625,2026-06-12 23:33:09.335625+00,2026-06-12 23:33:09.335625+00,,"{""fa"":""شهر كرد""}",7701,شهر كرد,1
626,2026-06-12 23:33:09.335625+00,2026-06-12 23:33:09.335625+00,,"{""fa"":""لردگان""}",7752,لردگان,1
627,2026-06-12 23:33:09.335625+00,2026-06-12 23:33:09.335625+00,,"{""fa"":""فارسان""}",7753,فارسان,1
628,2026-06-12 23:33:09.335625+00,2026-06-12 23:33:09.335625+00,,"{""fa"":""بروجن""}",7754,بروجن,1
629,2026-06-12 23:33:09.335625+00,2026-06-12 23:33:09.335625+00,,"{""fa"":""اردل""}",7755,اردل,1
630,2026-06-12 23:33:09.335625+00,2026-06-12 23:33:09.335625+00,,"{""fa"":""باباحيدر""}",7756,باباحيدر,1
631,2026-06-12 23:33:09.335625+00,2026-06-12 23:33:09.335625+00,,"{""fa"":""بلداجي""}",7757,بلداجي,1
632,2026-06-12 23:33:09.335625+00,2026-06-12 23:33:09.335625+00,,"{""fa"":""بن""}",7758,بن,1
633,2026-06-12 23:33:09.335625+00,2026-06-12 23:33:09.335625+00,,"{""fa"":""جونقان""}",7759,جونقان,1
634,2026-06-12 23:33:09.335625+00,2026-06-12 23:33:09.335625+00,,"{""fa"":""سامان""}",7760,سامان,1
635,2026-06-12 23:33:09.335625+00,2026-06-12 23:33:09.335625+00,,"{""fa"":""سورشجان""}",7761,سورشجان,1
636,2026-06-12 23:33:09.335625+00,2026-06-12 23:33:09.335625+00,,"{""fa"":""شلمزار""}",7762,شلمزار,1
637,2026-06-12 23:33:09.335625+00,2026-06-12 23:33:09.335625+00,,"{""fa"":""فرادنبه""}",7763,فرادنبه,1
638,2026-06-12 23:33:09.335625+00,2026-06-12 23:33:09.335625+00,,"{""fa"":""فرخ شهر""}",7764,فرخ شهر,1
639,2026-06-12 23:33:09.335625+00,2026-06-12 23:33:09.335625+00,,"{""fa"":""فلارد""}",7765,فلارد,1
640,2026-06-12 23:33:09.335625+00,2026-06-12 23:33:09.335625+00,,"{""fa"":""كوهرنگ""}",7766,كوهرنگ,1
641,2026-06-12 23:33:09.335625+00,2026-06-12 23:33:09.335625+00,,"{""fa"":""كيان""}",7767,كيان,1
642,2026-06-12 23:33:09.335625+00,2026-06-12 23:33:09.335625+00,,"{""fa"":""گندمان""}",7768,گندمان,1
643,2026-06-12 23:33:09.335625+00,2026-06-12 23:33:09.335625+00,,"{""fa"":""هفشجان""}",7769,هفشجان,1
644,2026-06-12 23:33:09.335625+00,2026-06-12 23:33:09.335625+00,,"{""fa"":""زنجان""}",7801,زنجان,1
645,2026-06-12 23:33:09.335625+00,2026-06-12 23:33:09.335625+00,,"{""fa"":""ابهر""}",7852,ابهر,1
646,2026-06-12 23:33:09.335625+00,2026-06-12 23:33:09.335625+00,,"{""fa"":""خدابنده""}",7853,خدابنده,1
647,2026-06-12 23:33:09.335625+00,2026-06-12 23:33:09.335625+00,,"{""fa"":""ماهنشان""}",7854,ماهنشان,1
648,2026-06-12 23:33:09.335625+00,2026-06-12 23:33:09.335625+00,,"{""fa"":""ايجرود""}",7855,ايجرود,1
649,2026-06-12 23:33:09.335625+00,2026-06-12 23:33:09.335625+00,,"{""fa"":""طارم""}",7856,طارم,1
650,2026-06-12 23:33:09.335625+00,2026-06-12 23:33:09.335625+00,,"{""fa"":""خرمدره""}",7857,خرمدره,1
651,2026-06-12 23:33:09.335625+00,2026-06-12 23:33:09.335625+00,,"{""fa"":""قيدار""}",7858,قيدار,1
652,2026-06-12 23:33:09.335625+00,2026-06-12 23:33:09.335625+00,,"{""fa"":""سلطانيه""}",7859,سلطانيه,1
653,2026-06-12 23:33:09.335625+00,2026-06-12 23:33:09.335625+00,,"{""fa"":""صائين قلعه""}",7860,صائين قلعه,1
654,2026-06-12 23:33:09.335625+00,2026-06-12 23:33:09.335625+00,,"{""fa"":""ضياءآباد""}",7861,ضياءآباد,1
655,2026-06-12 23:33:09.335625+00,2026-06-12 23:33:09.335625+00,,"{""fa"":""هيدج""}",7862,هيدج,1
656,2026-06-12 23:33:09.335625+00,2026-06-12 23:33:09.335625+00,,"{""fa"":""ايلام""}",7901,ايلام,1
657,2026-06-12 23:33:09.335625+00,2026-06-12 23:33:09.335625+00,,"{""fa"":""مهران""}",7952,مهران,1
658,2026-06-12 23:33:09.335625+00,2026-06-12 23:33:09.335625+00,,"{""fa"":""دهلران""}",7953,دهلران,1
659,2026-06-12 23:33:09.335625+00,2026-06-12 23:33:09.335625+00,,"{""fa"":""دره شهر""}",7954,دره شهر,1
660,2026-06-12 23:33:09.335625+00,2026-06-12 23:33:09.335625+00,,"{""fa"":""شيروان وچرداول""}",7955,شيروان وچرداول,1
661,2026-06-12 23:33:09.335625+00,2026-06-12 23:33:09.335625+00,,"{""fa"":""آبدانان""}",7956,آبدانان,1
662,2026-06-12 23:33:09.335625+00,2026-06-12 23:33:09.335625+00,,"{""fa"":""ايوان""}",7957,ايوان,1
663,2026-06-12 23:33:09.335625+00,2026-06-12 23:33:09.335625+00,,"{""fa"":""بدره""}",7958,بدره,1
664,2026-06-12 23:33:09.335625+00,2026-06-12 23:33:09.335625+00,,"{""fa"":""پهله""}",7959,پهله,1
665,2026-06-12 23:33:09.335625+00,2026-06-12 23:33:09.335625+00,,"{""fa"":""جويزرايوان""}",7960,جويزرايوان,1
666,2026-06-12 23:33:09.335625+00,2026-06-12 23:33:09.335625+00,,"{""fa"":""چوار""}",7961,چوار,1
667,2026-06-12 23:33:09.335625+00,2026-06-12 23:33:09.335625+00,,"{""fa"":""سرابله""}",7962,سرابله,1
668,2026-06-12 23:33:09.335625+00,2026-06-12 23:33:09.335625+00,,"{""fa"":""صالح آباد""}",7963,صالح آباد,1
669,2026-06-12 23:33:09.335625+00,2026-06-12 23:33:09.335625+00,,"{""fa"":""قلعه دره ملكشاهي""}",7964,قلعه دره ملكشاهي,1
670,2026-06-12 23:33:09.335625+00,2026-06-12 23:33:09.335625+00,,"{""fa"":""موسيان""}",7965,موسيان,1
671,2026-06-12 23:33:09.335625+00,2026-06-12 23:33:09.335625+00,,"{""fa"":""ميمه""}",7966,ميمه,1
672,2026-06-12 23:33:09.335625+00,2026-06-12 23:33:09.335625+00,,"{""fa"":""سراب""}",7967,سراب,1
673,2026-06-12 23:33:09.335625+00,2026-06-12 23:33:09.335625+00,,"{""fa"":""عنبران""}",28050,عنبران,1
674,2026-06-12 23:33:09.335625+00,2026-06-12 23:33:09.335625+00,,"{""fa"":""عنبران""}",28051,عنبران,1
675,2026-06-12 23:33:09.335625+00,2026-06-12 23:33:09.335625+00,,"{""fa"":""خشكنودهان""}",28052,خشكنودهان,1
676,2026-06-12 23:33:09.335625+00,2026-06-12 23:33:09.335625+00,,"{""fa"":""عقدا""}",28053,عقدا,1
677,2026-06-12 23:33:09.335625+00,2026-06-12 23:33:09.335625+00,,"{""fa"":""گرگان-آشتيان""}",28074,گرگان-آشتيان,1
678,2026-06-12 23:33:09.335625+00,2026-06-12 23:33:09.335625+00,,"{""fa"":""قمرود_قم""}",28075,قمرود_قم,1
679,2026-06-12 23:33:09.335625+00,2026-06-12 23:33:09.335625+00,,"{""fa"":""فين-كاشان""}",28094,فين-كاشان,1
680,2026-06-12 23:33:09.335625+00,2026-06-12 23:33:09.335625+00,,"{""fa"":""بخش بوستان""}",28114,بخش بوستان,1
681,2026-06-12 23:33:09.335625+00,2026-06-12 23:33:09.335625+00,,"{""fa"":""گميشان""}",28134,گميشان,1
682,2026-06-12 23:33:09.335625+00,2026-06-12 23:33:09.335625+00,,"{""fa"":""جرقويه سفلي""}",28154,جرقويه سفلي,1
683,2026-06-12 23:33:09.335625+00,2026-06-12 23:33:09.335625+00,,"{""fa"":""جرقويه عليا""}",28155,جرقويه عليا,1
684,2026-06-12 23:33:09.335625+00,2026-06-12 23:33:09.335625+00,,"{""fa"":""سردرود""}",28194,سردرود,1
685,2026-06-12 23:33:09.335625+00,2026-06-12 23:33:09.335625+00,,"{""fa"":""زرنديه""}",28214,زرنديه,1
686,2026-06-12 23:33:09.335625+00,2026-06-12 23:33:09.335625+00,,"{""fa"":""خراسان جنوبي""}",28234,خراسان جنوبي,1
687,2026-06-12 23:33:09.335625+00,2026-06-12 23:33:09.335625+00,,"{""fa"":""خراسان شمالي""}",28235,خراسان شمالي,1
688,2026-06-12 23:33:09.335625+00,2026-06-12 23:33:09.335625+00,,"{""fa"":""لارستان""}",28255,لارستان,1
689,2026-06-12 23:33:09.335625+00,2026-06-12 23:33:09.335625+00,,"{""fa"":""خدابنده لو""}",28274,خدابنده لو,1
690,2026-06-12 23:33:09.335625+00,2026-06-12 23:33:09.335625+00,,"{""fa"":""رودبارالموت""}",28294,رودبارالموت,1
691,2026-06-12 23:33:09.335625+00,2026-06-12 23:33:09.335625+00,,"{""fa"":""شاهزند""}",28314,شاهزند,1
692,2026-06-12 23:33:09.335625+00,2026-06-12 23:33:09.335625+00,,"{""fa"":""چهاردانگه""}",28334,چهاردانگه,1
693,2026-06-12 23:33:09.335625+00,2026-06-12 23:33:09.335625+00,,"{""fa"":""نوراباد""}",28354,نوراباد,1
694,2026-06-12 23:33:09.335625+00,2026-06-12 23:33:09.335625+00,,"{""fa"":""زبرخان""}",28374,زبرخان,1
695,2026-06-12 23:33:09.335625+00,2026-06-12 23:33:09.335625+00,,"{""fa"":""لاران""}",28394,لاران,1
696,2026-06-12 23:33:09.335625+00,2026-06-12 23:33:09.335625+00,,"{""fa"":""لاهرود""}",28395,لاهرود,1
697,2026-06-12 23:33:09.335625+00,2026-06-12 23:33:09.335625+00,,"{""fa"":""مشهداردهال""}",28414,مشهداردهال,1
698,2026-06-12 23:33:09.335625+00,2026-06-12 23:33:09.335625+00,,"{""fa"":""انگوران""}",28454,انگوران,1
699,2026-06-12 23:33:09.335625+00,2026-06-12 23:33:09.335625+00,,"{""fa"":""فهرج""}",28474,فهرج,1
700,2026-06-12 23:33:09.335625+00,2026-06-12 23:33:09.335625+00,,"{""fa"":""سرواباد""}",28494,سرواباد,1
701,2026-06-12 23:33:09.33969+00,2026-06-12 23:33:09.33969+00,,"{""fa"":""ملارد""}",28514,ملارد,1
702,2026-06-12 23:33:09.33969+00,2026-06-12 23:33:09.33969+00,,"{""fa"":""خرمدشت""}",28515,خرمدشت,1
703,2026-06-12 23:33:09.33969+00,2026-06-12 23:33:09.33969+00,,"{""fa"":""ميانكوه""}",28534,ميانكوه,1
704,2026-06-12 23:33:09.33969+00,2026-06-12 23:33:09.33969+00,,"{""fa"":""فارسيان""}",28554,فارسيان,1
705,2026-06-12 23:33:09.33969+00,2026-06-12 23:33:09.33969+00,,"{""fa"":""راوند""}",28574,راوند,1
706,2026-06-12 23:33:09.33969+00,2026-06-12 23:33:09.33969+00,,"{""fa"":""تالش""}",28594,تالش,1
707,2026-06-12 23:33:09.33969+00,2026-06-12 23:33:09.33969+00,,"{""fa"":""ممسني""}",28614,ممسني,1
708,2026-06-12 23:33:09.33969+00,2026-06-12 23:33:09.33969+00,,"{""fa"":""اسديه""}",28634,اسديه,1
709,2026-06-12 23:33:09.33969+00,2026-06-12 23:33:09.33969+00,,"{""fa"":""حاجي آباد""}",28635,حاجي آباد,1
710,2026-06-12 23:33:09.33969+00,2026-06-12 23:33:09.33969+00,,"{""fa"":""خوسف""}",28636,خوسف,1
711,2026-06-12 23:33:09.33969+00,2026-06-12 23:33:09.33969+00,,"{""fa"":""آيسك""}",28654,آيسك,1
712,2026-06-12 23:33:09.33969+00,2026-06-12 23:33:09.33969+00,,"{""fa"":""شوسف""}",28657,شوسف,1
713,2026-06-12 23:33:09.33969+00,2026-06-12 23:33:09.33969+00,,"{""fa"":""حاجي آباد قائن""}",28674,حاجي آباد قائن,1
714,2026-06-12 23:33:09.33969+00,2026-06-12 23:33:09.33969+00,,"{""fa"":""خان به بين ""}",28694,خان به بين ,1
715,2026-06-12 23:33:09.33969+00,2026-06-12 23:33:09.33969+00,,"{""fa"":""دلند ""}",28695,دلند ,1
716,2026-06-12 23:33:09.33969+00,2026-06-12 23:33:09.33969+00,,"{""fa"":""فندرسك ""}",28696,فندرسك ,1
717,2026-06-12 23:33:09.33969+00,2026-06-12 23:33:09.33969+00,,"{""fa"":""مراوه تپه ""}",28697,مراوه تپه ,1
718,2026-06-12 23:33:09.33969+00,2026-06-12 23:33:09.33969+00,,"{""fa"":""سيمين شهر ""}",28698,سيمين شهر ,1
719,2026-06-12 23:33:09.33969+00,2026-06-12 23:33:09.33969+00,,"{""fa"":""گاليكش ""}",28699,گاليكش ,1
720,2026-06-12 23:33:09.33969+00,2026-06-12 23:33:09.33969+00,,"{""fa"":""گميشان""}",28700,گميشان,1
721,2026-06-12 23:33:09.33969+00,2026-06-12 23:33:09.33969+00,,"{""fa"":""چاپلق""}",28734,چاپلق,1
722,2026-06-12 23:33:09.33969+00,2026-06-12 23:33:09.33969+00,,"{""fa"":""شبانكاره""}",28754,شبانكاره,1
723,2026-06-12 23:33:09.33969+00,2026-06-12 23:33:09.33969+00,,"{""fa"":""دوگنبدان""}",28774,دوگنبدان,1
724,2026-06-12 23:33:09.33969+00,2026-06-12 23:33:09.33969+00,,"{""fa"":""درميان""}",28794,درميان,1
725,2026-06-12 23:33:09.33969+00,2026-06-12 23:33:09.33969+00,,"{""fa"":""منوجان""}",28834,منوجان,1
726,2026-06-12 23:33:09.33969+00,2026-06-12 23:33:09.33969+00,,"{""fa"":""ماهور""}",28854,ماهور,1
727,2026-06-12 23:33:09.33969+00,2026-06-12 23:33:09.33969+00,,"{""fa"":""جوين ""}",28874,جوين ,1
728,2026-06-12 23:33:09.33969+00,2026-06-12 23:33:09.33969+00,,"{""fa"":""باي كلا""}",28894,باي كلا,1
729,2026-06-12 23:33:09.33969+00,2026-06-12 23:33:09.33969+00,,"{""fa"":""فشافويه""}",28914,فشافويه,1
730,2026-06-12 23:33:09.33969+00,2026-06-12 23:33:09.33969+00,,"{""fa"":""مياندرود""}",28934,مياندرود,1
731,2026-06-12 23:33:09.33969+00,2026-06-12 23:33:09.33969+00,,"{""fa"":""بسطام""}",28935,بسطام,1
732,2026-06-12 23:33:09.33969+00,2026-06-12 23:33:09.33969+00,,"{""fa"":""البرز""}",28936,البرز,1
733,2026-06-12 23:33:09.33969+00,2026-06-12 23:33:09.33969+00,,"{""fa"":""راز""}",28937,راز,1
734,2026-06-12 23:33:09.33969+00,2026-06-12 23:33:09.33969+00,,"{""fa"":""لوداب""}",28938,لوداب,1
735,2026-06-12 23:33:09.33969+00,2026-06-12 23:33:09.33969+00,,"{""fa"":""مارگون""}",28939,مارگون,1
736,2026-06-12 23:33:09.33969+00,2026-06-12 23:33:09.33969+00,,"{""fa"":""بهمئي""}",28940,بهمئي,1
737,2026-06-12 23:33:09.33969+00,2026-06-12 23:33:09.33969+00,,"{""fa"":""مروآباد""}",28941,مروآباد,1
738,2026-06-12 23:33:09.33969+00,2026-06-12 23:33:09.33969+00,,"{""fa"":""طرق""}",28974,طرق,1
739,2026-06-12 23:33:09.33969+00,2026-06-12 23:33:09.33969+00,,"{""fa"":""جم""}",28994,جم,1
740,2026-06-12 23:33:09.33969+00,2026-06-12 23:33:09.33969+00,,"{""fa"":""انزل""}",29034,انزل,1
741,2026-06-12 23:33:09.33969+00,2026-06-12 23:33:09.33969+00,,"{""fa"":""جره بالاده""}",29054,جره بالاده,1
742,2026-06-12 23:33:09.33969+00,2026-06-12 23:33:09.33969+00,,"{""fa"":""دارائي فين""}",29074,دارائي فين,1
743,2026-06-12 23:33:09.33969+00,2026-06-12 23:33:09.33969+00,,"{""fa"":""لاريجان""}",29094,لاريجان,1
744,2026-06-12 23:33:09.33969+00,2026-06-12 23:33:09.33969+00,,"{""fa"":""سرباز""}",29114,سرباز,1
745,2026-06-12 23:33:09.33969+00,2026-06-12 23:33:09.33969+00,,"{""fa"":""انديكا""}",29134,انديكا,1
746,2026-06-12 23:33:09.33969+00,2026-06-12 23:33:09.33969+00,,"{""fa"":""جرقويه سفلي""}",29154,جرقويه سفلي,1
747,2026-06-12 23:33:09.33969+00,2026-06-12 23:33:09.33969+00,,"{""fa"":""بخش گلستان""}",29174,بخش گلستان,1
748,2026-06-12 23:33:09.33969+00,2026-06-12 23:33:09.33969+00,,"{""fa"":""هوراند""}",29194,هوراند,1
749,2026-06-12 23:33:09.33969+00,2026-06-12 23:33:09.33969+00,,"{""fa"":""انديشه""}",29234,انديشه,1
750,2026-06-12 23:33:09.33969+00,2026-06-12 23:33:09.33969+00,,"{""fa"":""پاسارگاد""}",29274,پاسارگاد,1
751,2026-06-12 23:33:09.33969+00,2026-06-12 23:33:09.33969+00,,"{""fa"":""شهر قدس""}",29294,شهر قدس,1
752,2026-06-12 23:33:09.33969+00,2026-06-12 23:33:09.33969+00,,"{""fa"":""شترخوار""}",29314,شترخوار,1
753,2026-06-12 23:33:09.728375+00,2026-06-12 23:33:09.728375+00,,"{""fa"":""آمستردام""}",10001,آمستردام,
754,2026-06-12 23:33:09.728375+00,2026-06-12 23:33:09.728375+00,,"{""fa"":""فرانکفورت""}",10002,فرانکفورت,
755,2026-06-12 23:33:09.728375+00,2026-06-12 23:33:09.728375+00,,"{""fa"":""دوبي""}",10003,دوبي,
756,2026-06-12 23:33:09.728375+00,2026-06-12 23:33:09.728375+00,,"{""fa"":""وين""}",10004,وين,
757,2026-06-12 23:33:09.728375+00,2026-06-12 23:33:09.728375+00,,"{""fa"":""دهلي""}",10005,دهلي,
758,2026-06-12 23:33:09.728375+00,2026-06-12 23:33:09.728375+00,,"{""fa"":""استانبول""}",10006,استانبول,
759,2026-06-12 23:33:09.728375+00,2026-06-12 23:33:09.728375+00,,"{""fa"":""ايروان""}",10007,ايروان,
760,2026-06-12 23:33:09.728375+00,2026-06-12 23:33:09.728375+00,,"{""fa"":""ميلان""}",10008,ميلان,
761,2026-06-12 23:33:09.728375+00,2026-06-12 23:33:09.728375+00,,"{""fa"":""دوسلدورف""}",10009,دوسلدورف,
762,2026-06-12 23:33:09.728375+00,2026-06-12 23:33:09.728375+00,,"{""fa"":""مينسک""}",10010,مينسک,
763,2026-06-12 23:33:09.728375+00,2026-06-12 23:33:09.728375+00,,"{""fa"":""لندن""}",10011,لندن,
764,2026-06-12 23:33:09.728375+00,2026-06-12 23:33:09.728375+00,,"{""fa"":""استکهلم""}",10012,استکهلم,
765,2026-06-12 23:33:09.728375+00,2026-06-12 23:33:09.728375+00,,"{""fa"":""ژنو""}",10013,ژنو,
766,2026-06-12 23:33:09.728375+00,2026-06-12 23:33:09.728375+00,,"{""fa"":""دمشق""}",10014,دمشق,
767,2026-06-12 23:33:09.728375+00,2026-06-12 23:33:09.728375+00,,"{""fa"":""بيروت""}",10015,بيروت,
768,2026-06-12 23:33:09.728375+00,2026-06-12 23:33:09.728375+00,,"{""fa"":""آنکارا""}",10016,آنکارا,
769,2026-06-12 23:33:09.728375+00,2026-06-12 23:33:09.728375+00,,"{""fa"":""کابل""}",10017,کابل,
770,2026-06-12 23:33:09.728375+00,2026-06-12 23:33:09.728375+00,,"{""fa"":""کلن""}",10018,کلن,
771,2026-06-12 23:33:09.728375+00,2026-06-12 23:33:09.728375+00,,"{""fa"":""هامبورگ""}",10019,هامبورگ,
772,2026-06-12 23:33:09.728375+00,2026-06-12 23:33:09.728375+00,,"{""fa"":""سئول""}",10020,سئول,
773,2026-06-12 23:33:09.728375+00,2026-06-12 23:33:09.728375+00,,"{""fa"":""بانکوک""}",10021,بانکوک,
774,2026-06-12 23:33:09.728375+00,2026-06-12 23:33:09.728375+00,,"{""fa"":""مسکو""}",10022,مسکو,
775,2026-06-12 23:33:09.728375+00,2026-06-12 23:33:09.728375+00,,"{""fa"":""تفليس""}",10023,تفليس,
776,2026-06-12 23:33:09.728375+00,2026-06-12 23:33:09.728375+00,,"{""fa"":""زوريخ""}",10024,زوريخ,
777,2026-06-12 23:33:09.728375+00,2026-06-12 23:33:09.728375+00,,"{""fa"":""شارجه""}",10025,شارجه,
778,2026-06-12 23:33:09.728375+00,2026-06-12 23:33:09.728375+00,,"{""fa"":""کپنهاک""}",10026,کپنهاک,
779,2026-06-12 23:33:09.728375+00,2026-06-12 23:33:09.728375+00,,"{""fa"":""مدينه""}",10027,مدينه,
780,2026-06-12 23:33:09.728375+00,2026-06-12 23:33:09.728375+00,,"{""fa"":""جده""}",10028,جده,
781,2026-06-12 23:33:09.728375+00,2026-06-12 23:33:09.728375+00,,"{""fa"":""پاريس""}",10029,پاريس,
782,2026-06-12 23:33:09.728375+00,2026-06-12 23:33:09.728375+00,,"{""fa"":""آنتاليا""}",10030,آنتاليا,
783,2026-06-12 23:33:09.728375+00,2026-06-12 23:33:09.728375+00,,"{""fa"":""بدروم""}",10031,بدروم,
784,2026-06-12 23:33:09.728375+00,2026-06-12 23:33:09.728375+00,,"{""fa"":""کراچي""}",10032,کراچي,
785,2026-06-12 23:33:09.728375+00,2026-06-12 23:33:09.728375+00,,"{""fa"":""پکن""}",10033,پکن,
786,2026-06-12 23:33:09.728375+00,2026-06-12 23:33:09.728375+00,,"{""fa"":""رم""}",10034,رم,
787,2026-06-12 23:33:09.728375+00,2026-06-12 23:33:09.728375+00,,"{""fa"":""توکيو""}",10035,توکيو,
788,2026-06-12 23:33:09.728375+00,2026-06-12 23:33:09.728375+00,,"{""fa"":""کوآلالامپور""}",10036,کوآلالامپور,
789,2026-06-12 23:33:09.728375+00,2026-06-12 23:33:09.728375+00,,"{""fa"":""داکا""}",10037,داکا,
790,2026-06-12 23:33:09.728375+00,2026-06-12 23:33:09.728375+00,,"{""fa"":""مونيخ""}",10038,مونيخ,
791,2026-06-12 23:33:09.728375+00,2026-06-12 23:33:09.728375+00,,"{""fa"":""بيرمنگام""}",10039,بيرمنگام,
792,2026-06-12 23:33:09.728375+00,2026-06-12 23:33:09.728375+00,,"{""fa"":""منچستر""}",10040,منچستر,
793,2026-06-12 23:33:09.728375+00,2026-06-12 23:33:09.728375+00,,"{""fa"":""دوشنبه""}",10041,دوشنبه,
794,2026-06-12 23:33:09.728375+00,2026-06-12 23:33:09.728375+00,,"{""fa"":""بمبئي""}",10043,بمبئي,
795,2026-06-12 23:33:09.728375+00,2026-06-12 23:33:09.728375+00,,"{""fa"":""کوچين""}",10044,کوچين,
796,2026-06-12 23:33:09.728375+00,2026-06-12 23:33:09.728375+00,,"{""fa"":""گوتنبرگ""}",10045,گوتنبرگ,
797,2026-06-12 23:33:09.728375+00,2026-06-12 23:33:09.728375+00,,"{""fa"":""کيف""}",10046,کيف,
798,2026-06-12 23:33:09.728375+00,2026-06-12 23:33:09.728375+00,,"{""fa"":""بوداپست-مينسک""}",10047,بوداپست-مينسک,
799,2026-06-12 23:33:09.728375+00,2026-06-12 23:33:09.728375+00,,"{""fa"":""قونيه""}",10048,قونيه,
800,2026-06-12 23:33:09.728375+00,2026-06-12 23:33:09.728375+00,,"{""fa"":""تاشکند""}",10049,تاشکند,
801,2026-06-12 23:33:09.728375+00,2026-06-12 23:33:09.728375+00,,"{""fa"":""بغداد""}",10050,بغداد,
802,2026-06-12 23:33:09.728375+00,2026-06-12 23:33:09.728375+00,,"{""fa"":""اسپارتا""}",10051,اسپارتا,
803,2026-06-12 23:33:09.728375+00,2026-06-12 23:33:09.728375+00,,"{""fa"":""ازمير""}",10052,ازمير,
804,2026-06-12 23:33:09.728375+00,2026-06-12 23:33:09.728375+00,,"{""fa"":""مونستار""}",10053,مونستار,
805,2026-06-12 23:33:09.728375+00,2026-06-12 23:33:09.728375+00,,"{""fa"":""دمام""}",10054,دمام,
806,2026-06-12 23:33:09.728375+00,2026-06-12 23:33:09.728375+00,,"{""fa"":""اربيل""}",10055,اربيل,
807,2026-06-12 23:33:09.728375+00,2026-06-12 23:33:09.728375+00,,"{""fa"":""باکو""}",10056,باکو,
808,2026-06-12 23:33:09.728375+00,2026-06-12 23:33:09.728375+00,,"{""fa"":""بحرين""}",10057,بحرين,
809,2026-06-12 23:33:09.728375+00,2026-06-12 23:33:09.728375+00,,"{""fa"":""دوحه""}",10058,دوحه,
810,2026-06-12 23:33:09.728375+00,2026-06-12 23:33:09.728375+00,,"{""fa"":""سليمانيه""}",10059,سليمانيه,
811,2026-06-12 23:33:09.728375+00,2026-06-12 23:33:09.728375+00,,"{""fa"":""کويت""}",10060,کويت,
812,2026-06-12 23:33:09.728375+00,2026-06-12 23:33:09.728375+00,,"{""fa"":""لاهور""}",10061,لاهور,
813,2026-06-12 23:33:09.728375+00,2026-06-12 23:33:09.728375+00,,"{""fa"":""هالستات""}",10062,هالستات,
814,2026-06-12 23:33:09.728375+00,2026-06-12 23:33:09.728375+00,,"{""fa"":""ليزن""}",10063,ليزن,
815,2026-06-12 23:33:09.728375+00,2026-06-12 23:33:09.728375+00,,"{""fa"":""ايسنرز""}",10064,ايسنرز,
816,2026-06-12 23:33:09.728375+00,2026-06-12 23:33:09.728375+00,,"{""fa"":""گموندن""}",10065,گموندن,
817,2026-06-12 23:33:09.728375+00,2026-06-12 23:33:09.728375+00,,"{""fa"":""استير""}",10066,استير,
818,2026-06-12 23:33:09.728375+00,2026-06-12 23:33:09.728375+00,,"{""fa"":""برهال""}",10067,برهال,
819,2026-06-12 23:33:09.728375+00,2026-06-12 23:33:09.728375+00,,"{""fa"":""افردينگ""}",10068,افردينگ,
820,2026-06-12 23:33:09.728375+00,2026-06-12 23:33:09.728375+00,,"{""fa"":""لاوفن""}",10069,لاوفن,
821,2026-06-12 23:33:09.728375+00,2026-06-12 23:33:09.728375+00,,"{""fa"":""موندسي""}",10070,موندسي,
822,2026-06-12 23:33:09.728375+00,2026-06-12 23:33:09.728375+00,,"{""fa"":""سالزبورگ""}",10071,سالزبورگ,
823,2026-06-12 23:33:09.728375+00,2026-06-12 23:33:09.728375+00,,"{""fa"":""هالين""}",10072,هالين,
824,2026-06-12 23:33:09.728375+00,2026-06-12 23:33:09.728375+00,,"{""fa"":""لوفر""}",10073,لوفر,
825,2026-06-12 23:33:09.728375+00,2026-06-12 23:33:09.728375+00,,"{""fa"":""سالفلدن""}",10074,سالفلدن,
826,2026-06-12 23:33:09.728375+00,2026-06-12 23:33:09.728375+00,,"{""fa"":""كوفستين""}",10075,كوفستين,
827,2026-06-12 23:33:09.728375+00,2026-06-12 23:33:09.728375+00,,"{""fa"":""اوبرستدورف""}",10076,اوبرستدورف,
828,2026-06-12 23:33:09.728375+00,2026-06-12 23:33:09.728375+00,,"{""fa"":""ايمست""}",10077,ايمست,
829,2026-06-12 23:33:09.728375+00,2026-06-12 23:33:09.728375+00,,"{""fa"":""برگنز""}",10078,برگنز,
830,2026-06-12 23:33:09.728375+00,2026-06-12 23:33:09.728375+00,,"{""fa"":""فلدكيرش""}",10079,فلدكيرش,
831,2026-06-12 23:33:09.728375+00,2026-06-12 23:33:09.728375+00,,"{""fa"":""بلودنز""}",10080,بلودنز,
832,2026-06-12 23:33:09.728375+00,2026-06-12 23:33:09.728375+00,,"{""fa"":""اشرونز""}",10081,اشرونز,
833,2026-06-12 23:33:09.728375+00,2026-06-12 23:33:09.728375+00,,"{""fa"":""نائودرز""}",10082,نائودرز,
834,2026-06-12 23:33:09.728375+00,2026-06-12 23:33:09.728375+00,,"{""fa"":""سولدن""}",10083,سولدن,
835,2026-06-12 23:33:09.728375+00,2026-06-12 23:33:09.728375+00,,"{""fa"":""سيليان""}",10084,سيليان,
836,2026-06-12 23:33:09.728375+00,2026-06-12 23:33:09.728375+00,,"{""fa"":""ماونرندورف""}",10085,ماونرندورف,
837,2026-06-12 23:33:09.728375+00,2026-06-12 23:33:09.728375+00,,"{""fa"":""لنداسكرون""}",10086,لنداسكرون,
838,2026-06-12 23:33:09.728375+00,2026-06-12 23:33:09.728375+00,,"{""fa"":""مالمو""}",10087,مالمو,
839,2026-06-12 23:33:09.728375+00,2026-06-12 23:33:09.728375+00,,"{""fa"":""كالمار""}",10088,كالمار,
840,2026-06-12 23:33:09.728375+00,2026-06-12 23:33:09.728375+00,,"{""fa"":""يوتهبوري""}",10089,يوتهبوري,
841,2026-06-12 23:33:09.728375+00,2026-06-12 23:33:09.728375+00,,"{""fa"":""اوپسالا""}",10090,اوپسالا,
842,2026-06-12 23:33:09.728375+00,2026-06-12 23:33:09.728375+00,,"{""fa"":""لينكوپينگ""}",10091,لينكوپينگ,
843,2026-06-12 23:33:09.728375+00,2026-06-12 23:33:09.728375+00,,"{""fa"":""اسكيلستونا""}",10092,اسكيلستونا,
844,2026-06-12 23:33:09.728375+00,2026-06-12 23:33:09.728375+00,,"{""fa"":""مالونگ""}",10093,مالونگ,
845,2026-06-12 23:33:09.728375+00,2026-06-12 23:33:09.728375+00,,"{""fa"":""كوپنيگ""}",10094,كوپنيگ,
846,2026-06-12 23:33:09.728375+00,2026-06-12 23:33:09.728375+00,,"{""fa"":""زودرتليه""}",10095,زودرتليه,
847,2026-06-12 23:33:09.728375+00,2026-06-12 23:33:09.728375+00,,"{""fa"":""نينسهامن""}",10096,نينسهامن,
848,2026-06-12 23:33:09.728375+00,2026-06-12 23:33:09.728375+00,,"{""fa"":""نيكوپينگ""}",10097,نيكوپينگ,
849,2026-06-12 23:33:09.728375+00,2026-06-12 23:33:09.728375+00,,"{""fa"":""لكسا""}",10098,لكسا,
850,2026-06-12 23:33:09.728375+00,2026-06-12 23:33:09.728375+00,,"{""fa"":""كارلسكوگا""}",10099,كارلسكوگا,
851,2026-06-12 23:33:09.728375+00,2026-06-12 23:33:09.728375+00,,"{""fa"":""چارلوتنبرگ""}",10100,چارلوتنبرگ,
852,2026-06-12 23:33:09.728375+00,2026-06-12 23:33:09.728375+00,,"{""fa"":""فليپستاد""}",10101,فليپستاد,
853,2026-06-12 23:33:09.739969+00,2026-06-12 23:33:09.739969+00,,"{""fa"":""كارلستاد""}",10102,كارلستاد,
854,2026-06-12 23:33:09.739969+00,2026-06-12 23:33:09.739969+00,,"{""fa"":""نوركوپينگ""}",10103,نوركوپينگ,
855,2026-06-12 23:33:09.739969+00,2026-06-12 23:33:09.739969+00,,"{""fa"":""سارپسبورگ""}",10104,سارپسبورگ,
856,2026-06-12 23:33:09.739969+00,2026-06-12 23:33:09.739969+00,,"{""fa"":""هالدن""}",10105,هالدن,
857,2026-06-12 23:33:09.739969+00,2026-06-12 23:33:09.739969+00,,"{""fa"":""اومول""}",10106,اومول,
858,2026-06-12 23:33:09.739969+00,2026-06-12 23:33:09.739969+00,,"{""fa"":""مارسيتاد""}",10107,مارسيتاد,
859,2026-06-12 23:33:09.739969+00,2026-06-12 23:33:09.739969+00,,"{""fa"":""استرومستاد""}",10108,استرومستاد,
860,2026-06-12 23:33:09.739969+00,2026-06-12 23:33:09.739969+00,,"{""fa"":""ونرسبورگ""}",10109,ونرسبورگ,
861,2026-06-12 23:33:09.739969+00,2026-06-12 23:33:09.739969+00,,"{""fa"":""اودوالا""}",10110,اودوالا,
862,2026-06-12 23:33:09.739969+00,2026-06-12 23:33:09.739969+00,,"{""fa"":""راجستان""}",10111,راجستان,
863,2026-06-12 23:33:09.739969+00,2026-06-12 23:33:09.739969+00,,"{""fa"":""جي پور""}",10112,جي پور,
864,2026-06-12 23:33:09.739969+00,2026-06-12 23:33:09.739969+00,,"{""fa"":""گجرات""}",10113,گجرات,
865,2026-06-12 23:33:09.739969+00,2026-06-12 23:33:09.739969+00,,"{""fa"":""احمدآباد""}",10114,احمدآباد,
866,2026-06-12 23:33:09.739969+00,2026-06-12 23:33:09.739969+00,,"{""fa"":""وادودارا""}",10115,وادودارا,
867,2026-06-12 23:33:09.739969+00,2026-06-12 23:33:09.739969+00,,"{""fa"":""صورت""}",10116,صورت,
868,2026-06-12 23:33:09.739969+00,2026-06-12 23:33:09.739969+00,,"{""fa"":""مادياپرادش""}",10117,مادياپرادش,
869,2026-06-12 23:33:09.739969+00,2026-06-12 23:33:09.739969+00,,"{""fa"":""ايندور""}",10118,ايندور,
870,2026-06-12 23:33:09.739969+00,2026-06-12 23:33:09.739969+00,,"{""fa"":""اوريسا""}",10119,اوريسا,
871,2026-06-12 23:33:09.739969+00,2026-06-12 23:33:09.739969+00,,"{""fa"":""بوبانسور""}",10120,بوبانسور,
872,2026-06-12 23:33:09.739969+00,2026-06-12 23:33:09.739969+00,,"{""fa"":""ويشاخاپانتام""}",10121,ويشاخاپانتام,
1189,2026-06-12 23:33:09.758785+00,2026-06-12 23:33:09.758785+00,,"{""fa"":""ليه""}",10438,ليه,
873,2026-06-12 23:33:09.739969+00,2026-06-12 23:33:09.739969+00,,"{""fa"":""دادرانگرهاولي""}",10122,دادرانگرهاولي,
874,2026-06-12 23:33:09.739969+00,2026-06-12 23:33:09.739969+00,,"{""fa"":""سيلواسا""}",10123,سيلواسا,
875,2026-06-12 23:33:09.739969+00,2026-06-12 23:33:09.739969+00,,"{""fa"":""ماهارشترا""}",10124,ماهارشترا,
876,2026-06-12 23:33:09.739969+00,2026-06-12 23:33:09.739969+00,,"{""fa"":""ناگپور""}",10125,ناگپور,
877,2026-06-12 23:33:09.739969+00,2026-06-12 23:33:09.739969+00,,"{""fa"":""كرناتاكا""}",10126,كرناتاكا,
878,2026-06-12 23:33:09.739969+00,2026-06-12 23:33:09.739969+00,,"{""fa"":""پاناجي""}",10127,پاناجي,
879,2026-06-12 23:33:09.739969+00,2026-06-12 23:33:09.739969+00,,"{""fa"":""گوآ""}",10128,گوآ,
880,2026-06-12 23:33:09.739969+00,2026-06-12 23:33:09.739969+00,,"{""fa"":""منگلور""}",10129,منگلور,
881,2026-06-12 23:33:09.739969+00,2026-06-12 23:33:09.739969+00,,"{""fa"":""تاميل نادو""}",10130,تاميل نادو,
882,2026-06-12 23:33:09.739969+00,2026-06-12 23:33:09.739969+00,,"{""fa"":""مدرس""}",10131,مدرس,
883,2026-06-12 23:33:09.739969+00,2026-06-12 23:33:09.739969+00,,"{""fa"":""پانديچري""}",10132,پانديچري,
884,2026-06-12 23:33:09.739969+00,2026-06-12 23:33:09.739969+00,,"{""fa"":""مادوراي""}",10133,مادوراي,
885,2026-06-12 23:33:09.739969+00,2026-06-12 23:33:09.739969+00,,"{""fa"":""كويمبتور""}",10134,كويمبتور,
886,2026-06-12 23:33:09.739969+00,2026-06-12 23:33:09.739969+00,,"{""fa"":""تريواندروم""}",10135,تريواندروم,
887,2026-06-12 23:33:09.739969+00,2026-06-12 23:33:09.739969+00,,"{""fa"":""بوسان""}",10136,بوسان,
888,2026-06-12 23:33:09.739969+00,2026-06-12 23:33:09.739969+00,,"{""fa"":""تايجون""}",10137,تايجون,
889,2026-06-12 23:33:09.739969+00,2026-06-12 23:33:09.739969+00,,"{""fa"":""كوانگ جو""}",10138,كوانگ جو,
890,2026-06-12 23:33:09.739969+00,2026-06-12 23:33:09.739969+00,,"{""fa"":""وانگيانگ""}",10139,وانگيانگ,
891,2026-06-12 23:33:09.739969+00,2026-06-12 23:33:09.739969+00,,"{""fa"":""موكپو""}",10140,موكپو,
892,2026-06-12 23:33:09.739969+00,2026-06-12 23:33:09.739969+00,,"{""fa"":""اينچون""}",10141,اينچون,
893,2026-06-12 23:33:09.739969+00,2026-06-12 23:33:09.739969+00,,"{""fa"":""يوهانگ""}",10142,يوهانگ,
894,2026-06-12 23:33:09.739969+00,2026-06-12 23:33:09.739969+00,,"{""fa"":""تائگو""}",10143,تائگو,
895,2026-06-12 23:33:09.739969+00,2026-06-12 23:33:09.739969+00,,"{""fa"":""آن يانگ""}",10144,آن يانگ,
896,2026-06-12 23:33:09.739969+00,2026-06-12 23:33:09.739969+00,,"{""fa"":""اولسان""}",10145,اولسان,
897,2026-06-12 23:33:09.739969+00,2026-06-12 23:33:09.739969+00,,"{""fa"":""پوسان""}",10146,پوسان,
898,2026-06-12 23:33:09.739969+00,2026-06-12 23:33:09.739969+00,,"{""fa"":""پيونگيانگ""}",10147,پيونگيانگ,
899,2026-06-12 23:33:09.739969+00,2026-06-12 23:33:09.739969+00,,"{""fa"":""هامهونگ""}",10148,هامهونگ,
900,2026-06-12 23:33:09.739969+00,2026-06-12 23:33:09.739969+00,,"{""fa"":""ساينجانگ""}",10149,ساينجانگ,
901,2026-06-12 23:33:09.739969+00,2026-06-12 23:33:09.739969+00,,"{""fa"":""سونان""}",10150,سونان,
902,2026-06-12 23:33:09.739969+00,2026-06-12 23:33:09.739969+00,,"{""fa"":""كانگسو""}",10151,كانگسو,
903,2026-06-12 23:33:09.739969+00,2026-06-12 23:33:09.739969+00,,"{""fa"":""چونگسان""}",10152,چونگسان,
904,2026-06-12 23:33:09.739969+00,2026-06-12 23:33:09.739969+00,,"{""fa"":""كانگدونگ""}",10153,كانگدونگ,
905,2026-06-12 23:33:09.739969+00,2026-06-12 23:33:09.739969+00,,"{""fa"":""كائسونگ""}",10154,كائسونگ,
906,2026-06-12 23:33:09.739969+00,2026-06-12 23:33:09.739969+00,,"{""fa"":""حبيب الشيوخ""}",10155,حبيب الشيوخ,
907,2026-06-12 23:33:09.739969+00,2026-06-12 23:33:09.739969+00,,"{""fa"":""جهره""}",10156,جهره,
908,2026-06-12 23:33:09.739969+00,2026-06-12 23:33:09.739969+00,,"{""fa"":""حولي""}",10157,حولي,
909,2026-06-12 23:33:09.739969+00,2026-06-12 23:33:09.739969+00,,"{""fa"":""كاظميه""}",10158,كاظميه,
910,2026-06-12 23:33:09.739969+00,2026-06-12 23:33:09.739969+00,,"{""fa"":""مديره""}",10159,مديره,
911,2026-06-12 23:33:09.739969+00,2026-06-12 23:33:09.739969+00,,"{""fa"":""شيپرتن""}",10160,شيپرتن,
912,2026-06-12 23:33:09.739969+00,2026-06-12 23:33:09.739969+00,,"{""fa"":""موئه""}",10161,موئه,
913,2026-06-12 23:33:09.739969+00,2026-06-12 23:33:09.739969+00,,"{""fa"":""آلبري""}",10162,آلبري,
914,2026-06-12 23:33:09.739969+00,2026-06-12 23:33:09.739969+00,,"{""fa"":""گولبرن""}",10163,گولبرن,
915,2026-06-12 23:33:09.739969+00,2026-06-12 23:33:09.739969+00,,"{""fa"":""كافسهابور""}",10164,كافسهابور,
916,2026-06-12 23:33:09.739969+00,2026-06-12 23:33:09.739969+00,,"{""fa"":""ويلونا""}",10165,ويلونا,
917,2026-06-12 23:33:09.739969+00,2026-06-12 23:33:09.739969+00,,"{""fa"":""ويكتورهاربر""}",10166,ويكتورهاربر,
918,2026-06-12 23:33:09.739969+00,2026-06-12 23:33:09.739969+00,,"{""fa"":""رنمارك""}",10167,رنمارك,
919,2026-06-12 23:33:09.739969+00,2026-06-12 23:33:09.739969+00,,"{""fa"":""مورايبريچ""}",10168,مورايبريچ,
920,2026-06-12 23:33:09.739969+00,2026-06-12 23:33:09.739969+00,,"{""fa"":""وايالا""}",10169,وايالا,
921,2026-06-12 23:33:09.739969+00,2026-06-12 23:33:09.739969+00,,"{""fa"":""كدونا""}",10170,كدونا,
922,2026-06-12 23:33:09.739969+00,2026-06-12 23:33:09.739969+00,,"{""fa"":""ليكريك""}",10171,ليكريك,
923,2026-06-12 23:33:09.739969+00,2026-06-12 23:33:09.739969+00,,"{""fa"":""وومرا""}",10172,وومرا,
924,2026-06-12 23:33:09.739969+00,2026-06-12 23:33:09.739969+00,,"{""fa"":""پيتربره""}",10173,پيتربره,
925,2026-06-12 23:33:09.739969+00,2026-06-12 23:33:09.739969+00,,"{""fa"":""پورتپيري""}",10174,پورتپيري,
926,2026-06-12 23:33:09.739969+00,2026-06-12 23:33:09.739969+00,,"{""fa"":""كورن""}",10175,كورن,
927,2026-06-12 23:33:09.739969+00,2026-06-12 23:33:09.739969+00,,"{""fa"":""تام ورث""}",10176,تام ورث,
928,2026-06-12 23:33:09.739969+00,2026-06-12 23:33:09.739969+00,,"{""fa"":""ميلدورا""}",10177,ميلدورا,
929,2026-06-12 23:33:09.739969+00,2026-06-12 23:33:09.739969+00,,"{""fa"":""ايرونكنوب""}",10178,ايرونكنوب,
930,2026-06-12 23:33:09.739969+00,2026-06-12 23:33:09.739969+00,,"{""fa"":""سدونا""}",10179,سدونا,
931,2026-06-12 23:33:09.739969+00,2026-06-12 23:33:09.739969+00,,"{""fa"":""تاركولا""}",10180,تاركولا,
932,2026-06-12 23:33:09.739969+00,2026-06-12 23:33:09.739969+00,,"{""fa"":""اولدئا""}",10181,اولدئا,
933,2026-06-12 23:33:09.739969+00,2026-06-12 23:33:09.739969+00,,"{""fa"":""آرارات""}",10182,آرارات,
934,2026-06-12 23:33:09.739969+00,2026-06-12 23:33:09.739969+00,,"{""fa"":""هورشام""}",10183,هورشام,
935,2026-06-12 23:33:09.739969+00,2026-06-12 23:33:09.739969+00,,"{""fa"":""ايوانو""}",10184,ايوانو,
936,2026-06-12 23:33:09.739969+00,2026-06-12 23:33:09.739969+00,,"{""fa"":""بالرانالد""}",10185,بالرانالد,
937,2026-06-12 23:33:09.739969+00,2026-06-12 23:33:09.739969+00,,"{""fa"":""كاندوبولين""}",10186,كاندوبولين,
938,2026-06-12 23:33:09.739969+00,2026-06-12 23:33:09.739969+00,,"{""fa"":""باترست""}",10187,باترست,
939,2026-06-12 23:33:09.739969+00,2026-06-12 23:33:09.739969+00,,"{""fa"":""گريفيت""}",10188,گريفيت,
940,2026-06-12 23:33:09.739969+00,2026-06-12 23:33:09.739969+00,,"{""fa"":""كوبرپدي""}",10189,كوبرپدي,
941,2026-06-12 23:33:09.739969+00,2026-06-12 23:33:09.739969+00,,"{""fa"":""اودناداتا""}",10190,اودناداتا,
942,2026-06-12 23:33:09.739969+00,2026-06-12 23:33:09.739969+00,,"{""fa"":""كوتاموندرا""}",10191,كوتاموندرا,
943,2026-06-12 23:33:09.739969+00,2026-06-12 23:33:09.739969+00,,"{""fa"":""اوربوست""}",10192,اوربوست,
944,2026-06-12 23:33:09.739969+00,2026-06-12 23:33:09.739969+00,,"{""fa"":""هميلتن""}",10193,هميلتن,
945,2026-06-12 23:33:09.739969+00,2026-06-12 23:33:09.739969+00,,"{""fa"":""جوني""}",10194,جوني,
946,2026-06-12 23:33:09.739969+00,2026-06-12 23:33:09.739969+00,,"{""fa"":""نولونبوي""}",10195,نولونبوي,
947,2026-06-12 23:33:09.739969+00,2026-06-12 23:33:09.739969+00,,"{""fa"":""آدليدريور""}",10196,آدليدريور,
948,2026-06-12 23:33:09.739969+00,2026-06-12 23:33:09.739969+00,,"{""fa"":""تنانتكريك""}",10197,تنانتكريك,
949,2026-06-12 23:33:09.739969+00,2026-06-12 23:33:09.739969+00,,"{""fa"":""ميتلند""}",10198,ميتلند,
950,2026-06-12 23:33:09.739969+00,2026-06-12 23:33:09.739969+00,,"{""fa"":""باروكريك""}",10199,باروكريك,
951,2026-06-12 23:33:09.739969+00,2026-06-12 23:33:09.739969+00,,"{""fa"":""آليساسپرينگز""}",10200,آليساسپرينگز,
952,2026-06-12 23:33:09.739969+00,2026-06-12 23:33:09.739969+00,,"{""fa"":""لاريما""}",10201,لاريما,
953,2026-06-12 23:33:09.747711+00,2026-06-12 23:33:09.747711+00,,"{""fa"":""ووهيل""}",10202,ووهيل,
954,2026-06-12 23:33:09.747711+00,2026-06-12 23:33:09.747711+00,,"{""fa"":""ويكتوريايوردونز""}",10203,ويكتوريايوردونز,
955,2026-06-12 23:33:09.747711+00,2026-06-12 23:33:09.747711+00,,"{""fa"":""پاگوميسيون""}",10204,پاگوميسيون,
956,2026-06-12 23:33:09.747711+00,2026-06-12 23:33:09.747711+00,,"{""fa"":""رامجانگل""}",10205,رامجانگل,
957,2026-06-12 23:33:09.747711+00,2026-06-12 23:33:09.747711+00,,"{""fa"":""هالزكريك""}",10206,هالزكريك,
958,2026-06-12 23:33:09.747711+00,2026-06-12 23:33:09.747711+00,,"{""fa"":""ماربلبار""}",10207,ماربلبار,
959,2026-06-12 23:33:09.747711+00,2026-06-12 23:33:09.747711+00,,"{""fa"":""نولاگين""}",10208,نولاگين,
960,2026-06-12 23:33:09.747711+00,2026-06-12 23:33:09.747711+00,,"{""fa"":""باماگا""}",10209,باماگا,
961,2026-06-12 23:33:09.747711+00,2026-06-12 23:33:09.747711+00,,"{""fa"":""مزارشريف""}",10210,مزارشريف,
962,2026-06-12 23:33:09.747711+00,2026-06-12 23:33:09.747711+00,,"{""fa"":""هرات""}",10211,هرات,
963,2026-06-12 23:33:09.747711+00,2026-06-12 23:33:09.747711+00,,"{""fa"":""ايبك""}",10212,ايبك,
964,2026-06-12 23:33:09.747711+00,2026-06-12 23:33:09.747711+00,,"{""fa"":""بغلان""}",10213,بغلان,
965,2026-06-12 23:33:09.747711+00,2026-06-12 23:33:09.747711+00,,"{""fa"":""جلالآباد""}",10214,جلالآباد,
966,2026-06-12 23:33:09.747711+00,2026-06-12 23:33:09.747711+00,,"{""fa"":""خانآباد""}",10215,خانآباد,
967,2026-06-12 23:33:09.747711+00,2026-06-12 23:33:09.747711+00,,"{""fa"":""خوست""}",10216,خوست,
968,2026-06-12 23:33:09.747711+00,2026-06-12 23:33:09.747711+00,,"{""fa"":""شبرغان""}",10217,شبرغان,
969,2026-06-12 23:33:09.747711+00,2026-06-12 23:33:09.747711+00,,"{""fa"":""قندهار""}",10218,قندهار,
970,2026-06-12 23:33:09.747711+00,2026-06-12 23:33:09.747711+00,,"{""fa"":""غزني""}",10219,غزني,
971,2026-06-12 23:33:09.747711+00,2026-06-12 23:33:09.747711+00,,"{""fa"":""باميان""}",10220,باميان,
972,2026-06-12 23:33:09.747711+00,2026-06-12 23:33:09.747711+00,,"{""fa"":""فراه""}",10221,فراه,
973,2026-06-12 23:33:09.747711+00,2026-06-12 23:33:09.747711+00,,"{""fa"":""بدخشان""}",10222,بدخشان,
974,2026-06-12 23:33:09.747711+00,2026-06-12 23:33:09.747711+00,,"{""fa"":""فيضآباد""}",10223,فيضآباد,
975,2026-06-12 23:33:09.747711+00,2026-06-12 23:33:09.747711+00,,"{""fa"":""كنر""}",10224,كنر,
976,2026-06-12 23:33:09.747711+00,2026-06-12 23:33:09.747711+00,,"{""fa"":""اسدآباد""}",10225,اسدآباد,
977,2026-06-12 23:33:09.747711+00,2026-06-12 23:33:09.747711+00,,"{""fa"":""ننگرهار""}",10226,ننگرهار,
978,2026-06-12 23:33:09.747711+00,2026-06-12 23:33:09.747711+00,,"{""fa"":""لغمان""}",10227,لغمان,
979,2026-06-12 23:33:09.747711+00,2026-06-12 23:33:09.747711+00,,"{""fa"":""مهترلام""}",10228,مهترلام,
980,2026-06-12 23:33:09.747711+00,2026-06-12 23:33:09.747711+00,,"{""fa"":""تخار""}",10229,تخار,
981,2026-06-12 23:33:09.747711+00,2026-06-12 23:33:09.747711+00,,"{""fa"":""تالقان""}",10230,تالقان,
982,2026-06-12 23:33:09.747711+00,2026-06-12 23:33:09.747711+00,,"{""fa"":""قندوز""}",10231,قندوز,
983,2026-06-12 23:33:09.747711+00,2026-06-12 23:33:09.747711+00,,"{""fa"":""محمودراكي""}",10232,محمودراكي,
984,2026-06-12 23:33:09.747711+00,2026-06-12 23:33:09.747711+00,,"{""fa"":""كاپيسا""}",10233,كاپيسا,
985,2026-06-12 23:33:09.747711+00,2026-06-12 23:33:09.747711+00,,"{""fa"":""چاريكار""}",10234,چاريكار,
986,2026-06-12 23:33:09.747711+00,2026-06-12 23:33:09.747711+00,,"{""fa"":""پروان""}",10235,پروان,
987,2026-06-12 23:33:09.747711+00,2026-06-12 23:33:09.747711+00,,"{""fa"":""ميدانشهر""}",10236,ميدانشهر,
988,2026-06-12 23:33:09.747711+00,2026-06-12 23:33:09.747711+00,,"{""fa"":""ورداق""}",10237,ورداق,
989,2026-06-12 23:33:09.747711+00,2026-06-12 23:33:09.747711+00,,"{""fa"":""لوگر""}",10238,لوگر,
990,2026-06-12 23:33:09.747711+00,2026-06-12 23:33:09.747711+00,,"{""fa"":""بركي""}",10239,بركي,
991,2026-06-12 23:33:09.747711+00,2026-06-12 23:33:09.747711+00,,"{""fa"":""پكتيا""}",10240,پكتيا,
992,2026-06-12 23:33:09.747711+00,2026-06-12 23:33:09.747711+00,,"{""fa"":""گرديز""}",10241,گرديز,
993,2026-06-12 23:33:09.747711+00,2026-06-12 23:33:09.747711+00,,"{""fa"":""پكتيكا""}",10242,پكتيكا,
994,2026-06-12 23:33:09.747711+00,2026-06-12 23:33:09.747711+00,,"{""fa"":""شران""}",10243,شران,
995,2026-06-12 23:33:09.747711+00,2026-06-12 23:33:09.747711+00,,"{""fa"":""سمنگان""}",10244,سمنگان,
996,2026-06-12 23:33:09.747711+00,2026-06-12 23:33:09.747711+00,,"{""fa"":""زابل""}",10245,زابل,
997,2026-06-12 23:33:09.747711+00,2026-06-12 23:33:09.747711+00,,"{""fa"":""كلات""}",10246,كلات,
998,2026-06-12 23:33:09.747711+00,2026-06-12 23:33:09.747711+00,,"{""fa"":""ارزگان""}",10247,ارزگان,
999,2026-06-12 23:33:09.747711+00,2026-06-12 23:33:09.747711+00,,"{""fa"":""ترينكوت""}",10248,ترينكوت,
1000,2026-06-12 23:33:09.747711+00,2026-06-12 23:33:09.747711+00,,"{""fa"":""سرپل""}",10249,سرپل,
1001,2026-06-12 23:33:09.747711+00,2026-06-12 23:33:09.747711+00,,"{""fa"":""بلخ""}",10250,بلخ,
1002,2026-06-12 23:33:09.747711+00,2026-06-12 23:33:09.747711+00,,"{""fa"":""جوزجان""}",10251,جوزجان,
1003,2026-06-12 23:33:09.747711+00,2026-06-12 23:33:09.747711+00,,"{""fa"":""ميمنه""}",10252,ميمنه,
1004,2026-06-12 23:33:09.747711+00,2026-06-12 23:33:09.747711+00,,"{""fa"":""فارياب""}",10253,فارياب,
1005,2026-06-12 23:33:09.747711+00,2026-06-12 23:33:09.747711+00,,"{""fa"":""چغچران""}",10254,چغچران,
1006,2026-06-12 23:33:09.747711+00,2026-06-12 23:33:09.747711+00,,"{""fa"":""غور""}",10255,غور,
1007,2026-06-12 23:33:09.747711+00,2026-06-12 23:33:09.747711+00,,"{""fa"":""هلمند""}",10256,هلمند,
1008,2026-06-12 23:33:09.747711+00,2026-06-12 23:33:09.747711+00,,"{""fa"":""لشگرگاه""}",10257,لشگرگاه,
1009,2026-06-12 23:33:09.747711+00,2026-06-12 23:33:09.747711+00,,"{""fa"":""بست""}",10258,بست,
1010,2026-06-12 23:33:09.747711+00,2026-06-12 23:33:09.747711+00,,"{""fa"":""نيمروز""}",10259,نيمروز,
1011,2026-06-12 23:33:09.747711+00,2026-06-12 23:33:09.747711+00,,"{""fa"":""زرنج""}",10260,زرنج,
1012,2026-06-12 23:33:09.747711+00,2026-06-12 23:33:09.747711+00,,"{""fa"":""بادغيس""}",10261,بادغيس,
1013,2026-06-12 23:33:09.747711+00,2026-06-12 23:33:09.747711+00,,"{""fa"":""قلعهنو""}",10262,قلعهنو,
1014,2026-06-12 23:33:09.747711+00,2026-06-12 23:33:09.747711+00,,"{""fa"":""بريكوت""}",10263,بريكوت,
1015,2026-06-12 23:33:09.747711+00,2026-06-12 23:33:09.747711+00,,"{""fa"":""كامديش""}",10264,كامديش,
1016,2026-06-12 23:33:09.747711+00,2026-06-12 23:33:09.747711+00,,"{""fa"":""اشكاشم""}",10265,اشكاشم,
1017,2026-06-12 23:33:09.747711+00,2026-06-12 23:33:09.747711+00,,"{""fa"":""پامير""}",10266,پامير,
1018,2026-06-12 23:33:09.747711+00,2026-06-12 23:33:09.747711+00,,"{""fa"":""وخان""}",10267,وخان,
1019,2026-06-12 23:33:09.747711+00,2026-06-12 23:33:09.747711+00,,"{""fa"":""جرم""}",10268,جرم,
1020,2026-06-12 23:33:09.747711+00,2026-06-12 23:33:09.747711+00,,"{""fa"":""ينگيقلعه""}",10269,ينگيقلعه,
1021,2026-06-12 23:33:09.747711+00,2026-06-12 23:33:09.747711+00,,"{""fa"":""امامصاحب""}",10270,امامصاحب,
1022,2026-06-12 23:33:09.747711+00,2026-06-12 23:33:09.747711+00,,"{""fa"":""خلم""}",10271,خلم,
1023,2026-06-12 23:33:09.747711+00,2026-06-12 23:33:09.747711+00,,"{""fa"":""پلخمري""}",10272,پلخمري,
1024,2026-06-12 23:33:09.747711+00,2026-06-12 23:33:09.747711+00,,"{""fa"":""آقچه""}",10273,آقچه,
1025,2026-06-12 23:33:09.747711+00,2026-06-12 23:33:09.747711+00,,"{""fa"":""اندخوي""}",10274,اندخوي,
1026,2026-06-12 23:33:09.747711+00,2026-06-12 23:33:09.747711+00,,"{""fa"":""رخه""}",10275,رخه,
1027,2026-06-12 23:33:09.747711+00,2026-06-12 23:33:09.747711+00,,"{""fa"":""پلعلم""}",10276,پلعلم,
1028,2026-06-12 23:33:09.747711+00,2026-06-12 23:33:09.747711+00,,"{""fa"":""حاجيخيل""}",10277,حاجيخيل,
1029,2026-06-12 23:33:09.747711+00,2026-06-12 23:33:09.747711+00,,"{""fa"":""دوشي""}",10278,دوشي,
1030,2026-06-12 23:33:09.747711+00,2026-06-12 23:33:09.747711+00,,"{""fa"":""مقر""}",10279,مقر,
1031,2026-06-12 23:33:09.747711+00,2026-06-12 23:33:09.747711+00,,"{""fa"":""ارغنداب""}",10280,ارغنداب,
1032,2026-06-12 23:33:09.747711+00,2026-06-12 23:33:09.747711+00,,"{""fa"":""وازهخوا""}",10281,وازهخوا,
1033,2026-06-12 23:33:09.747711+00,2026-06-12 23:33:09.747711+00,,"{""fa"":""بخشاكلي""}",10282,بخشاكلي,
1034,2026-06-12 23:33:09.747711+00,2026-06-12 23:33:09.747711+00,,"{""fa"":""ارغستان""}",10283,ارغستان,
1035,2026-06-12 23:33:09.747711+00,2026-06-12 23:33:09.747711+00,,"{""fa"":""دلارام""}",10284,دلارام,
1036,2026-06-12 23:33:09.747711+00,2026-06-12 23:33:09.747711+00,,"{""fa"":""پنجاب""}",10285,پنجاب,
1037,2026-06-12 23:33:09.747711+00,2026-06-12 23:33:09.747711+00,,"{""fa"":""شهرك""}",10286,شهرك,
1038,2026-06-12 23:33:09.747711+00,2026-06-12 23:33:09.747711+00,,"{""fa"":""تولك""}",10287,تولك,
1039,2026-06-12 23:33:09.747711+00,2026-06-12 23:33:09.747711+00,,"{""fa"":""چاربرجك""}",10288,چاربرجك,
1040,2026-06-12 23:33:09.747711+00,2026-06-12 23:33:09.747711+00,,"{""fa"":""شوراوك""}",10289,شوراوك,
1041,2026-06-12 23:33:09.747711+00,2026-06-12 23:33:09.747711+00,,"{""fa"":""راشجوين""}",10290,راشجوين,
1042,2026-06-12 23:33:09.747711+00,2026-06-12 23:33:09.747711+00,,"{""fa"":""اناردره""}",10291,اناردره,
1043,2026-06-12 23:33:09.747711+00,2026-06-12 23:33:09.747711+00,,"{""fa"":""تورغندي""}",10292,تورغندي,
1044,2026-06-12 23:33:09.747711+00,2026-06-12 23:33:09.747711+00,,"{""fa"":""كهسان""}",10293,كهسان,
1045,2026-06-12 23:33:09.747711+00,2026-06-12 23:33:09.747711+00,,"{""fa"":""مرغاب""}",10294,مرغاب,
1046,2026-06-12 23:33:09.747711+00,2026-06-12 23:33:09.747711+00,,"{""fa"":""دوآبروي""}",10295,دوآبروي,
1047,2026-06-12 23:33:09.747711+00,2026-06-12 23:33:09.747711+00,,"{""fa"":""تونلسلنگ""}",10296,تونلسلنگ,
1048,2026-06-12 23:33:09.747711+00,2026-06-12 23:33:09.747711+00,,"{""fa"":""سنگ چارك""}",10297,سنگ چارك,
1049,2026-06-12 23:33:09.747711+00,2026-06-12 23:33:09.747711+00,,"{""fa"":""سپينبولدك""}",10298,سپينبولدك,
1050,2026-06-12 23:33:09.747711+00,2026-06-12 23:33:09.747711+00,,"{""fa"":""كويته""}",10299,كويته,
1051,2026-06-12 23:33:09.747711+00,2026-06-12 23:33:09.747711+00,,"{""fa"":""راولپندي""}",10300,راولپندي,
1052,2026-06-12 23:33:09.747711+00,2026-06-12 23:33:09.747711+00,,"{""fa"":""پيشاور""}",10301,پيشاور,
1053,2026-06-12 23:33:09.752649+00,2026-06-12 23:33:09.752649+00,,"{""fa"":""اسلامآباد""}",10302,اسلامآباد,
1054,2026-06-12 23:33:09.752649+00,2026-06-12 23:33:09.752649+00,,"{""fa"":""حيدرآباد""}",10303,حيدرآباد,
1055,2026-06-12 23:33:09.752649+00,2026-06-12 23:33:09.752649+00,,"{""fa"":""كسور""}",10304,كسور,
1056,2026-06-12 23:33:09.752649+00,2026-06-12 23:33:09.752649+00,,"{""fa"":""مردان""}",10305,مردان,
1057,2026-06-12 23:33:09.752649+00,2026-06-12 23:33:09.752649+00,,"{""fa"":""بهاولپور""}",10306,بهاولپور,
1058,2026-06-12 23:33:09.752649+00,2026-06-12 23:33:09.752649+00,,"{""fa"":""ماچ""}",10307,ماچ,
1059,2026-06-12 23:33:09.752649+00,2026-06-12 23:33:09.752649+00,,"{""fa"":""باركهان""}",10308,باركهان,
1060,2026-06-12 23:33:09.752649+00,2026-06-12 23:33:09.752649+00,,"{""fa"":""هرنئي""}",10309,هرنئي,
1061,2026-06-12 23:33:09.752649+00,2026-06-12 23:33:09.752649+00,,"{""fa"":""جكوبآباد""}",10310,جكوبآباد,
1062,2026-06-12 23:33:09.752649+00,2026-06-12 23:33:09.752649+00,,"{""fa"":""سوئي""}",10311,سوئي,
1063,2026-06-12 23:33:09.752649+00,2026-06-12 23:33:09.752649+00,,"{""fa"":""كهان""}",10312,كهان,
1064,2026-06-12 23:33:09.752649+00,2026-06-12 23:33:09.752649+00,,"{""fa"":""نوتل""}",10313,نوتل,
1065,2026-06-12 23:33:09.752649+00,2026-06-12 23:33:09.752649+00,,"{""fa"":""سيبي""}",10314,سيبي,
1066,2026-06-12 23:33:09.752649+00,2026-06-12 23:33:09.752649+00,,"{""fa"":""گنداوه""}",10315,گنداوه,
1067,2026-06-12 23:33:09.752649+00,2026-06-12 23:33:09.752649+00,,"{""fa"":""نوشكي""}",10316,نوشكي,
1068,2026-06-12 23:33:09.752649+00,2026-06-12 23:33:09.752649+00,,"{""fa"":""ابتآباد""}",10317,ابتآباد,
1069,2026-06-12 23:33:09.752649+00,2026-06-12 23:33:09.752649+00,,"{""fa"":""ديرهبگتي""}",10318,ديرهبگتي,
1070,2026-06-12 23:33:09.752649+00,2026-06-12 23:33:09.752649+00,,"{""fa"":""كلات""}",10319,كلات,
1071,2026-06-12 23:33:09.752649+00,2026-06-12 23:33:09.752649+00,,"{""fa"":""مستونگ""}",10320,مستونگ,
1072,2026-06-12 23:33:09.752649+00,2026-06-12 23:33:09.752649+00,,"{""fa"":""دالبندين""}",10321,دالبندين,
1073,2026-06-12 23:33:09.752649+00,2026-06-12 23:33:09.752649+00,,"{""fa"":""چاگي""}",10322,چاگي,
1074,2026-06-12 23:33:09.752649+00,2026-06-12 23:33:09.752649+00,,"{""fa"":""قيلاسفيد""}",10323,قيلاسفيد,
1075,2026-06-12 23:33:09.752649+00,2026-06-12 23:33:09.752649+00,,"{""fa"":""خاران""}",10324,خاران,
1076,2026-06-12 23:33:09.752649+00,2026-06-12 23:33:09.752649+00,,"{""fa"":""كارودي""}",10325,كارودي,
1077,2026-06-12 23:33:09.752649+00,2026-06-12 23:33:09.752649+00,,"{""fa"":""نوككندي""}",10326,نوككندي,
1078,2026-06-12 23:33:09.752649+00,2026-06-12 23:33:09.752649+00,,"{""fa"":""واشوك""}",10327,واشوك,
1079,2026-06-12 23:33:09.752649+00,2026-06-12 23:33:09.752649+00,,"{""fa"":""مظفرگره""}",10328,مظفرگره,
1080,2026-06-12 23:33:09.752649+00,2026-06-12 23:33:09.752649+00,,"{""fa"":""قلعهلادگشت""}",10329,قلعهلادگشت,
1081,2026-06-12 23:33:09.752649+00,2026-06-12 23:33:09.752649+00,,"{""fa"":""پلنتاك""}",10330,پلنتاك,
1082,2026-06-12 23:33:09.752649+00,2026-06-12 23:33:09.752649+00,,"{""fa"":""خضدار""}",10331,خضدار,
1083,2026-06-12 23:33:09.752649+00,2026-06-12 23:33:09.752649+00,,"{""fa"":""ود""}",10332,ود,
1084,2026-06-12 23:33:09.752649+00,2026-06-12 23:33:09.752649+00,,"{""fa"":""ناقلاكلات""}",10333,ناقلاكلات,
1085,2026-06-12 23:33:09.752649+00,2026-06-12 23:33:09.752649+00,,"{""fa"":""اتهل""}",10334,اتهل,
1086,2026-06-12 23:33:09.752649+00,2026-06-12 23:33:09.752649+00,,"{""fa"":""پنجگور""}",10335,پنجگور,
1087,2026-06-12 23:33:09.752649+00,2026-06-12 23:33:09.752649+00,,"{""fa"":""سونمياني""}",10336,سونمياني,
1088,2026-06-12 23:33:09.752649+00,2026-06-12 23:33:09.752649+00,,"{""fa"":""بله""}",10337,بله,
1089,2026-06-12 23:33:09.752649+00,2026-06-12 23:33:09.752649+00,,"{""fa"":""ارماره""}",10338,ارماره,
1090,2026-06-12 23:33:09.752649+00,2026-06-12 23:33:09.752649+00,,"{""fa"":""واه""}",10339,واه,
1091,2026-06-12 23:33:09.752649+00,2026-06-12 23:33:09.752649+00,,"{""fa"":""شوراپ""}",10340,شوراپ,
1092,2026-06-12 23:33:09.752649+00,2026-06-12 23:33:09.752649+00,,"{""fa"":""هشاپ""}",10341,هشاپ,
1093,2026-06-12 23:33:09.752649+00,2026-06-12 23:33:09.752649+00,,"{""fa"":""پسني""}",10342,پسني,
1094,2026-06-12 23:33:09.752649+00,2026-06-12 23:33:09.752649+00,,"{""fa"":""اسپيكان""}",10343,اسپيكان,
1095,2026-06-12 23:33:09.752649+00,2026-06-12 23:33:09.752649+00,,"{""fa"":""تربت""}",10344,تربت,
1096,2026-06-12 23:33:09.752649+00,2026-06-12 23:33:09.752649+00,,"{""fa"":""گوادر""}",10345,گوادر,
1097,2026-06-12 23:33:09.752649+00,2026-06-12 23:33:09.752649+00,,"{""fa"":""جيواني""}",10346,جيواني,
1098,2026-06-12 23:33:09.752649+00,2026-06-12 23:33:09.752649+00,,"{""fa"":""سنت سر""}",10347,سنت سر,
1099,2026-06-12 23:33:09.752649+00,2026-06-12 23:33:09.752649+00,,"{""fa"":""ژوپ""}",10348,ژوپ,
1100,2026-06-12 23:33:09.752649+00,2026-06-12 23:33:09.752649+00,,"{""fa"":""اسكاردو""}",10349,اسكاردو,
1101,2026-06-12 23:33:09.752649+00,2026-06-12 23:33:09.752649+00,,"{""fa"":""سيالكوت""}",10350,سيالكوت,
1102,2026-06-12 23:33:09.752649+00,2026-06-12 23:33:09.752649+00,,"{""fa"":""ملاكند""}",10351,ملاكند,
1103,2026-06-12 23:33:09.752649+00,2026-06-12 23:33:09.752649+00,,"{""fa"":""تتا""}",10352,تتا,
1104,2026-06-12 23:33:09.752649+00,2026-06-12 23:33:09.752649+00,,"{""fa"":""بكر""}",10353,بكر,
1105,2026-06-12 23:33:09.752649+00,2026-06-12 23:33:09.752649+00,,"{""fa"":""اورماره""}",10354,اورماره,
1106,2026-06-12 23:33:09.752649+00,2026-06-12 23:33:09.752649+00,,"{""fa"":""هوشاب""}",10355,هوشاب,
1107,2026-06-12 23:33:09.752649+00,2026-06-12 23:33:09.752649+00,,"{""fa"":""دربوگتي""}",10356,دربوگتي,
1108,2026-06-12 23:33:09.752649+00,2026-06-12 23:33:09.752649+00,,"{""fa"":""ذوب""}",10357,ذوب,
1109,2026-06-12 23:33:09.752649+00,2026-06-12 23:33:09.752649+00,,"{""fa"":""گجرات""}",10358,گجرات,
1110,2026-06-12 23:33:09.752649+00,2026-06-12 23:33:09.752649+00,,"{""fa"":""گجرانواله""}",10359,گجرانواله,
1111,2026-06-12 23:33:09.752649+00,2026-06-12 23:33:09.752649+00,,"{""fa"":""سرگودها""}",10360,سرگودها,
1112,2026-06-12 23:33:09.752649+00,2026-06-12 23:33:09.752649+00,,"{""fa"":""چينيوت""}",10361,چينيوت,
1113,2026-06-12 23:33:09.752649+00,2026-06-12 23:33:09.752649+00,,"{""fa"":""فيصلآباد""}",10362,فيصلآباد,
1114,2026-06-12 23:33:09.752649+00,2026-06-12 23:33:09.752649+00,,"{""fa"":""اوكاره""}",10363,اوكاره,
1115,2026-06-12 23:33:09.752649+00,2026-06-12 23:33:09.752649+00,,"{""fa"":""ساهيوال""}",10364,ساهيوال,
1116,2026-06-12 23:33:09.752649+00,2026-06-12 23:33:09.752649+00,,"{""fa"":""جهنگ مقيانا""}",10365,جهنگ مقيانا,
1117,2026-06-12 23:33:09.752649+00,2026-06-12 23:33:09.752649+00,,"{""fa"":""مولتان""}",10366,مولتان,
1118,2026-06-12 23:33:09.752649+00,2026-06-12 23:33:09.752649+00,,"{""fa"":""پنجاب""}",10367,پنجاب,
1119,2026-06-12 23:33:09.752649+00,2026-06-12 23:33:09.752649+00,,"{""fa"":""ديرهغازيخان""}",10368,ديرهغازيخان,
1120,2026-06-12 23:33:09.752649+00,2026-06-12 23:33:09.752649+00,,"{""fa"":""رحيميارخان""}",10369,رحيميارخان,
1121,2026-06-12 23:33:09.752649+00,2026-06-12 23:33:09.752649+00,,"{""fa"":""سوكور""}",10370,سوكور,
1122,2026-06-12 23:33:09.752649+00,2026-06-12 23:33:09.752649+00,,"{""fa"":""لاركانه""}",10371,لاركانه,
1123,2026-06-12 23:33:09.752649+00,2026-06-12 23:33:09.752649+00,,"{""fa"":""نواب شاه""}",10372,نواب شاه,
1124,2026-06-12 23:33:09.752649+00,2026-06-12 23:33:09.752649+00,,"{""fa"":""سند""}",10373,سند,
1125,2026-06-12 23:33:09.752649+00,2026-06-12 23:33:09.752649+00,,"{""fa"":""ميرپورخاص""}",10374,ميرپورخاص,
1126,2026-06-12 23:33:09.752649+00,2026-06-12 23:33:09.752649+00,,"{""fa"":""سكردو""}",10375,سكردو,
1127,2026-06-12 23:33:09.752649+00,2026-06-12 23:33:09.752649+00,,"{""fa"":""بونجي""}",10376,بونجي,
1128,2026-06-12 23:33:09.752649+00,2026-06-12 23:33:09.752649+00,,"{""fa"":""چيلاس""}",10377,چيلاس,
1129,2026-06-12 23:33:09.752649+00,2026-06-12 23:33:09.752649+00,,"{""fa"":""گيلگيت""}",10378,گيلگيت,
1130,2026-06-12 23:33:09.752649+00,2026-06-12 23:33:09.752649+00,,"{""fa"":""چالت""}",10379,چالت,
1131,2026-06-12 23:33:09.752649+00,2026-06-12 23:33:09.752649+00,,"{""fa"":""بلتيت""}",10380,بلتيت,
1132,2026-06-12 23:33:09.752649+00,2026-06-12 23:33:09.752649+00,,"{""fa"":""مسگر""}",10381,مسگر,
1133,2026-06-12 23:33:09.752649+00,2026-06-12 23:33:09.752649+00,,"{""fa"":""لشت""}",10382,لشت,
1134,2026-06-12 23:33:09.752649+00,2026-06-12 23:33:09.752649+00,,"{""fa"":""گوپيس""}",10383,گوپيس,
1135,2026-06-12 23:33:09.752649+00,2026-06-12 23:33:09.752649+00,,"{""fa"":""چيترال""}",10384,چيترال,
1136,2026-06-12 23:33:09.752649+00,2026-06-12 23:33:09.752649+00,,"{""fa"":""ترو""}",10385,ترو,
1137,2026-06-12 23:33:09.752649+00,2026-06-12 23:33:09.752649+00,,"{""fa"":""مينگآئورا""}",10386,مينگآئورا,
1138,2026-06-12 23:33:09.752649+00,2026-06-12 23:33:09.752649+00,,"{""fa"":""دير""}",10387,دير,
1139,2026-06-12 23:33:09.752649+00,2026-06-12 23:33:09.752649+00,,"{""fa"":""مظفرآباد""}",10388,مظفرآباد,
1140,2026-06-12 23:33:09.752649+00,2026-06-12 23:33:09.752649+00,,"{""fa"":""قيزت""}",10389,قيزت,
1141,2026-06-12 23:33:09.752649+00,2026-06-12 23:33:09.752649+00,,"{""fa"":""مسروج""}",10390,مسروج,
1142,2026-06-12 23:33:09.752649+00,2026-06-12 23:33:09.752649+00,,"{""fa"":""كاگان""}",10391,كاگان,
1143,2026-06-12 23:33:09.752649+00,2026-06-12 23:33:09.752649+00,,"{""fa"":""ملكند""}",10392,ملكند,
1144,2026-06-12 23:33:09.752649+00,2026-06-12 23:33:09.752649+00,,"{""fa"":""هريپور""}",10393,هريپور,
1145,2026-06-12 23:33:09.752649+00,2026-06-12 23:33:09.752649+00,,"{""fa"":""پارهچنار""}",10394,پارهچنار,
1146,2026-06-12 23:33:09.752649+00,2026-06-12 23:33:09.752649+00,,"{""fa"":""ميرپور""}",10395,ميرپور,
1147,2026-06-12 23:33:09.752649+00,2026-06-12 23:33:09.752649+00,,"{""fa"":""درهزيندا""}",10396,درهزيندا,
1148,2026-06-12 23:33:09.752649+00,2026-06-12 23:33:09.752649+00,,"{""fa"":""وانه""}",10397,وانه,
1149,2026-06-12 23:33:09.752649+00,2026-06-12 23:33:09.752649+00,,"{""fa"":""كوهات""}",10398,كوهات,
1150,2026-06-12 23:33:09.752649+00,2026-06-12 23:33:09.752649+00,,"{""fa"":""بنو""}",10399,بنو,
1151,2026-06-12 23:33:09.752649+00,2026-06-12 23:33:09.752649+00,,"{""fa"":""باندهداودشاه""}",10400,باندهداودشاه,
1152,2026-06-12 23:33:09.752649+00,2026-06-12 23:33:09.752649+00,,"{""fa"":""تهل""}",10401,تهل,
1153,2026-06-12 23:33:09.758785+00,2026-06-12 23:33:09.758785+00,,"{""fa"":""تانك""}",10402,تانك,
1154,2026-06-12 23:33:09.758785+00,2026-06-12 23:33:09.758785+00,,"{""fa"":""عيسيخل""}",10403,عيسيخل,
1155,2026-06-12 23:33:09.758785+00,2026-06-12 23:33:09.758785+00,,"{""fa"":""جهلم""}",10404,جهلم,
1156,2026-06-12 23:33:09.758785+00,2026-06-12 23:33:09.758785+00,,"{""fa"":""ديرهاسماعيلخان""}",10405,ديرهاسماعيلخان,
1157,2026-06-12 23:33:09.758785+00,2026-06-12 23:33:09.758785+00,,"{""fa"":""لالهموسي""}",10406,لالهموسي,
1158,2026-06-12 23:33:09.758785+00,2026-06-12 23:33:09.758785+00,,"{""fa"":""چكوال""}",10407,چكوال,
1159,2026-06-12 23:33:09.758785+00,2026-06-12 23:33:09.758785+00,,"{""fa"":""تلگنگ""}",10408,تلگنگ,
1160,2026-06-12 23:33:09.758785+00,2026-06-12 23:33:09.758785+00,,"{""fa"":""ميانوالي""}",10409,ميانوالي,
1161,2026-06-12 23:33:09.758785+00,2026-06-12 23:33:09.758785+00,,"{""fa"":""بهكر""}",10410,بهكر,
1162,2026-06-12 23:33:09.758785+00,2026-06-12 23:33:09.758785+00,,"{""fa"":""شيخوپوره""}",10411,شيخوپوره,
1163,2026-06-12 23:33:09.758785+00,2026-06-12 23:33:09.758785+00,,"{""fa"":""كماليه""}",10412,كماليه,
1164,2026-06-12 23:33:09.758785+00,2026-06-12 23:33:09.758785+00,,"{""fa"":""عارفواله""}",10413,عارفواله,
1165,2026-06-12 23:33:09.758785+00,2026-06-12 23:33:09.758785+00,,"{""fa"":""بهاولنگر""}",10414,بهاولنگر,
1166,2026-06-12 23:33:09.758785+00,2026-06-12 23:33:09.758785+00,,"{""fa"":""جامپور""}",10415,جامپور,
1167,2026-06-12 23:33:09.758785+00,2026-06-12 23:33:09.758785+00,,"{""fa"":""احمدپورشرقي""}",10416,احمدپورشرقي,
1168,2026-06-12 23:33:09.758785+00,2026-06-12 23:33:09.758785+00,,"{""fa"":""خانپور""}",10417,خانپور,
1169,2026-06-12 23:33:09.758785+00,2026-06-12 23:33:09.758785+00,,"{""fa"":""كندهال""}",10418,كندهال,
1170,2026-06-12 23:33:09.758785+00,2026-06-12 23:33:09.758785+00,,"{""fa"":""شكارپور""}",10419,شكارپور,
1171,2026-06-12 23:33:09.758785+00,2026-06-12 23:33:09.758785+00,,"{""fa"":""كايرپور""}",10420,كايرپور,
1172,2026-06-12 23:33:09.758785+00,2026-06-12 23:33:09.758785+00,,"{""fa"":""رانيپور""}",10421,رانيپور,
1173,2026-06-12 23:33:09.758785+00,2026-06-12 23:33:09.758785+00,,"{""fa"":""مهر""}",10422,مهر,
1174,2026-06-12 23:33:09.758785+00,2026-06-12 23:33:09.758785+00,,"{""fa"":""دادو""}",10423,دادو,
1175,2026-06-12 23:33:09.758785+00,2026-06-12 23:33:09.758785+00,,"{""fa"":""نوشهرفيروز""}",10424,نوشهرفيروز,
1176,2026-06-12 23:33:09.758785+00,2026-06-12 23:33:09.758785+00,,"{""fa"":""تندوآدم""}",10425,تندوآدم,
1177,2026-06-12 23:33:09.758785+00,2026-06-12 23:33:09.758785+00,,"{""fa"":""عمركوت""}",10426,عمركوت,
1178,2026-06-12 23:33:09.758785+00,2026-06-12 23:33:09.758785+00,,"{""fa"":""سوجاول""}",10427,سوجاول,
1179,2026-06-12 23:33:09.758785+00,2026-06-12 23:33:09.758785+00,,"{""fa"":""شاهبندر""}",10428,شاهبندر,
1180,2026-06-12 23:33:09.758785+00,2026-06-12 23:33:09.758785+00,,"{""fa"":""كوتري""}",10429,كوتري,
1181,2026-06-12 23:33:09.758785+00,2026-06-12 23:33:09.758785+00,,"{""fa"":""تهانوبولاخان""}",10430,تهانوبولاخان,
1182,2026-06-12 23:33:09.758785+00,2026-06-12 23:33:09.758785+00,,"{""fa"":""چاچرو""}",10431,چاچرو,
1183,2026-06-12 23:33:09.758785+00,2026-06-12 23:33:09.758785+00,,"{""fa"":""بدين""}",10432,بدين,
1184,2026-06-12 23:33:09.758785+00,2026-06-12 23:33:09.758785+00,,"{""fa"":""تهته""}",10433,تهته,
1185,2026-06-12 23:33:09.758785+00,2026-06-12 23:33:09.758785+00,,"{""fa"":""نگرباركر""}",10434,نگرباركر,
1186,2026-06-12 23:33:09.758785+00,2026-06-12 23:33:09.758785+00,,"{""fa"":""قمرالدينكاريز""}",10435,قمرالدينكاريز,
1187,2026-06-12 23:33:09.758785+00,2026-06-12 23:33:09.758785+00,,"{""fa"":""فرلونا""}",10436,فرلونا,
1188,2026-06-12 23:33:09.758785+00,2026-06-12 23:33:09.758785+00,,"{""fa"":""موسيخلبازار""}",10437,موسيخلبازار,
1190,2026-06-12 23:33:09.758785+00,2026-06-12 23:33:09.758785+00,,"{""fa"":""قلعهسيفاله""}",10439,قلعهسيفاله,
1191,2026-06-12 23:33:09.758785+00,2026-06-12 23:33:09.758785+00,,"{""fa"":""لولئي""}",10440,لولئي,
1192,2026-06-12 23:33:09.758785+00,2026-06-12 23:33:09.758785+00,,"{""fa"":""چمن""}",10441,چمن,
1193,2026-06-12 23:33:09.758785+00,2026-06-12 23:33:09.758785+00,,"{""fa"":""بوستان""}",10442,بوستان,
1194,2026-06-12 23:33:09.758785+00,2026-06-12 23:33:09.758785+00,,"{""fa"":""بروكسل""}",10443,بروكسل,
1195,2026-06-12 23:33:09.758785+00,2026-06-12 23:33:09.758785+00,,"{""fa"":""چارلروي""}",10444,چارلروي,
1196,2026-06-12 23:33:09.758785+00,2026-06-12 23:33:09.758785+00,,"{""fa"":""گنك""}",10445,گنك,
1197,2026-06-12 23:33:09.758785+00,2026-06-12 23:33:09.758785+00,,"{""fa"":""لووين""}",10446,لووين,
1198,2026-06-12 23:33:09.758785+00,2026-06-12 23:33:09.758785+00,,"{""fa"":""ليژ""}",10447,ليژ,
1199,2026-06-12 23:33:09.758785+00,2026-06-12 23:33:09.758785+00,,"{""fa"":""ورويرس""}",10448,ورويرس,
1200,2026-06-12 23:33:09.758785+00,2026-06-12 23:33:09.758785+00,,"{""fa"":""آنتورپ""}",10449,آنتورپ,
1201,2026-06-12 23:33:09.758785+00,2026-06-12 23:33:09.758785+00,,"{""fa"":""نامور""}",10450,نامور,
1202,2026-06-12 23:33:09.758785+00,2026-06-12 23:33:09.758785+00,,"{""fa"":""مونس""}",10451,مونس,
1203,2026-06-12 23:33:09.758785+00,2026-06-12 23:33:09.758785+00,,"{""fa"":""ديسن""}",10452,ديسن,
1204,2026-06-12 23:33:09.758785+00,2026-06-12 23:33:09.758785+00,,"{""fa"":""اسپا""}",10453,اسپا,
1205,2026-06-12 23:33:09.758785+00,2026-06-12 23:33:09.758785+00,,"{""fa"":""مالمدي""}",10454,مالمدي,
1206,2026-06-12 23:33:09.758785+00,2026-06-12 23:33:09.758785+00,,"{""fa"":""سينت ويت""}",10455,سينت ويت,
1207,2026-06-12 23:33:09.758785+00,2026-06-12 23:33:09.758785+00,,"{""fa"":""استاولات""}",10456,استاولات,
1208,2026-06-12 23:33:09.758785+00,2026-06-12 23:33:09.758785+00,,"{""fa"":""اورت""}",10457,اورت,
1209,2026-06-12 23:33:09.758785+00,2026-06-12 23:33:09.758785+00,,"{""fa"":""براينگ""}",10458,براينگ,
1210,2026-06-12 23:33:09.758785+00,2026-06-12 23:33:09.758785+00,,"{""fa"":""اسنگس""}",10459,اسنگس,
1211,2026-06-12 23:33:09.758785+00,2026-06-12 23:33:09.758785+00,,"{""fa"":""باستون""}",10460,باستون,
1212,2026-06-12 23:33:09.758785+00,2026-06-12 23:33:09.758785+00,,"{""fa"":""مارخن فامن""}",10461,مارخن فامن,
1213,2026-06-12 23:33:09.758785+00,2026-06-12 23:33:09.758785+00,,"{""fa"":""روشفروت""}",10462,روشفروت,
1214,2026-06-12 23:33:09.758785+00,2026-06-12 23:33:09.758785+00,,"{""fa"":""آريون""}",10463,آريون,
1215,2026-06-12 23:33:09.758785+00,2026-06-12 23:33:09.758785+00,,"{""fa"":""آتوس""}",10464,آتوس,
1216,2026-06-12 23:33:09.758785+00,2026-06-12 23:33:09.758785+00,,"{""fa"":""ويرتون""}",10465,ويرتون,
1217,2026-06-12 23:33:09.758785+00,2026-06-12 23:33:09.758785+00,,"{""fa"":""بويلون""}",10466,بويلون,
1218,2026-06-12 23:33:09.758785+00,2026-06-12 23:33:09.758785+00,,"{""fa"":""برتريكس""}",10467,برتريكس,
1219,2026-06-12 23:33:09.758785+00,2026-06-12 23:33:09.758785+00,,"{""fa"":""بيورينگ""}",10468,بيورينگ,
1220,2026-06-12 23:33:09.758785+00,2026-06-12 23:33:09.758785+00,,"{""fa"":""سيني""}",10469,سيني,
1221,2026-06-12 23:33:09.758785+00,2026-06-12 23:33:09.758785+00,,"{""fa"":""هوي""}",10470,هوي,
1222,2026-06-12 23:33:09.758785+00,2026-06-12 23:33:09.758785+00,,"{""fa"":""آمي""}",10471,آمي,
1223,2026-06-12 23:33:09.758785+00,2026-06-12 23:33:09.758785+00,,"{""fa"":""ورم""}",10472,ورم,
1224,2026-06-12 23:33:09.758785+00,2026-06-12 23:33:09.758785+00,,"{""fa"":""سنت تريدن""}",10473,سنت تريدن,
1225,2026-06-12 23:33:09.758785+00,2026-06-12 23:33:09.758785+00,,"{""fa"":""استين""}",10474,استين,
1226,2026-06-12 23:33:09.758785+00,2026-06-12 23:33:09.758785+00,,"{""fa"":""ديلسن""}",10475,ديلسن,
1227,2026-06-12 23:33:09.758785+00,2026-06-12 23:33:09.758785+00,,"{""fa"":""هاسلت""}",10476,هاسلت,
1228,2026-06-12 23:33:09.758785+00,2026-06-12 23:33:09.758785+00,,"{""fa"":""كين روي""}",10477,كين روي,
1229,2026-06-12 23:33:09.758785+00,2026-06-12 23:33:09.758785+00,,"{""fa"":""نيرپلت""}",10478,نيرپلت,
1230,2026-06-12 23:33:09.758785+00,2026-06-12 23:33:09.758785+00,,"{""fa"":""لومل""}",10479,لومل,
1231,2026-06-12 23:33:09.758785+00,2026-06-12 23:33:09.758785+00,,"{""fa"":""تينن""}",10480,تينن,
1232,2026-06-12 23:33:09.758785+00,2026-06-12 23:33:09.758785+00,,"{""fa"":""هانوت""}",10481,هانوت,
1233,2026-06-12 23:33:09.758785+00,2026-06-12 23:33:09.758785+00,,"{""fa"":""كمبلوكس""}",10482,كمبلوكس,
1234,2026-06-12 23:33:09.758785+00,2026-06-12 23:33:09.758785+00,,"{""fa"":""آت""}",10483,آت,
1235,2026-06-12 23:33:09.758785+00,2026-06-12 23:33:09.758785+00,,"{""fa"":""ولت""}",10484,ولت,
1236,2026-06-12 23:33:09.758785+00,2026-06-12 23:33:09.758785+00,,"{""fa"":""دينانت""}",10485,دينانت,
1237,2026-06-12 23:33:09.758785+00,2026-06-12 23:33:09.758785+00,,"{""fa"":""بيورنيگ""}",10486,بيورنيگ,
1238,2026-06-12 23:33:09.758785+00,2026-06-12 23:33:09.758785+00,,"{""fa"":""چيماي""}",10487,چيماي,
1239,2026-06-12 23:33:09.758785+00,2026-06-12 23:33:09.758785+00,,"{""fa"":""مارينبورگ""}",10488,مارينبورگ,
1240,2026-06-12 23:33:09.758785+00,2026-06-12 23:33:09.758785+00,,"{""fa"":""فيليپويل""}",10489,فيليپويل,
1241,2026-06-12 23:33:09.758785+00,2026-06-12 23:33:09.758785+00,,"{""fa"":""نيولز""}",10490,نيولز,
1242,2026-06-12 23:33:09.758785+00,2026-06-12 23:33:09.758785+00,,"{""fa"":""رنوال""}",10491,رنوال,
1243,2026-06-12 23:33:09.758785+00,2026-06-12 23:33:09.758785+00,,"{""fa"":""واترلو""}",10492,واترلو,
1244,2026-06-12 23:33:09.758785+00,2026-06-12 23:33:09.758785+00,,"{""fa"":""توين""}",10493,توين,
1245,2026-06-12 23:33:09.758785+00,2026-06-12 23:33:09.758785+00,,"{""fa"":""آرشوت""}",10494,آرشوت,
1246,2026-06-12 23:33:09.758785+00,2026-06-12 23:33:09.758785+00,,"{""fa"":""شرپن هيول""}",10495,شرپن هيول,
1247,2026-06-12 23:33:09.758785+00,2026-06-12 23:33:09.758785+00,,"{""fa"":""رانست""}",10496,رانست,
1248,2026-06-12 23:33:09.758785+00,2026-06-12 23:33:09.758785+00,,"{""fa"":""برخت""}",10497,برخت,
1249,2026-06-12 23:33:09.758785+00,2026-06-12 23:33:09.758785+00,,"{""fa"":""ترن هوت""}",10498,ترن هوت,
1250,2026-06-12 23:33:09.758785+00,2026-06-12 23:33:09.758785+00,,"{""fa"":""وست وزل""}",10499,وست وزل,
1251,2026-06-12 23:33:09.758785+00,2026-06-12 23:33:09.758785+00,,"{""fa"":""اسن""}",10500,اسن,
1252,2026-06-12 23:33:09.758785+00,2026-06-12 23:33:09.758785+00,,"{""fa"":""اكرن""}",10501,اكرن,
1253,2026-06-12 23:33:09.76357+00,2026-06-12 23:33:09.76357+00,,"{""fa"":""لير""}",10502,لير,
1254,2026-06-12 23:33:09.76357+00,2026-06-12 23:33:09.76357+00,,"{""fa"":""سنت نيكلاس""}",10503,سنت نيكلاس,
1255,2026-06-12 23:33:09.76357+00,2026-06-12 23:33:09.76357+00,,"{""fa"":""لوكرن""}",10504,لوكرن,
1256,2026-06-12 23:33:09.76357+00,2026-06-12 23:33:09.76357+00,,"{""fa"":""ميچلن""}",10505,ميچلن,
1257,2026-06-12 23:33:09.76357+00,2026-06-12 23:33:09.76357+00,,"{""fa"":""آلست""}",10506,آلست,
1258,2026-06-12 23:33:09.76357+00,2026-06-12 23:33:09.76357+00,,"{""fa"":""نيتوو""}",10507,نيتوو,
1259,2026-06-12 23:33:09.76357+00,2026-06-12 23:33:09.76357+00,,"{""fa"":""هان""}",10508,هان,
1260,2026-06-12 23:33:09.76357+00,2026-06-12 23:33:09.76357+00,,"{""fa"":""اركوئي لاين""}",10509,اركوئي لاين,
1261,2026-06-12 23:33:09.76357+00,2026-06-12 23:33:09.76357+00,,"{""fa"":""هورنو""}",10510,هورنو,
1262,2026-06-12 23:33:09.76357+00,2026-06-12 23:33:09.76357+00,,"{""fa"":""پروولز""}",10511,پروولز,
1263,2026-06-12 23:33:09.76357+00,2026-06-12 23:33:09.76357+00,,"{""fa"":""گنت""}",10512,گنت,
1264,2026-06-12 23:33:09.76357+00,2026-06-12 23:33:09.76357+00,,"{""fa"":""دوتيگنس""}",10513,دوتيگنس,
1265,2026-06-12 23:33:09.76357+00,2026-06-12 23:33:09.76357+00,,"{""fa"":""تيلت""}",10514,تيلت,
1266,2026-06-12 23:33:09.76357+00,2026-06-12 23:33:09.76357+00,,"{""fa"":""روسلار""}",10515,روسلار,
1267,2026-06-12 23:33:09.76357+00,2026-06-12 23:33:09.76357+00,,"{""fa"":""كورتريجك""}",10516,كورتريجك,
1268,2026-06-12 23:33:09.76357+00,2026-06-12 23:33:09.76357+00,,"{""fa"":""سريرس""}",10517,سريرس,
1269,2026-06-12 23:33:09.76357+00,2026-06-12 23:33:09.76357+00,,"{""fa"":""وتورن""}",10518,وتورن,
1270,2026-06-12 23:33:09.76357+00,2026-06-12 23:33:09.76357+00,,"{""fa"":""دوين هوك""}",10519,دوين هوك,
1271,2026-06-12 23:33:09.76357+00,2026-06-12 23:33:09.76357+00,,"{""fa"":""بروژ""}",10520,بروژ,
1272,2026-06-12 23:33:09.76357+00,2026-06-12 23:33:09.76357+00,,"{""fa"":""اوستند""}",10521,اوستند,
1273,2026-06-12 23:33:09.76357+00,2026-06-12 23:33:09.76357+00,,"{""fa"":""دهان""}",10522,دهان,
1274,2026-06-12 23:33:09.76357+00,2026-06-12 23:33:09.76357+00,,"{""fa"":""بلانكنبرگ""}",10523,بلانكنبرگ,
1275,2026-06-12 23:33:09.76357+00,2026-06-12 23:33:09.76357+00,,"{""fa"":""نوككه""}",10524,نوككه,
1276,2026-06-12 23:33:09.76357+00,2026-06-12 23:33:09.76357+00,,"{""fa"":""اسبيرگ""}",10525,اسبيرگ,
1277,2026-06-12 23:33:09.76357+00,2026-06-12 23:33:09.76357+00,,"{""fa"":""اورهوس""}",10526,اورهوس,
1278,2026-06-12 23:33:09.76357+00,2026-06-12 23:33:09.76357+00,,"{""fa"":""كپنهاگ""}",10527,كپنهاگ,
1279,2026-06-12 23:33:09.76357+00,2026-06-12 23:33:09.76357+00,,"{""fa"":""راندرس""}",10528,راندرس,
1280,2026-06-12 23:33:09.76357+00,2026-06-12 23:33:09.76357+00,,"{""fa"":""ريبه""}",10529,ريبه,
1281,2026-06-12 23:33:09.76357+00,2026-06-12 23:33:09.76357+00,,"{""fa"":""اولبورگ""}",10530,اولبورگ,
1282,2026-06-12 23:33:09.76357+00,2026-06-12 23:33:09.76357+00,,"{""fa"":""توندر""}",10531,توندر,
1283,2026-06-12 23:33:09.76357+00,2026-06-12 23:33:09.76357+00,,"{""fa"":""هورسنس""}",10532,هورسنس,
1284,2026-06-12 23:33:09.76357+00,2026-06-12 23:33:09.76357+00,,"{""fa"":""ويله""}",10533,ويله,
1285,2026-06-12 23:33:09.76357+00,2026-06-12 23:33:09.76357+00,,"{""fa"":""كولدينگ""}",10534,كولدينگ,
1286,2026-06-12 23:33:09.76357+00,2026-06-12 23:33:09.76357+00,,"{""fa"":""بروندسلو""}",10535,بروندسلو,
1287,2026-06-12 23:33:09.76357+00,2026-06-12 23:33:09.76357+00,,"{""fa"":""هيورينگ""}",10536,هيورينگ,
1288,2026-06-12 23:33:09.76357+00,2026-06-12 23:33:09.76357+00,,"{""fa"":""هرت شالس""}",10537,هرت شالس,
1289,2026-06-12 23:33:09.76357+00,2026-06-12 23:33:09.76357+00,,"{""fa"":""درونينگ گلاد""}",10538,درونينگ گلاد,
1290,2026-06-12 23:33:09.76357+00,2026-06-12 23:33:09.76357+00,,"{""fa"":""فردريك شاون""}",10539,فردريك شاون,
1291,2026-06-12 23:33:09.76357+00,2026-06-12 23:33:09.76357+00,,"{""fa"":""اسكاگن""}",10540,اسكاگن,
1292,2026-06-12 23:33:09.76357+00,2026-06-12 23:33:09.76357+00,,"{""fa"":""اندلاوباي""}",10541,اندلاوباي,
1293,2026-06-12 23:33:09.76357+00,2026-06-12 23:33:09.76357+00,,"{""fa"":""روسكيلده""}",10542,روسكيلده,
1294,2026-06-12 23:33:09.76357+00,2026-06-12 23:33:09.76357+00,,"{""fa"":""اودنسه""}",10543,اودنسه,
1295,2026-06-12 23:33:09.76357+00,2026-06-12 23:33:09.76357+00,,"{""fa"":""اسكيوه""}",10544,اسكيوه,
1296,2026-06-12 23:33:09.76357+00,2026-06-12 23:33:09.76357+00,,"{""fa"":""تارنبي""}",10545,تارنبي,
1297,2026-06-12 23:33:09.76357+00,2026-06-12 23:33:09.76357+00,,"{""fa"":""كوگ""}",10546,كوگ,
1298,2026-06-12 23:33:09.76357+00,2026-06-12 23:33:09.76357+00,,"{""fa"":""رينگ استه""}",10547,رينگ استه,
1299,2026-06-12 23:33:09.76357+00,2026-06-12 23:33:09.76357+00,,"{""fa"":""سورو""}",10548,سورو,
1300,2026-06-12 23:33:09.76357+00,2026-06-12 23:33:09.76357+00,,"{""fa"":""هلسينگور""}",10549,هلسينگور,
1301,2026-06-12 23:33:09.76357+00,2026-06-12 23:33:09.76357+00,,"{""fa"":""فيلنستروپ""}",10550,فيلنستروپ,
1302,2026-06-12 23:33:09.76357+00,2026-06-12 23:33:09.76357+00,,"{""fa"":""فردريك سوارك""}",10551,فردريك سوارك,
1303,2026-06-12 23:33:09.76357+00,2026-06-12 23:33:09.76357+00,,"{""fa"":""هليرود""}",10552,هليرود,
1304,2026-06-12 23:33:09.76357+00,2026-06-12 23:33:09.76357+00,,"{""fa"":""هاون بين""}",10553,هاون بين,
1305,2026-06-12 23:33:09.76357+00,2026-06-12 23:33:09.76357+00,,"{""fa"":""استيلي استروپ""}",10554,استيلي استروپ,
1306,2026-06-12 23:33:09.76357+00,2026-06-12 23:33:09.76357+00,,"{""fa"":""هولبك""}",10555,هولبك,
1307,2026-06-12 23:33:09.76357+00,2026-06-12 23:33:09.76357+00,,"{""fa"":""كالونگ بورگ""}",10556,كالونگ بورگ,
1308,2026-06-12 23:33:09.76357+00,2026-06-12 23:33:09.76357+00,,"{""fa"":""اسلاگلز""}",10557,اسلاگلز,
1309,2026-06-12 23:33:09.76357+00,2026-06-12 23:33:09.76357+00,,"{""fa"":""نيست ود""}",10558,نيست ود,
1310,2026-06-12 23:33:09.76357+00,2026-06-12 23:33:09.76357+00,,"{""fa"":""وردينگ بورگ""}",10559,وردينگ بورگ,
1311,2026-06-12 23:33:09.76357+00,2026-06-12 23:33:09.76357+00,,"{""fa"":""ساكسكوبينگ""}",10560,ساكسكوبينگ,
1312,2026-06-12 23:33:09.76357+00,2026-06-12 23:33:09.76357+00,,"{""fa"":""ناكسكو""}",10561,ناكسكو,
1313,2026-06-12 23:33:09.76357+00,2026-06-12 23:33:09.76357+00,,"{""fa"":""ماريبو""}",10562,ماريبو,
1314,2026-06-12 23:33:09.76357+00,2026-06-12 23:33:09.76357+00,,"{""fa"":""رودبيهاون""}",10563,رودبيهاون,
1315,2026-06-12 23:33:09.76357+00,2026-06-12 23:33:09.76357+00,,"{""fa"":""گدسر""}",10564,گدسر,
1316,2026-06-12 23:33:09.76357+00,2026-06-12 23:33:09.76357+00,,"{""fa"":""نايكوبينگ""}",10565,نايكوبينگ,
1317,2026-06-12 23:33:09.76357+00,2026-06-12 23:33:09.76357+00,,"{""fa"":""استيوب بكوبنيگ""}",10566,استيوب بكوبنيگ,
1318,2026-06-12 23:33:09.76357+00,2026-06-12 23:33:09.76357+00,,"{""fa"":""سوندنبرو""}",10567,سوندنبرو,
1319,2026-06-12 23:33:09.76357+00,2026-06-12 23:33:09.76357+00,,"{""fa"":""دانكرمارك""}",10568,دانكرمارك,
1320,2026-06-12 23:33:09.76357+00,2026-06-12 23:33:09.76357+00,,"{""fa"":""ترونس""}",10569,ترونس,
1321,2026-06-12 23:33:09.76357+00,2026-06-12 23:33:09.76357+00,,"{""fa"":""لوهالس""}",10570,لوهالس,
1322,2026-06-12 23:33:09.76357+00,2026-06-12 23:33:09.76357+00,,"{""fa"":""كورسور""}",10571,كورسور,
1323,2026-06-12 23:33:09.76357+00,2026-06-12 23:33:09.76357+00,,"{""fa"":""استناستراپ""}",10572,استناستراپ,
1324,2026-06-12 23:33:09.76357+00,2026-06-12 23:33:09.76357+00,,"{""fa"":""فابورگ""}",10573,فابورگ,
1325,2026-06-12 23:33:09.76357+00,2026-06-12 23:33:09.76357+00,,"{""fa"":""اودينس""}",10574,اودينس,
1326,2026-06-12 23:33:09.76357+00,2026-06-12 23:33:09.76357+00,,"{""fa"":""ميدل فارت""}",10575,ميدل فارت,
1327,2026-06-12 23:33:09.76357+00,2026-06-12 23:33:09.76357+00,,"{""fa"":""هدرسليو""}",10576,هدرسليو,
1328,2026-06-12 23:33:09.76357+00,2026-06-12 23:33:09.76357+00,,"{""fa"":""سوندربورگ""}",10577,سوندربورگ,
1329,2026-06-12 23:33:09.76357+00,2026-06-12 23:33:09.76357+00,,"{""fa"":""اگرسوند""}",10578,اگرسوند,
1330,2026-06-12 23:33:09.76357+00,2026-06-12 23:33:09.76357+00,,"{""fa"":""برنا""}",10579,برنا,
1331,2026-06-12 23:33:09.76357+00,2026-06-12 23:33:09.76357+00,,"{""fa"":""يدبورگ""}",10580,يدبورگ,
1332,2026-06-12 23:33:09.76357+00,2026-06-12 23:33:09.76357+00,,"{""fa"":""دالر""}",10581,دالر,
1333,2026-06-12 23:33:09.76357+00,2026-06-12 23:33:09.76357+00,,"{""fa"":""وينس""}",10582,وينس,
1334,2026-06-12 23:33:09.76357+00,2026-06-12 23:33:09.76357+00,,"{""fa"":""سوندرباي""}",10583,سوندرباي,
1335,2026-06-12 23:33:09.76357+00,2026-06-12 23:33:09.76357+00,,"{""fa"":""كاپربولينگ""}",10584,كاپربولينگ,
1336,2026-06-12 23:33:09.76357+00,2026-06-12 23:33:09.76357+00,,"{""fa"":""ريب""}",10585,ريب,
1337,2026-06-12 23:33:09.76357+00,2026-06-12 23:33:09.76357+00,,"{""fa"":""كلدينگ""}",10586,كلدينگ,
1338,2026-06-12 23:33:09.76357+00,2026-06-12 23:33:09.76357+00,,"{""fa"":""نوردباي""}",10587,نوردباي,
1339,2026-06-12 23:33:09.76357+00,2026-06-12 23:33:09.76357+00,,"{""fa"":""اوكسباي""}",10588,اوكسباي,
1340,2026-06-12 23:33:09.76357+00,2026-06-12 23:33:09.76357+00,,"{""fa"":""وارد""}",10589,وارد,
1341,2026-06-12 23:33:09.76357+00,2026-06-12 23:33:09.76357+00,,"{""fa"":""گرين استد""}",10590,گرين استد,
1342,2026-06-12 23:33:09.76357+00,2026-06-12 23:33:09.76357+00,,"{""fa"":""ويلر""}",10591,ويلر,
1343,2026-06-12 23:33:09.76357+00,2026-06-12 23:33:09.76357+00,,"{""fa"":""فردريكا""}",10592,فردريكا,
1344,2026-06-12 23:33:09.76357+00,2026-06-12 23:33:09.76357+00,,"{""fa"":""يول سمايند""}",10593,يول سمايند,
1345,2026-06-12 23:33:09.76357+00,2026-06-12 23:33:09.76357+00,,"{""fa"":""تورستد""}",10594,تورستد,
1346,2026-06-12 23:33:09.76357+00,2026-06-12 23:33:09.76357+00,,"{""fa"":""تارم""}",10595,تارم,
1347,2026-06-12 23:33:09.76357+00,2026-06-12 23:33:09.76357+00,,"{""fa"":""هرنينگ""}",10596,هرنينگ,
1348,2026-06-12 23:33:09.76357+00,2026-06-12 23:33:09.76357+00,,"{""fa"":""سيلكه بورگ""}",10597,سيلكه بورگ,
1349,2026-06-12 23:33:09.76357+00,2026-06-12 23:33:09.76357+00,,"{""fa"":""آرهوس""}",10598,آرهوس,
1350,2026-06-12 23:33:09.76357+00,2026-06-12 23:33:09.76357+00,,"{""fa"":""لكاست""}",10599,لكاست,
1351,2026-06-12 23:33:09.76357+00,2026-06-12 23:33:09.76357+00,,"{""fa"":""كاروپ""}",10600,كاروپ,
1352,2026-06-12 23:33:09.76357+00,2026-06-12 23:33:09.76357+00,,"{""fa"":""رينگ كوبينگ""}",10601,رينگ كوبينگ,
1353,2026-06-12 23:33:09.768789+00,2026-06-12 23:33:09.768789+00,,"{""fa"":""وايدساند""}",10602,وايدساند,
1354,2026-06-12 23:33:09.768789+00,2026-06-12 23:33:09.768789+00,,"{""fa"":""فرينگ""}",10603,فرينگ,
1355,2026-06-12 23:33:09.768789+00,2026-06-12 23:33:09.768789+00,,"{""fa"":""وريست""}",10604,وريست,
1356,2026-06-12 23:33:09.768789+00,2026-06-12 23:33:09.768789+00,,"{""fa"":""استروئر""}",10605,استروئر,
1357,2026-06-12 23:33:09.768789+00,2026-06-12 23:33:09.768789+00,,"{""fa"":""تاي برون""}",10606,تاي برون,
1358,2026-06-12 23:33:09.768789+00,2026-06-12 23:33:09.768789+00,,"{""fa"":""كريك""}",10607,كريك,
1359,2026-06-12 23:33:09.768789+00,2026-06-12 23:33:09.768789+00,,"{""fa"":""اسكيو""}",10608,اسكيو,
1360,2026-06-12 23:33:09.768789+00,2026-06-12 23:33:09.768789+00,,"{""fa"":""هولستبرو""}",10609,هولستبرو,
1361,2026-06-12 23:33:09.768789+00,2026-06-12 23:33:09.768789+00,,"{""fa"":""اورلوند""}",10610,اورلوند,
1362,2026-06-12 23:33:09.768789+00,2026-06-12 23:33:09.768789+00,,"{""fa"":""الين گابرو""}",10611,الين گابرو,
1363,2026-06-12 23:33:09.768789+00,2026-06-12 23:33:09.768789+00,,"{""fa"":""اگ""}",10612,اگ,
1364,2026-06-12 23:33:09.768789+00,2026-06-12 23:33:09.768789+00,,"{""fa"":""اورباي""}",10613,اورباي,
1365,2026-06-12 23:33:09.768789+00,2026-06-12 23:33:09.768789+00,,"{""fa"":""ابلتوفت""}",10614,ابلتوفت,
1366,2026-06-12 23:33:09.768789+00,2026-06-12 23:33:09.768789+00,,"{""fa"":""گرنا""}",10615,گرنا,
1367,2026-06-12 23:33:09.768789+00,2026-06-12 23:33:09.768789+00,,"{""fa"":""آئونينگ""}",10616,آئونينگ,
1368,2026-06-12 23:33:09.768789+00,2026-06-12 23:33:09.768789+00,,"{""fa"":""كلاتروپ""}",10617,كلاتروپ,
1369,2026-06-12 23:33:09.768789+00,2026-06-12 23:33:09.768789+00,,"{""fa"":""ويبورگ""}",10618,ويبورگ,
1370,2026-06-12 23:33:09.768789+00,2026-06-12 23:33:09.768789+00,,"{""fa"":""فارسو""}",10619,فارسو,
1371,2026-06-12 23:33:09.768789+00,2026-06-12 23:33:09.768789+00,,"{""fa"":""رفشامر""}",10620,رفشامر,
1372,2026-06-12 23:33:09.768789+00,2026-06-12 23:33:09.768789+00,,"{""fa"":""تيستد""}",10621,تيستد,
1373,2026-06-12 23:33:09.768789+00,2026-06-12 23:33:09.768789+00,,"{""fa"":""ناي تروپ""}",10622,ناي تروپ,
1374,2026-06-12 23:33:09.768789+00,2026-06-12 23:33:09.768789+00,,"{""fa"":""ليداسترند""}",10623,ليداسترند,
1375,2026-06-12 23:33:09.768789+00,2026-06-12 23:33:09.768789+00,,"{""fa"":""فجرريتسلو""}",10624,فجرريتسلو,
1376,2026-06-12 23:33:09.768789+00,2026-06-12 23:33:09.768789+00,,"{""fa"":""برووست""}",10625,برووست,
1377,2026-06-12 23:33:09.768789+00,2026-06-12 23:33:09.768789+00,,"{""fa"":""هالز""}",10626,هالز,
1378,2026-06-12 23:33:09.768789+00,2026-06-12 23:33:09.768789+00,,"{""fa"":""آلبورگ""}",10627,آلبورگ,
1379,2026-06-12 23:33:09.768789+00,2026-06-12 23:33:09.768789+00,,"{""fa"":""آبيبرو""}",10628,آبيبرو,
1380,2026-06-12 23:33:09.768789+00,2026-06-12 23:33:09.768789+00,,"{""fa"":""چلسي""}",10629,چلسي,
1381,2026-06-12 23:33:09.768789+00,2026-06-12 23:33:09.768789+00,,"{""fa"":""آكسفورد""}",10630,آكسفورد,
1382,2026-06-12 23:33:09.768789+00,2026-06-12 23:33:09.768789+00,,"{""fa"":""گلاسگو""}",10631,گلاسگو,
1383,2026-06-12 23:33:09.768789+00,2026-06-12 23:33:09.768789+00,,"{""fa"":""ليورپول""}",10632,ليورپول,
1384,2026-06-12 23:33:09.768789+00,2026-06-12 23:33:09.768789+00,,"{""fa"":""ميدلزبوره""}",10633,ميدلزبوره,
1385,2026-06-12 23:33:09.768789+00,2026-06-12 23:33:09.768789+00,,"{""fa"":""اكستر""}",10634,اكستر,
1386,2026-06-12 23:33:09.768789+00,2026-06-12 23:33:09.768789+00,,"{""fa"":""كركوال""}",10635,كركوال,
1387,2026-06-12 23:33:09.768789+00,2026-06-12 23:33:09.768789+00,,"{""fa"":""ترسو""}",10636,ترسو,
1388,2026-06-12 23:33:09.768789+00,2026-06-12 23:33:09.768789+00,,"{""fa"":""ويك""}",10637,ويك,
1389,2026-06-12 23:33:09.768789+00,2026-06-12 23:33:09.768789+00,,"{""fa"":""هلمزديل""}",10638,هلمزديل,
1390,2026-06-12 23:33:09.768789+00,2026-06-12 23:33:09.768789+00,,"{""fa"":""تاين""}",10639,تاين,
1391,2026-06-12 23:33:09.768789+00,2026-06-12 23:33:09.768789+00,,"{""fa"":""دينگوال""}",10640,دينگوال,
1392,2026-06-12 23:33:09.768789+00,2026-06-12 23:33:09.768789+00,,"{""fa"":""الگن""}",10641,الگن,
1393,2026-06-12 23:33:09.768789+00,2026-06-12 23:33:09.768789+00,,"{""fa"":""بانف""}",10642,بانف,
1394,2026-06-12 23:33:09.768789+00,2026-06-12 23:33:09.768789+00,,"{""fa"":""ذنفرملن""}",10643,ذنفرملن,
1395,2026-06-12 23:33:09.768789+00,2026-06-12 23:33:09.768789+00,,"{""fa"":""كرك كالدي""}",10644,كرك كالدي,
1396,2026-06-12 23:33:09.768789+00,2026-06-12 23:33:09.768789+00,,"{""fa"":""برادفورد""}",10645,برادفورد,
1397,2026-06-12 23:33:09.768789+00,2026-06-12 23:33:09.768789+00,,"{""fa"":""سنت اندروز""}",10646,سنت اندروز,
1398,2026-06-12 23:33:09.768789+00,2026-06-12 23:33:09.768789+00,,"{""fa"":""پرت""}",10647,پرت,
1399,2026-06-12 23:33:09.768789+00,2026-06-12 23:33:09.768789+00,,"{""fa"":""دندي""}",10648,دندي,
1400,2026-06-12 23:33:09.768789+00,2026-06-12 23:33:09.768789+00,,"{""fa"":""اربروت""}",10649,اربروت,
1401,2026-06-12 23:33:09.768789+00,2026-06-12 23:33:09.768789+00,,"{""fa"":""مونتروس""}",10650,مونتروس,
1402,2026-06-12 23:33:09.768789+00,2026-06-12 23:33:09.768789+00,,"{""fa"":""استونهاون""}",10651,استونهاون,
1403,2026-06-12 23:33:09.768789+00,2026-06-12 23:33:09.768789+00,,"{""fa"":""پيترهد""}",10652,پيترهد,
1404,2026-06-12 23:33:09.768789+00,2026-06-12 23:33:09.768789+00,,"{""fa"":""اوبن""}",10653,اوبن,
1405,2026-06-12 23:33:09.768789+00,2026-06-12 23:33:09.768789+00,,"{""fa"":""فورت ويليام""}",10654,فورت ويليام,
1406,2026-06-12 23:33:09.768789+00,2026-06-12 23:33:09.768789+00,,"{""fa"":""ناربرت""}",10655,ناربرت,
1407,2026-06-12 23:33:09.768789+00,2026-06-12 23:33:09.768789+00,,"{""fa"":""بريستول""}",10656,بريستول,
1408,2026-06-12 23:33:09.768789+00,2026-06-12 23:33:09.768789+00,,"{""fa"":""استورنووي""}",10657,استورنووي,
1409,2026-06-12 23:33:09.768789+00,2026-06-12 23:33:09.768789+00,,"{""fa"":""گرنيك""}",10658,گرنيك,
1410,2026-06-12 23:33:09.768789+00,2026-06-12 23:33:09.768789+00,,"{""fa"":""نوري""}",10659,نوري,
1411,2026-06-12 23:33:09.768789+00,2026-06-12 23:33:09.768789+00,,"{""fa"":""لندن دري""}",10660,لندن دري,
1412,2026-06-12 23:33:09.768789+00,2026-06-12 23:33:09.768789+00,,"{""fa"":""آرماگ""}",10661,آرماگ,
1413,2026-06-12 23:33:09.768789+00,2026-06-12 23:33:09.768789+00,,"{""fa"":""اوما""}",10662,اوما,
1414,2026-06-12 23:33:09.768789+00,2026-06-12 23:33:09.768789+00,,"{""fa"":""كولرين""}",10663,كولرين,
1415,2026-06-12 23:33:09.768789+00,2026-06-12 23:33:09.768789+00,,"{""fa"":""دربي""}",10664,دربي,
1416,2026-06-12 23:33:09.768789+00,2026-06-12 23:33:09.768789+00,,"{""fa"":""شفيلد""}",10665,شفيلد,
1417,2026-06-12 23:33:09.768789+00,2026-06-12 23:33:09.768789+00,,"{""fa"":""ليدز""}",10666,ليدز,
1418,2026-06-12 23:33:09.768789+00,2026-06-12 23:33:09.768789+00,,"{""fa"":""واكفالد""}",10667,واكفالد,
1419,2026-06-12 23:33:09.768789+00,2026-06-12 23:33:09.768789+00,,"{""fa"":""يورك""}",10668,يورك,
1420,2026-06-12 23:33:09.768789+00,2026-06-12 23:33:09.768789+00,,"{""fa"":""كارماتن""}",10669,كارماتن,
1421,2026-06-12 23:33:09.768789+00,2026-06-12 23:33:09.768789+00,,"{""fa"":""كارديف""}",10670,كارديف,
1422,2026-06-12 23:33:09.768789+00,2026-06-12 23:33:09.768789+00,,"{""fa"":""نيوپورت""}",10671,نيوپورت,
1423,2026-06-12 23:33:09.768789+00,2026-06-12 23:33:09.768789+00,,"{""fa"":""ناتينگهام""}",10672,ناتينگهام,
1424,2026-06-12 23:33:09.768789+00,2026-06-12 23:33:09.768789+00,,"{""fa"":""نورويچ""}",10673,نورويچ,
1425,2026-06-12 23:33:09.768789+00,2026-06-12 23:33:09.768789+00,,"{""fa"":""كاونتري""}",10674,كاونتري,
1426,2026-06-12 23:33:09.768789+00,2026-06-12 23:33:09.768789+00,,"{""fa"":""بادمين""}",10675,بادمين,
1427,2026-06-12 23:33:09.768789+00,2026-06-12 23:33:09.768789+00,,"{""fa"":""بيدفورد""}",10676,بيدفورد,
1428,2026-06-12 23:33:09.768789+00,2026-06-12 23:33:09.768789+00,,"{""fa"":""باث""}",10677,باث,
1429,2026-06-12 23:33:09.768789+00,2026-06-12 23:33:09.768789+00,,"{""fa"":""چستر""}",10678,چستر,
1430,2026-06-12 23:33:09.768789+00,2026-06-12 23:33:09.768789+00,,"{""fa"":""استوك""}",10679,استوك,
1431,2026-06-12 23:33:09.768789+00,2026-06-12 23:33:09.768789+00,,"{""fa"":""هونت""}",10680,هونت,
1432,2026-06-12 23:33:09.768789+00,2026-06-12 23:33:09.768789+00,,"{""fa"":""هارگت""}",10681,هارگت,
1433,2026-06-12 23:33:09.768789+00,2026-06-12 23:33:09.768789+00,,"{""fa"":""هاورفوردوست""}",10682,هاورفوردوست,
1434,2026-06-12 23:33:09.768789+00,2026-06-12 23:33:09.768789+00,,"{""fa"":""لوتن""}",10683,لوتن,
1435,2026-06-12 23:33:09.768789+00,2026-06-12 23:33:09.768789+00,,"{""fa"":""كولچستر""}",10684,كولچستر,
1436,2026-06-12 23:33:09.768789+00,2026-06-12 23:33:09.768789+00,,"{""fa"":""لكستر""}",10685,لكستر,
1437,2026-06-12 23:33:09.768789+00,2026-06-12 23:33:09.768789+00,,"{""fa"":""نورت همپتن""}",10686,نورت همپتن,
1438,2026-06-12 23:33:09.768789+00,2026-06-12 23:33:09.768789+00,,"{""fa"":""ابردين""}",10687,ابردين,
1439,2026-06-12 23:33:09.768789+00,2026-06-12 23:33:09.768789+00,,"{""fa"":""ايپسويچ""}",10688,ايپسويچ,
1440,2026-06-12 23:33:09.768789+00,2026-06-12 23:33:09.768789+00,,"{""fa"":""بورنموث""}",10689,بورنموث,
1441,2026-06-12 23:33:09.768789+00,2026-06-12 23:33:09.768789+00,,"{""fa"":""نيوكاسل""}",10690,نيوكاسل,
1442,2026-06-12 23:33:09.768789+00,2026-06-12 23:33:09.768789+00,,"{""fa"":""اسكپگنس""}",10691,اسكپگنس,
1443,2026-06-12 23:33:09.768789+00,2026-06-12 23:33:09.768789+00,,"{""fa"":""كرو""}",10692,كرو,
1444,2026-06-12 23:33:09.768789+00,2026-06-12 23:33:09.768789+00,,"{""fa"":""گرينگ""}",10693,گرينگ,
1445,2026-06-12 23:33:09.768789+00,2026-06-12 23:33:09.768789+00,,"{""fa"":""ساوتهمپتن""}",10694,ساوتهمپتن,
1446,2026-06-12 23:33:09.768789+00,2026-06-12 23:33:09.768789+00,,"{""fa"":""لستر""}",10695,لستر,
1447,2026-06-12 23:33:09.768789+00,2026-06-12 23:33:09.768789+00,,"{""fa"":""گلاستر""}",10696,گلاستر,
1448,2026-06-12 23:33:09.768789+00,2026-06-12 23:33:09.768789+00,,"{""fa"":""برايتن""}",10697,برايتن,
1449,2026-06-12 23:33:09.768789+00,2026-06-12 23:33:09.768789+00,,"{""fa"":""كينگستن هال""}",10698,كينگستن هال,
1450,2026-06-12 23:33:09.768789+00,2026-06-12 23:33:09.768789+00,,"{""fa"":""ويلز""}",10699,ويلز,
1451,2026-06-12 23:33:09.768789+00,2026-06-12 23:33:09.768789+00,,"{""fa"":""بلكپول""}",10700,بلكپول,
1452,2026-06-12 23:33:09.768789+00,2026-06-12 23:33:09.768789+00,,"{""fa"":""انگلند""}",10701,انگلند,
1453,2026-06-12 23:33:09.773689+00,2026-06-12 23:33:09.773689+00,,"{""fa"":""دينبورگ""}",10702,دينبورگ,
1454,2026-06-12 23:33:09.773689+00,2026-06-12 23:33:09.773689+00,,"{""fa"":""اينورنس""}",10703,اينورنس,
1455,2026-06-12 23:33:09.773689+00,2026-06-12 23:33:09.773689+00,,"{""fa"":""دورنس""}",10704,دورنس,
1456,2026-06-12 23:33:09.773689+00,2026-06-12 23:33:09.773689+00,,"{""fa"":""هاستينگز""}",10705,هاستينگز,
1457,2026-06-12 23:33:09.773689+00,2026-06-12 23:33:09.773689+00,,"{""fa"":""پورتسمورث""}",10706,پورتسمورث,
1458,2026-06-12 23:33:09.773689+00,2026-06-12 23:33:09.773689+00,,"{""fa"":""نيوپورث""}",10707,نيوپورث,
1459,2026-06-12 23:33:09.773689+00,2026-06-12 23:33:09.773689+00,,"{""fa"":""تانتن""}",10708,تانتن,
1460,2026-06-12 23:33:09.773689+00,2026-06-12 23:33:09.773689+00,,"{""fa"":""تويي""}",10709,تويي,
1461,2026-06-12 23:33:09.773689+00,2026-06-12 23:33:09.773689+00,,"{""fa"":""سالزبري""}",10710,سالزبري,
1462,2026-06-12 23:33:09.773689+00,2026-06-12 23:33:09.773689+00,,"{""fa"":""پليموت""}",10711,پليموت,
1463,2026-06-12 23:33:09.773689+00,2026-06-12 23:33:09.773689+00,,"{""fa"":""ترورو""}",10712,ترورو,
1464,2026-06-12 23:33:09.773689+00,2026-06-12 23:33:09.773689+00,,"{""fa"":""فليموت""}",10713,فليموت,
1465,2026-06-12 23:33:09.773689+00,2026-06-12 23:33:09.773689+00,,"{""fa"":""پنزنس""}",10714,پنزنس,
1466,2026-06-12 23:33:09.773689+00,2026-06-12 23:33:09.773689+00,,"{""fa"":""پمبروك""}",10715,پمبروك,
1467,2026-06-12 23:33:09.773689+00,2026-06-12 23:33:09.773689+00,,"{""fa"":""سوانزي""}",10716,سوانزي,
1468,2026-06-12 23:33:09.773689+00,2026-06-12 23:33:09.773689+00,,"{""fa"":""نيوبري""}",10717,نيوبري,
1469,2026-06-12 23:33:09.773689+00,2026-06-12 23:33:09.773689+00,,"{""fa"":""ريدينگ""}",10718,ريدينگ,
1470,2026-06-12 23:33:09.773689+00,2026-06-12 23:33:09.773689+00,,"{""fa"":""كمبريج""}",10719,كمبريج,
1471,2026-06-12 23:33:09.773689+00,2026-06-12 23:33:09.773689+00,,"{""fa"":""استافورد""}",10720,استافورد,
1472,2026-06-12 23:33:09.773689+00,2026-06-12 23:33:09.773689+00,,"{""fa"":""استاكپورت""}",10721,استاكپورت,
1473,2026-06-12 23:33:09.773689+00,2026-06-12 23:33:09.773689+00,,"{""fa"":""هاليهد""}",10722,هاليهد,
1474,2026-06-12 23:33:09.773689+00,2026-06-12 23:33:09.773689+00,,"{""fa"":""كونوي""}",10723,كونوي,
1475,2026-06-12 23:33:09.773689+00,2026-06-12 23:33:09.773689+00,,"{""fa"":""گريتيارموت""}",10724,گريتيارموت,
1476,2026-06-12 23:33:09.773689+00,2026-06-12 23:33:09.773689+00,,"{""fa"":""لاستف""}",10725,لاستف,
1477,2026-06-12 23:33:09.773689+00,2026-06-12 23:33:09.773689+00,,"{""fa"":""چلمسفورد""}",10726,چلمسفورد,
1478,2026-06-12 23:33:09.773689+00,2026-06-12 23:33:09.773689+00,,"{""fa"":""ساوتند""}",10727,ساوتند,
1479,2026-06-12 23:33:09.773689+00,2026-06-12 23:33:09.773689+00,,"{""fa"":""دوور""}",10728,دوور,
1480,2026-06-12 23:33:09.773689+00,2026-06-12 23:33:09.773689+00,,"{""fa"":""اسكاربوره""}",10729,اسكاربوره,
1481,2026-06-12 23:33:09.773689+00,2026-06-12 23:33:09.773689+00,,"{""fa"":""بارو""}",10730,بارو,
1482,2026-06-12 23:33:09.773689+00,2026-06-12 23:33:09.773689+00,,"{""fa"":""لنكستر""}",10731,لنكستر,
1483,2026-06-12 23:33:09.773689+00,2026-06-12 23:33:09.773689+00,,"{""fa"":""ويتهاون""}",10732,ويتهاون,
1484,2026-06-12 23:33:09.773689+00,2026-06-12 23:33:09.773689+00,,"{""fa"":""كارلايل""}",10733,كارلايل,
1485,2026-06-12 23:33:09.773689+00,2026-06-12 23:33:09.773689+00,,"{""fa"":""ليگتسهد""}",10734,ليگتسهد,
1486,2026-06-12 23:33:09.773689+00,2026-06-12 23:33:09.773689+00,,"{""fa"":""هارتلپول""}",10735,هارتلپول,
1487,2026-06-12 23:33:09.773689+00,2026-06-12 23:33:09.773689+00,,"{""fa"":""ساندرلند""}",10736,ساندرلند,
1488,2026-06-12 23:33:09.773689+00,2026-06-12 23:33:09.773689+00,,"{""fa"":""استاكتنانتيس""}",10737,استاكتنانتيس,
1489,2026-06-12 23:33:09.773689+00,2026-06-12 23:33:09.773689+00,,"{""fa"":""دارلينتگن""}",10738,دارلينتگن,
1490,2026-06-12 23:33:09.773689+00,2026-06-12 23:33:09.773689+00,,"{""fa"":""بلايت""}",10739,بلايت,
1491,2026-06-12 23:33:09.773689+00,2026-06-12 23:33:09.773689+00,,"{""fa"":""آنيك""}",10740,آنيك,
1492,2026-06-12 23:33:09.773689+00,2026-06-12 23:33:09.773689+00,,"{""fa"":""بريكاويونتوئيد""}",10741,بريكاويونتوئيد,
1493,2026-06-12 23:33:09.773689+00,2026-06-12 23:33:09.773689+00,,"{""fa"":""كيلمارنك""}",10742,كيلمارنك,
1494,2026-06-12 23:33:09.773689+00,2026-06-12 23:33:09.773689+00,,"{""fa"":""دمفريس""}",10743,دمفريس,
1495,2026-06-12 23:33:09.773689+00,2026-06-12 23:33:09.773689+00,,"{""fa"":""ار""}",10744,ار,
1496,2026-06-12 23:33:09.773689+00,2026-06-12 23:33:09.773689+00,,"{""fa"":""سترانرار""}",10745,سترانرار,
1497,2026-06-12 23:33:09.773689+00,2026-06-12 23:33:09.773689+00,,"{""fa"":""مارسي""}",10746,مارسي,
1498,2026-06-12 23:33:09.773689+00,2026-06-12 23:33:09.773689+00,,"{""fa"":""استراسبورگ""}",10747,استراسبورگ,
1499,2026-06-12 23:33:09.773689+00,2026-06-12 23:33:09.773689+00,,"{""fa"":""تولوز""}",10748,تولوز,
1500,2026-06-12 23:33:09.773689+00,2026-06-12 23:33:09.773689+00,,"{""fa"":""تولون""}",10749,تولون,
1501,2026-06-12 23:33:09.773689+00,2026-06-12 23:33:09.773689+00,,"{""fa"":""رمس""}",10750,رمس,
1502,2026-06-12 23:33:09.773689+00,2026-06-12 23:33:09.773689+00,,"{""fa"":""سنديزيه""}",10751,سنديزيه,
1503,2026-06-12 23:33:09.773689+00,2026-06-12 23:33:09.773689+00,,"{""fa"":""شارتر""}",10752,شارتر,
1504,2026-06-12 23:33:09.773689+00,2026-06-12 23:33:09.773689+00,,"{""fa"":""شامبري""}",10753,شامبري,
1505,2026-06-12 23:33:09.773689+00,2026-06-12 23:33:09.773689+00,,"{""fa"":""گرنوبل""}",10754,گرنوبل,
1506,2026-06-12 23:33:09.773689+00,2026-06-12 23:33:09.773689+00,,"{""fa"":""والانس""}",10755,والانس,
1507,2026-06-12 23:33:09.773689+00,2026-06-12 23:33:09.773689+00,,"{""fa"":""پريواس""}",10756,پريواس,
1508,2026-06-12 23:33:09.773689+00,2026-06-12 23:33:09.773689+00,,"{""fa"":""آوينيون""}",10757,آوينيون,
1509,2026-06-12 23:33:09.773689+00,2026-06-12 23:33:09.773689+00,,"{""fa"":""گاپ""}",10758,گاپ,
1510,2026-06-12 23:33:09.773689+00,2026-06-12 23:33:09.773689+00,,"{""fa"":""ديني""}",10759,ديني,
1511,2026-06-12 23:33:09.773689+00,2026-06-12 23:33:09.773689+00,,"{""fa"":""رودز""}",10760,رودز,
1512,2026-06-12 23:33:09.773689+00,2026-06-12 23:33:09.773689+00,,"{""fa"":""كهور""}",10761,كهور,
1513,2026-06-12 23:33:09.773689+00,2026-06-12 23:33:09.773689+00,,"{""fa"":""آكتين""}",10762,آكتين,
1514,2026-06-12 23:33:09.773689+00,2026-06-12 23:33:09.773689+00,,"{""fa"":""بوردو""}",10763,بوردو,
1515,2026-06-12 23:33:09.773689+00,2026-06-12 23:33:09.773689+00,,"{""fa"":""پريگو""}",10764,پريگو,
1516,2026-06-12 23:33:09.773689+00,2026-06-12 23:33:09.773689+00,,"{""fa"":""سرروژمن""}",10765,سرروژمن,
1517,2026-06-12 23:33:09.773689+00,2026-06-12 23:33:09.773689+00,,"{""fa"":""لونويل""}",10766,لونويل,
1518,2026-06-12 23:33:09.773689+00,2026-06-12 23:33:09.773689+00,,"{""fa"":""لانگو""}",10767,لانگو,
1519,2026-06-12 23:33:09.773689+00,2026-06-12 23:33:09.773689+00,,"{""fa"":""تيون ويل""}",10768,تيون ويل,
1520,2026-06-12 23:33:09.773689+00,2026-06-12 23:33:09.773689+00,,"{""fa"":""وردون""}",10769,وردون,
1521,2026-06-12 23:33:09.773689+00,2026-06-12 23:33:09.773689+00,,"{""fa"":""سلان""}",10770,سلان,
1522,2026-06-12 23:33:09.773689+00,2026-06-12 23:33:09.773689+00,,"{""fa"":""سدان""}",10771,سدان,
1523,2026-06-12 23:33:09.773689+00,2026-06-12 23:33:09.773689+00,,"{""fa"":""لئون""}",10772,لئون,
1524,2026-06-12 23:33:09.773689+00,2026-06-12 23:33:09.773689+00,,"{""fa"":""اپرنه""}",10773,اپرنه,
1525,2026-06-12 23:33:09.773689+00,2026-06-12 23:33:09.773689+00,,"{""fa"":""لانگره""}",10774,لانگره,
1526,2026-06-12 23:33:09.773689+00,2026-06-12 23:33:09.773689+00,,"{""fa"":""كامبره""}",10775,كامبره,
1527,2026-06-12 23:33:09.773689+00,2026-06-12 23:33:09.773689+00,,"{""fa"":""بتون""}",10776,بتون,
1528,2026-06-12 23:33:09.773689+00,2026-06-12 23:33:09.773689+00,,"{""fa"":""لانس""}",10777,لانس,
1529,2026-06-12 23:33:09.773689+00,2026-06-12 23:33:09.773689+00,,"{""fa"":""دونكر""}",10778,دونكر,
1530,2026-06-12 23:33:09.773689+00,2026-06-12 23:33:09.773689+00,,"{""fa"":""كاله""}",10779,كاله,
1531,2026-06-12 23:33:09.773689+00,2026-06-12 23:33:09.773689+00,,"{""fa"":""بولوني""}",10780,بولوني,
1532,2026-06-12 23:33:09.773689+00,2026-06-12 23:33:09.773689+00,,"{""fa"":""لتوكو""}",10781,لتوكو,
1533,2026-06-12 23:33:09.773689+00,2026-06-12 23:33:09.773689+00,,"{""fa"":""سن كانتن""}",10782,سن كانتن,
1534,2026-06-12 23:33:09.773689+00,2026-06-12 23:33:09.773689+00,,"{""fa"":""نانت""}",10783,نانت,
1535,2026-06-12 23:33:09.773689+00,2026-06-12 23:33:09.773689+00,,"{""fa"":""سواسون""}",10784,سواسون,
1536,2026-06-12 23:33:09.773689+00,2026-06-12 23:33:09.773689+00,,"{""fa"":""لنرپورت""}",10785,لنرپورت,
1537,2026-06-12 23:33:09.773689+00,2026-06-12 23:33:09.773689+00,,"{""fa"":""دينپ""}",10786,دينپ,
1538,2026-06-12 23:33:09.773689+00,2026-06-12 23:33:09.773689+00,,"{""fa"":""فكامپ""}",10787,فكامپ,
1539,2026-06-12 23:33:09.773689+00,2026-06-12 23:33:09.773689+00,,"{""fa"":""ليزيو""}",10788,ليزيو,
1540,2026-06-12 23:33:09.773689+00,2026-06-12 23:33:09.773689+00,,"{""fa"":""شربورگ""}",10789,شربورگ,
1541,2026-06-12 23:33:09.773689+00,2026-06-12 23:33:09.773689+00,,"{""fa"":""گرانويل""}",10790,گرانويل,
1542,2026-06-12 23:33:09.773689+00,2026-06-12 23:33:09.773689+00,,"{""fa"":""سن مالو""}",10791,سن مالو,
1543,2026-06-12 23:33:09.773689+00,2026-06-12 23:33:09.773689+00,,"{""fa"":""دينار""}",10792,دينار,
1544,2026-06-12 23:33:09.773689+00,2026-06-12 23:33:09.773689+00,,"{""fa"":""فورژ""}",10793,فورژ,
1545,2026-06-12 23:33:09.773689+00,2026-06-12 23:33:09.773689+00,,"{""fa"":""ورساي""}",10794,ورساي,
1546,2026-06-12 23:33:09.773689+00,2026-06-12 23:33:09.773689+00,,"{""fa"":""دينان""}",10795,دينان,
1547,2026-06-12 23:33:09.773689+00,2026-06-12 23:33:09.773689+00,,"{""fa"":""لانيون""}",10796,لانيون,
1548,2026-06-12 23:33:09.773689+00,2026-06-12 23:33:09.773689+00,,"{""fa"":""مورلا""}",10797,مورلا,
1549,2026-06-12 23:33:09.773689+00,2026-06-12 23:33:09.773689+00,,"{""fa"":""سن بريه""}",10798,سن بريه,
1550,2026-06-12 23:33:09.773689+00,2026-06-12 23:33:09.773689+00,,"{""fa"":""دوارننه""}",10799,دوارننه,
1551,2026-06-12 23:33:09.773689+00,2026-06-12 23:33:09.773689+00,,"{""fa"":""كمپر""}",10800,كمپر,
1552,2026-06-12 23:33:09.773689+00,2026-06-12 23:33:09.773689+00,,"{""fa"":""لوريان""}",10801,لوريان,
1553,2026-06-12 23:33:09.779225+00,2026-06-12 23:33:09.779225+00,,"{""fa"":""لابور""}",10802,لابور,
1554,2026-06-12 23:33:09.779225+00,2026-06-12 23:33:09.779225+00,,"{""fa"":""لافلش""}",10803,لافلش,
1555,2026-06-12 23:33:09.779225+00,2026-06-12 23:33:09.779225+00,,"{""fa"":""سومور""}",10804,سومور,
1556,2026-06-12 23:33:09.779225+00,2026-06-12 23:33:09.779225+00,,"{""fa"":""ويشي""}",10805,ويشي,
1557,2026-06-12 23:33:09.779225+00,2026-06-12 23:33:09.779225+00,,"{""fa"":""لاروش سوريون""}",10806,لاروش سوريون,
1558,2026-06-12 23:33:09.779225+00,2026-06-12 23:33:09.779225+00,,"{""fa"":""اولون""}",10807,اولون,
1559,2026-06-12 23:33:09.779225+00,2026-06-12 23:33:09.779225+00,,"{""fa"":""دره""}",10808,دره,
1560,2026-06-12 23:33:09.779225+00,2026-06-12 23:33:09.779225+00,,"{""fa"":""ويرزون""}",10809,ويرزون,
1561,2026-06-12 23:33:09.779225+00,2026-06-12 23:33:09.779225+00,,"{""fa"":""مونتارژي""}",10810,مونتارژي,
1562,2026-06-12 23:33:09.779225+00,2026-06-12 23:33:09.779225+00,,"{""fa"":""فونتنبلو""}",10811,فونتنبلو,
1563,2026-06-12 23:33:09.779225+00,2026-06-12 23:33:09.779225+00,,"{""fa"":""سانس""}",10812,سانس,
1564,2026-06-12 23:33:09.779225+00,2026-06-12 23:33:09.779225+00,,"{""fa"":""آتون""}",10813,آتون,
1565,2026-06-12 23:33:09.779225+00,2026-06-12 23:33:09.779225+00,,"{""fa"":""بون""}",10814,بون,
1566,2026-06-12 23:33:09.779225+00,2026-06-12 23:33:09.779225+00,,"{""fa"":""دول""}",10815,دول,
1567,2026-06-12 23:33:09.779225+00,2026-06-12 23:33:09.779225+00,,"{""fa"":""اكسانپروانس""}",10816,اكسانپروانس,
1568,2026-06-12 23:33:09.779225+00,2026-06-12 23:33:09.779225+00,,"{""fa"":""شاموني""}",10817,شاموني,
1569,2026-06-12 23:33:09.779225+00,2026-06-12 23:33:09.779225+00,,"{""fa"":""وين""}",10818,وين,
1570,2026-06-12 23:33:09.779225+00,2026-06-12 23:33:09.779225+00,,"{""fa"":""مونتليمار""}",10819,مونتليمار,
1571,2026-06-12 23:33:09.779225+00,2026-06-12 23:33:09.779225+00,,"{""fa"":""والر""}",10820,والر,
1572,2026-06-12 23:33:09.779225+00,2026-06-12 23:33:09.779225+00,,"{""fa"":""اوبناس""}",10821,اوبناس,
1573,2026-06-12 23:33:09.779225+00,2026-06-12 23:33:09.779225+00,,"{""fa"":""رونان""}",10822,رونان,
1574,2026-06-12 23:33:09.779225+00,2026-06-12 23:33:09.779225+00,,"{""fa"":""مونلوسون""}",10823,مونلوسون,
1575,2026-06-12 23:33:09.779225+00,2026-06-12 23:33:09.779225+00,,"{""fa"":""بريو""}",10824,بريو,
1576,2026-06-12 23:33:09.779225+00,2026-06-12 23:33:09.779225+00,,"{""fa"":""نيور""}",10825,نيور,
1577,2026-06-12 23:33:09.779225+00,2026-06-12 23:33:09.779225+00,,"{""fa"":""لاروشل""}",10826,لاروشل,
1578,2026-06-12 23:33:09.779225+00,2026-06-12 23:33:09.779225+00,,"{""fa"":""روشفور""}",10827,روشفور,
1579,2026-06-12 23:33:09.779225+00,2026-06-12 23:33:09.779225+00,,"{""fa"":""سنت""}",10828,سنت,
1580,2026-06-12 23:33:09.779225+00,2026-06-12 23:33:09.779225+00,,"{""fa"":""روايان""}",10829,روايان,
1581,2026-06-12 23:33:09.779225+00,2026-06-12 23:33:09.779225+00,,"{""fa"":""كنياك""}",10830,كنياك,
1582,2026-06-12 23:33:09.779225+00,2026-06-12 23:33:09.779225+00,,"{""fa"":""آنگوليم""}",10831,آنگوليم,
1583,2026-06-12 23:33:09.779225+00,2026-06-12 23:33:09.779225+00,,"{""fa"":""ليبورن""}",10832,ليبورن,
1584,2026-06-12 23:33:09.779225+00,2026-06-12 23:33:09.779225+00,,"{""fa"":""برژراك""}",10833,برژراك,
1585,2026-06-12 23:33:09.779225+00,2026-06-12 23:33:09.779225+00,,"{""fa"":""اركاشون""}",10834,اركاشون,
1586,2026-06-12 23:33:09.779225+00,2026-06-12 23:33:09.779225+00,,"{""fa"":""مارماند""}",10835,مارماند,
1587,2026-06-12 23:33:09.779225+00,2026-06-12 23:33:09.779225+00,,"{""fa"":""ويلينور""}",10836,ويلينور,
1588,2026-06-12 23:33:09.779225+00,2026-06-12 23:33:09.779225+00,,"{""fa"":""مونپليه""}",10837,مونپليه,
1589,2026-06-12 23:33:09.779225+00,2026-06-12 23:33:09.779225+00,,"{""fa"":""اژن""}",10838,اژن,
1590,2026-06-12 23:33:09.779225+00,2026-06-12 23:33:09.779225+00,,"{""fa"":""موندمارسان""}",10839,موندمارسان,
1591,2026-06-12 23:33:09.779225+00,2026-06-12 23:33:09.779225+00,,"{""fa"":""دكس""}",10840,دكس,
1592,2026-06-12 23:33:09.779225+00,2026-06-12 23:33:09.779225+00,,"{""fa"":""بايون""}",10841,بايون,
1593,2026-06-12 23:33:09.779225+00,2026-06-12 23:33:09.779225+00,,"{""fa"":""بياريتز""}",10842,بياريتز,
1594,2026-06-12 23:33:09.779225+00,2026-06-12 23:33:09.779225+00,,"{""fa"":""پو""}",10843,پو,
1595,2026-06-12 23:33:09.779225+00,2026-06-12 23:33:09.779225+00,,"{""fa"":""لورده""}",10844,لورده,
1596,2026-06-12 23:33:09.779225+00,2026-06-12 23:33:09.779225+00,,"{""fa"":""تارب""}",10845,تارب,
1597,2026-06-12 23:33:09.779225+00,2026-06-12 23:33:09.779225+00,,"{""fa"":""مانتوبان""}",10846,مانتوبان,
1598,2026-06-12 23:33:09.779225+00,2026-06-12 23:33:09.779225+00,,"{""fa"":""كستره""}",10847,كستره,
1599,2026-06-12 23:33:09.779225+00,2026-06-12 23:33:09.779225+00,,"{""fa"":""ميو""}",10848,ميو,
1600,2026-06-12 23:33:09.779225+00,2026-06-12 23:33:09.779225+00,,"{""fa"":""كاركاسون""}",10849,كاركاسون,
1601,2026-06-12 23:33:09.779225+00,2026-06-12 23:33:09.779225+00,,"{""fa"":""فوا""}",10850,فوا,
1602,2026-06-12 23:33:09.779225+00,2026-06-12 23:33:09.779225+00,,"{""fa"":""ليويا""}",10851,ليويا,
1603,2026-06-12 23:33:09.779225+00,2026-06-12 23:33:09.779225+00,,"{""fa"":""پرپينيان""}",10852,پرپينيان,
1604,2026-06-12 23:33:09.779225+00,2026-06-12 23:33:09.779225+00,,"{""fa"":""ناربون""}",10853,ناربون,
1605,2026-06-12 23:33:09.779225+00,2026-06-12 23:33:09.779225+00,,"{""fa"":""بزيه""}",10854,بزيه,
1606,2026-06-12 23:33:09.779225+00,2026-06-12 23:33:09.779225+00,,"{""fa"":""ست""}",10855,ست,
1607,2026-06-12 23:33:09.779225+00,2026-06-12 23:33:09.779225+00,,"{""fa"":""آرل""}",10856,آرل,
1608,2026-06-12 23:33:09.779225+00,2026-06-12 23:33:09.779225+00,,"{""fa"":""آلس""}",10857,آلس,
1609,2026-06-12 23:33:09.779225+00,2026-06-12 23:33:09.779225+00,,"{""fa"":""سين""}",10858,سين,
1610,2026-06-12 23:33:09.779225+00,2026-06-12 23:33:09.779225+00,,"{""fa"":""ير""}",10859,ير,
1611,2026-06-12 23:33:09.779225+00,2026-06-12 23:33:09.779225+00,,"{""fa"":""دارگويژنان""}",10860,دارگويژنان,
1612,2026-06-12 23:33:09.779225+00,2026-06-12 23:33:09.779225+00,,"{""fa"":""كان""}",10861,كان,
1613,2026-06-12 23:33:09.779225+00,2026-06-12 23:33:09.779225+00,,"{""fa"":""مونتون""}",10862,مونتون,
1614,2026-06-12 23:33:09.779225+00,2026-06-12 23:33:09.779225+00,,"{""fa"":""بريانسون""}",10863,بريانسون,
1615,2026-06-12 23:33:09.779225+00,2026-06-12 23:33:09.779225+00,,"{""fa"":""امين""}",10864,امين,
1616,2026-06-12 23:33:09.779225+00,2026-06-12 23:33:09.779225+00,,"{""fa"":""نيس""}",10865,نيس,
1617,2026-06-12 23:33:09.779225+00,2026-06-12 23:33:09.779225+00,,"{""fa"":""سوسي آن بري""}",10866,سوسي آن بري,
1618,2026-06-12 23:33:09.779225+00,2026-06-12 23:33:09.779225+00,,"{""fa"":""آلبي""}",10867,آلبي,
1619,2026-06-12 23:33:09.779225+00,2026-06-12 23:33:09.779225+00,,"{""fa"":""ايلدوفرانس""}",10868,ايلدوفرانس,
1620,2026-06-12 23:33:09.779225+00,2026-06-12 23:33:09.779225+00,,"{""fa"":""سرژيپونتوآس""}",10869,سرژيپونتوآس,
1621,2026-06-12 23:33:09.779225+00,2026-06-12 23:33:09.779225+00,,"{""fa"":""ملون""}",10870,ملون,
1622,2026-06-12 23:33:09.779225+00,2026-06-12 23:33:09.779225+00,,"{""fa"":""نرمانديعليا""}",10871,نرمانديعليا,
1623,2026-06-12 23:33:09.779225+00,2026-06-12 23:33:09.779225+00,,"{""fa"":""روآن""}",10872,روآن,
1624,2026-06-12 23:33:09.779225+00,2026-06-12 23:33:09.779225+00,,"{""fa"":""لوهاور""}",10873,لوهاور,
1625,2026-06-12 23:33:09.779225+00,2026-06-12 23:33:09.779225+00,,"{""fa"":""اوره""}",10874,اوره,
1626,2026-06-12 23:33:09.779225+00,2026-06-12 23:33:09.779225+00,,"{""fa"":""آلزاس""}",10875,آلزاس,
1627,2026-06-12 23:33:09.779225+00,2026-06-12 23:33:09.779225+00,,"{""fa"":""كولما""}",10876,كولما,
1628,2026-06-12 23:33:09.779225+00,2026-06-12 23:33:09.779225+00,,"{""fa"":""مولوز""}",10877,مولوز,
1629,2026-06-12 23:33:09.779225+00,2026-06-12 23:33:09.779225+00,,"{""fa"":""لورن""}",10878,لورن,
1630,2026-06-12 23:33:09.779225+00,2026-06-12 23:33:09.779225+00,,"{""fa"":""نانسي""}",10879,نانسي,
1631,2026-06-12 23:33:09.779225+00,2026-06-12 23:33:09.779225+00,,"{""fa"":""متز""}",10880,متز,
1632,2026-06-12 23:33:09.779225+00,2026-06-12 23:33:09.779225+00,,"{""fa"":""اپينال""}",10881,اپينال,
1633,2026-06-12 23:33:09.779225+00,2026-06-12 23:33:09.779225+00,,"{""fa"":""بارلودوك""}",10882,بارلودوك,
1634,2026-06-12 23:33:09.779225+00,2026-06-12 23:33:09.779225+00,,"{""fa"":""شامپانيآردن""}",10883,شامپانيآردن,
1635,2026-06-12 23:33:09.779225+00,2026-06-12 23:33:09.779225+00,,"{""fa"":""شالون""}",10884,شالون,
1636,2026-06-12 23:33:09.779225+00,2026-06-12 23:33:09.779225+00,,"{""fa"":""شومون""}",10885,شومون,
1637,2026-06-12 23:33:09.779225+00,2026-06-12 23:33:09.779225+00,,"{""fa"":""تروا""}",10886,تروا,
1638,2026-06-12 23:33:09.779225+00,2026-06-12 23:33:09.779225+00,,"{""fa"":""شارلويل""}",10887,شارلويل,
1639,2026-06-12 23:33:09.779225+00,2026-06-12 23:33:09.779225+00,,"{""fa"":""شمسالكاله""}",10888,شمسالكاله,
1640,2026-06-12 23:33:09.779225+00,2026-06-12 23:33:09.779225+00,,"{""fa"":""ليل""}",10889,ليل,
1641,2026-06-12 23:33:09.779225+00,2026-06-12 23:33:09.779225+00,,"{""fa"":""روبه""}",10890,روبه,
1642,2026-06-12 23:33:09.779225+00,2026-06-12 23:33:09.779225+00,,"{""fa"":""اراس""}",10891,اراس,
1643,2026-06-12 23:33:09.779225+00,2026-06-12 23:33:09.779225+00,,"{""fa"":""پيكاردي""}",10892,پيكاردي,
1644,2026-06-12 23:33:09.779225+00,2026-06-12 23:33:09.779225+00,,"{""fa"":""ابويل""}",10893,ابويل,
1645,2026-06-12 23:33:09.779225+00,2026-06-12 23:33:09.779225+00,,"{""fa"":""بووه""}",10894,بووه,
1646,2026-06-12 23:33:09.779225+00,2026-06-12 23:33:09.779225+00,,"{""fa"":""لانگدوك روسيون""}",10895,لانگدوك روسيون,
1647,2026-06-12 23:33:09.779225+00,2026-06-12 23:33:09.779225+00,,"{""fa"":""مند""}",10896,مند,
1648,2026-06-12 23:33:09.779225+00,2026-06-12 23:33:09.779225+00,,"{""fa"":""نرمانديسفلا""}",10897,نرمانديسفلا,
1649,2026-06-12 23:33:09.779225+00,2026-06-12 23:33:09.779225+00,,"{""fa"":""الانسون""}",10898,الانسون,
1650,2026-06-12 23:33:09.779225+00,2026-06-12 23:33:09.779225+00,,"{""fa"":""ست لو""}",10899,ست لو,
1651,2026-06-12 23:33:09.779225+00,2026-06-12 23:33:09.779225+00,,"{""fa"":""بزانسون""}",10900,بزانسون,
1652,2026-06-12 23:33:09.779225+00,2026-06-12 23:33:09.779225+00,,"{""fa"":""وزول""}",10901,وزول,
1653,2026-06-12 23:33:09.786775+00,2026-06-12 23:33:09.786775+00,,"{""fa"":""بلفور""}",10902,بلفور,
1654,2026-06-12 23:33:09.786775+00,2026-06-12 23:33:09.786775+00,,"{""fa"":""لوننوسونيه""}",10903,لوننوسونيه,
1655,2026-06-12 23:33:09.786775+00,2026-06-12 23:33:09.786775+00,,"{""fa"":""بورگوني""}",10904,بورگوني,
1656,2026-06-12 23:33:09.786775+00,2026-06-12 23:33:09.786775+00,,"{""fa"":""ديژون""}",10905,ديژون,
1657,2026-06-12 23:33:09.786775+00,2026-06-12 23:33:09.786775+00,,"{""fa"":""اوسر""}",10906,اوسر,
1658,2026-06-12 23:33:09.786775+00,2026-06-12 23:33:09.786775+00,,"{""fa"":""نوه""}",10907,نوه,
1659,2026-06-12 23:33:09.786775+00,2026-06-12 23:33:09.786775+00,,"{""fa"":""اورلئان""}",10908,اورلئان,
1660,2026-06-12 23:33:09.786775+00,2026-06-12 23:33:09.786775+00,,"{""fa"":""بلوا""}",10909,بلوا,
1661,2026-06-12 23:33:09.786775+00,2026-06-12 23:33:09.786775+00,,"{""fa"":""تور""}",10910,تور,
1662,2026-06-12 23:33:09.786775+00,2026-06-12 23:33:09.786775+00,,"{""fa"":""شاتورو""}",10911,شاتورو,
1663,2026-06-12 23:33:09.786775+00,2026-06-12 23:33:09.786775+00,,"{""fa"":""بورژ""}",10912,بورژ,
1664,2026-06-12 23:33:09.786775+00,2026-06-12 23:33:09.786775+00,,"{""fa"":""پي دولالوار""}",10913,پي دولالوار,
1665,2026-06-12 23:33:09.786775+00,2026-06-12 23:33:09.786775+00,,"{""fa"":""آنژه""}",10914,آنژه,
1666,2026-06-12 23:33:09.786775+00,2026-06-12 23:33:09.786775+00,,"{""fa"":""سن نازر""}",10915,سن نازر,
1667,2026-06-12 23:33:09.786775+00,2026-06-12 23:33:09.786775+00,,"{""fa"":""لاوال""}",10916,لاوال,
1668,2026-06-12 23:33:09.786775+00,2026-06-12 23:33:09.786775+00,,"{""fa"":""لومان""}",10917,لومان,
1669,2026-06-12 23:33:09.786775+00,2026-06-12 23:33:09.786775+00,,"{""fa"":""رن""}",10918,رن,
1670,2026-06-12 23:33:09.786775+00,2026-06-12 23:33:09.786775+00,,"{""fa"":""برست""}",10919,برست,
1671,2026-06-12 23:33:09.786775+00,2026-06-12 23:33:09.786775+00,,"{""fa"":""وان""}",10920,وان,
1672,2026-06-12 23:33:09.786775+00,2026-06-12 23:33:09.786775+00,,"{""fa"":""پواتوشارانت""}",10921,پواتوشارانت,
1673,2026-06-12 23:33:09.786775+00,2026-06-12 23:33:09.786775+00,,"{""fa"":""پواتيه""}",10922,پواتيه,
1674,2026-06-12 23:33:09.786775+00,2026-06-12 23:33:09.786775+00,,"{""fa"":""ليموزن""}",10923,ليموزن,
1675,2026-06-12 23:33:09.786775+00,2026-06-12 23:33:09.786775+00,,"{""fa"":""ليموژ""}",10924,ليموژ,
1676,2026-06-12 23:33:09.786775+00,2026-06-12 23:33:09.786775+00,,"{""fa"":""ژوئر""}",10925,ژوئر,
1677,2026-06-12 23:33:09.786775+00,2026-06-12 23:33:09.786775+00,,"{""fa"":""تول""}",10926,تول,
1678,2026-06-12 23:33:09.786775+00,2026-06-12 23:33:09.786775+00,,"{""fa"":""اوورني""}",10927,اوورني,
1679,2026-06-12 23:33:09.786775+00,2026-06-12 23:33:09.786775+00,,"{""fa"":""كلرمون فران""}",10928,كلرمون فران,
1680,2026-06-12 23:33:09.786775+00,2026-06-12 23:33:09.786775+00,,"{""fa"":""اوريلاك""}",10929,اوريلاك,
1681,2026-06-12 23:33:09.786775+00,2026-06-12 23:33:09.786775+00,,"{""fa"":""لوپرئي""}",10930,لوپرئي,
1682,2026-06-12 23:33:09.786775+00,2026-06-12 23:33:09.786775+00,,"{""fa"":""مولين""}",10931,مولين,
1683,2026-06-12 23:33:09.786775+00,2026-06-12 23:33:09.786775+00,,"{""fa"":""آنسي""}",10932,آنسي,
1684,2026-06-12 23:33:09.786775+00,2026-06-12 23:33:09.786775+00,,"{""fa"":""بورژن برس""}",10933,بورژن برس,
1685,2026-06-12 23:33:09.786775+00,2026-06-12 23:33:09.786775+00,,"{""fa"":""سنت اتين""}",10934,سنت اتين,
1686,2026-06-12 23:33:09.786775+00,2026-06-12 23:33:09.786775+00,,"{""fa"":""مادريد""}",10935,مادريد,
1687,2026-06-12 23:33:09.786775+00,2026-06-12 23:33:09.786775+00,,"{""fa"":""والنسيا""}",10936,والنسيا,
1688,2026-06-12 23:33:09.786775+00,2026-06-12 23:33:09.786775+00,,"{""fa"":""بارسلون""}",10937,بارسلون,
1689,2026-06-12 23:33:09.786775+00,2026-06-12 23:33:09.786775+00,,"{""fa"":""مالاگا""}",10938,مالاگا,
1690,2026-06-12 23:33:09.786775+00,2026-06-12 23:33:09.786775+00,,"{""fa"":""آليكانته""}",10939,آليكانته,
1691,2026-06-12 23:33:09.786775+00,2026-06-12 23:33:09.786775+00,,"{""fa"":""آويلا""}",10940,آويلا,
1692,2026-06-12 23:33:09.786775+00,2026-06-12 23:33:09.786775+00,,"{""fa"":""بيلبائو""}",10941,بيلبائو,
1693,2026-06-12 23:33:09.786775+00,2026-06-12 23:33:09.786775+00,,"{""fa"":""تولدو""}",10942,تولدو,
1694,2026-06-12 23:33:09.786775+00,2026-06-12 23:33:09.786775+00,,"{""fa"":""آراندادوئرو""}",10943,آراندادوئرو,
1695,2026-06-12 23:33:09.786775+00,2026-06-12 23:33:09.786775+00,,"{""fa"":""اورنيگوا""}",10944,اورنيگوا,
1696,2026-06-12 23:33:09.786775+00,2026-06-12 23:33:09.786775+00,,"{""fa"":""فرول""}",10945,فرول,
1697,2026-06-12 23:33:09.786775+00,2026-06-12 23:33:09.786775+00,,"{""fa"":""كاربالو""}",10946,كاربالو,
1698,2026-06-12 23:33:09.786775+00,2026-06-12 23:33:09.786775+00,,"{""fa"":""رداندلا""}",10947,رداندلا,
1699,2026-06-12 23:33:09.786775+00,2026-06-12 23:33:09.786775+00,,"{""fa"":""پلاسنسيا""}",10948,پلاسنسيا,
1700,2026-06-12 23:33:09.786775+00,2026-06-12 23:33:09.786775+00,,"{""fa"":""ناوالمورال""}",10949,ناوالمورال,
1701,2026-06-12 23:33:09.786775+00,2026-06-12 23:33:09.786775+00,,"{""fa"":""تروخيلو""}",10950,تروخيلو,
1702,2026-06-12 23:33:09.786775+00,2026-06-12 23:33:09.786775+00,,"{""fa"":""ويلانوادلاسرنا""}",10951,ويلانوادلاسرنا,
1703,2026-06-12 23:33:09.786775+00,2026-06-12 23:33:09.786775+00,,"{""fa"":""دن بنيتو""}",10952,دن بنيتو,
1704,2026-06-12 23:33:09.786775+00,2026-06-12 23:33:09.786775+00,,"{""fa"":""الكارازدسانخوان""}",10953,الكارازدسانخوان,
1705,2026-06-12 23:33:09.786775+00,2026-06-12 23:33:09.786775+00,,"{""fa"":""زافرا""}",10954,زافرا,
1706,2026-06-12 23:33:09.786775+00,2026-06-12 23:33:09.786775+00,,"{""fa"":""فوتنته""}",10955,فوتنته,
1707,2026-06-12 23:33:09.786775+00,2026-06-12 23:33:09.786775+00,,"{""fa"":""آلمندرلهو""}",10956,آلمندرلهو,
1708,2026-06-12 23:33:09.786775+00,2026-06-12 23:33:09.786775+00,,"{""fa"":""تالاورا""}",10957,تالاورا,
1709,2026-06-12 23:33:09.786775+00,2026-06-12 23:33:09.786775+00,,"{""fa"":""دلارينا""}",10958,دلارينا,
1710,2026-06-12 23:33:09.786775+00,2026-06-12 23:33:09.786775+00,,"{""fa"":""گوادالاخارا""}",10959,گوادالاخارا,
1711,2026-06-12 23:33:09.786775+00,2026-06-12 23:33:09.786775+00,,"{""fa"":""كوئنكا""}",10960,كوئنكا,
1712,2026-06-12 23:33:09.786775+00,2026-06-12 23:33:09.786775+00,,"{""fa"":""ويلاروبلدو""}",10961,ويلاروبلدو,
1713,2026-06-12 23:33:09.786775+00,2026-06-12 23:33:09.786775+00,,"{""fa"":""توملوسو""}",10962,توملوسو,
1714,2026-06-12 23:33:09.786775+00,2026-06-12 23:33:09.786775+00,,"{""fa"":""مانزانارس""}",10963,مانزانارس,
1715,2026-06-12 23:33:09.786775+00,2026-06-12 23:33:09.786775+00,,"{""fa"":""والدپناس""}",10964,والدپناس,
1716,2026-06-12 23:33:09.786775+00,2026-06-12 23:33:09.786775+00,,"{""fa"":""هلين""}",10965,هلين,
1717,2026-06-12 23:33:09.786775+00,2026-06-12 23:33:09.786775+00,,"{""fa"":""پوئرتوليانو""}",10966,پوئرتوليانو,
1718,2026-06-12 23:33:09.786775+00,2026-06-12 23:33:09.786775+00,,"{""fa"":""آلكوبنداس""}",10967,آلكوبنداس,
1719,2026-06-12 23:33:09.786775+00,2026-06-12 23:33:09.786775+00,,"{""fa"":""اسكوريال""}",10968,اسكوريال,
1720,2026-06-12 23:33:09.786775+00,2026-06-12 23:33:09.786775+00,,"{""fa"":""آرانخوز""}",10969,آرانخوز,
1721,2026-06-12 23:33:09.786775+00,2026-06-12 23:33:09.786775+00,,"{""fa"":""بوريانا""}",10970,بوريانا,
1722,2026-06-12 23:33:09.786775+00,2026-06-12 23:33:09.786775+00,,"{""fa"":""وال داوكسو""}",10971,وال داوكسو,
1723,2026-06-12 23:33:09.786775+00,2026-06-12 23:33:09.786775+00,,"{""fa"":""ساگونتو""}",10972,ساگونتو,
1724,2026-06-12 23:33:09.786775+00,2026-06-12 23:33:09.786775+00,,"{""fa"":""ركوئنا""}",10973,ركوئنا,
1725,2026-06-12 23:33:09.786775+00,2026-06-12 23:33:09.786775+00,,"{""fa"":""تورنت""}",10974,تورنت,
1726,2026-06-12 23:33:09.786775+00,2026-06-12 23:33:09.786775+00,,"{""fa"":""سوئكا""}",10975,سوئكا,
1727,2026-06-12 23:33:09.786775+00,2026-06-12 23:33:09.786775+00,,"{""fa"":""آلرزا""}",10976,آلرزا,
1728,2026-06-12 23:33:09.786775+00,2026-06-12 23:33:09.786775+00,,"{""fa"":""گانديا""}",10977,گانديا,
1729,2026-06-12 23:33:09.786775+00,2026-06-12 23:33:09.786775+00,,"{""fa"":""هاتيوا""}",10978,هاتيوا,
1730,2026-06-12 23:33:09.786775+00,2026-06-12 23:33:09.786775+00,,"{""fa"":""اونته نينت""}",10979,اونته نينت,
1731,2026-06-12 23:33:09.786775+00,2026-06-12 23:33:09.786775+00,,"{""fa"":""لكوي""}",10980,لكوي,
1732,2026-06-12 23:33:09.786775+00,2026-06-12 23:33:09.786775+00,,"{""fa"":""ويلينا""}",10981,ويلينا,
1733,2026-06-12 23:33:09.786775+00,2026-06-12 23:33:09.786775+00,,"{""fa"":""الدا""}",10982,الدا,
1734,2026-06-12 23:33:09.786775+00,2026-06-12 23:33:09.786775+00,,"{""fa"":""الچه""}",10983,الچه,
1735,2026-06-12 23:33:09.786775+00,2026-06-12 23:33:09.786775+00,,"{""fa"":""سيزا""}",10984,سيزا,
1736,2026-06-12 23:33:09.786775+00,2026-06-12 23:33:09.786775+00,,"{""fa"":""لوركا""}",10985,لوركا,
1737,2026-06-12 23:33:09.786775+00,2026-06-12 23:33:09.786775+00,,"{""fa"":""آگويلاس""}",10986,آگويلاس,
1738,2026-06-12 23:33:09.786775+00,2026-06-12 23:33:09.786775+00,,"{""fa"":""دالياس""}",10987,دالياس,
1739,2026-06-12 23:33:09.786775+00,2026-06-12 23:33:09.786775+00,,"{""fa"":""بازا""}",10988,بازا,
1740,2026-06-12 23:33:09.786775+00,2026-06-12 23:33:09.786775+00,,"{""fa"":""موتريل""}",10989,موتريل,
1741,2026-06-12 23:33:09.786775+00,2026-06-12 23:33:09.786775+00,,"{""fa"":""اوبدا""}",10990,اوبدا,
1742,2026-06-12 23:33:09.786775+00,2026-06-12 23:33:09.786775+00,,"{""fa"":""لينارس""}",10991,لينارس,
1743,2026-06-12 23:33:09.786775+00,2026-06-12 23:33:09.786775+00,,"{""fa"":""اندوهار""}",10992,اندوهار,
1744,2026-06-12 23:33:09.786775+00,2026-06-12 23:33:09.786775+00,,"{""fa"":""كاتالونيا""}",10993,كاتالونيا,
1745,2026-06-12 23:33:09.786775+00,2026-06-12 23:33:09.786775+00,,"{""fa"":""آلكالالارئال""}",10994,آلكالالارئال,
1746,2026-06-12 23:33:09.786775+00,2026-06-12 23:33:09.786775+00,,"{""fa"":""ولزمالاگا""}",10995,ولزمالاگا,
1747,2026-06-12 23:33:09.786775+00,2026-06-12 23:33:09.786775+00,,"{""fa"":""لوسنا""}",10996,لوسنا,
1748,2026-06-12 23:33:09.786775+00,2026-06-12 23:33:09.786775+00,,"{""fa"":""بائنا""}",10997,بائنا,
1749,2026-06-12 23:33:09.786775+00,2026-06-12 23:33:09.786775+00,,"{""fa"":""پناروياپوبلونوو""}",10998,پناروياپوبلونوو,
1750,2026-06-12 23:33:09.786775+00,2026-06-12 23:33:09.786775+00,,"{""fa"":""مونتيلا""}",10999,مونتيلا,
1751,2026-06-12 23:33:09.786775+00,2026-06-12 23:33:09.786775+00,,"{""fa"":""پوئنته گنيل""}",11000,پوئنته گنيل,
1752,2026-06-12 23:33:09.786775+00,2026-06-12 23:33:09.786775+00,,"{""fa"":""اسيخا""}",11001,اسيخا,
1753,2026-06-12 23:33:09.794976+00,2026-06-12 23:33:09.794976+00,,"{""fa"":""اوسونا""}",11002,اوسونا,
1754,2026-06-12 23:33:09.794976+00,2026-06-12 23:33:09.794976+00,,"{""fa"":""داس هرماناس""}",11003,داس هرماناس,
1755,2026-06-12 23:33:09.794976+00,2026-06-12 23:33:09.794976+00,,"{""fa"":""خرونا""}",11004,خرونا,
1756,2026-06-12 23:33:09.794976+00,2026-06-12 23:33:09.794976+00,,"{""fa"":""اوترا""}",11005,اوترا,
1757,2026-06-12 23:33:09.794976+00,2026-06-12 23:33:09.794976+00,,"{""fa"":""لبريخا""}",11006,لبريخا,
1758,2026-06-12 23:33:09.794976+00,2026-06-12 23:33:09.794976+00,,"{""fa"":""سان لوكاردبارامدا""}",11007,سان لوكاردبارامدا,
1759,2026-06-12 23:33:09.794976+00,2026-06-12 23:33:09.794976+00,,"{""fa"":""خرزدلافرونتر""}",11008,خرزدلافرونتر,
1760,2026-06-12 23:33:09.794976+00,2026-06-12 23:33:09.794976+00,,"{""fa"":""آنتكوئرا""}",11009,آنتكوئرا,
1761,2026-06-12 23:33:09.794976+00,2026-06-12 23:33:09.794976+00,,"{""fa"":""تورمولينوس""}",11010,تورمولينوس,
1762,2026-06-12 23:33:09.794976+00,2026-06-12 23:33:09.794976+00,,"{""fa"":""روندا""}",11011,روندا,
1763,2026-06-12 23:33:09.794976+00,2026-06-12 23:33:09.794976+00,,"{""fa"":""ماربلا""}",11012,ماربلا,
1764,2026-06-12 23:33:09.794976+00,2026-06-12 23:33:09.794976+00,,"{""fa"":""لالينا""}",11013,لالينا,
1765,2026-06-12 23:33:09.794976+00,2026-06-12 23:33:09.794976+00,,"{""fa"":""الجسيرس""}",11014,الجسيرس,
1766,2026-06-12 23:33:09.794976+00,2026-06-12 23:33:09.794976+00,,"{""fa"":""هاسپيتاليت""}",11015,هاسپيتاليت,
1767,2026-06-12 23:33:09.794976+00,2026-06-12 23:33:09.794976+00,,"{""fa"":""بارباته""}",11016,بارباته,
1768,2026-06-12 23:33:09.794976+00,2026-06-12 23:33:09.794976+00,,"{""fa"":""چيكلانا""}",11017,چيكلانا,
1769,2026-06-12 23:33:09.794976+00,2026-06-12 23:33:09.794976+00,,"{""fa"":""سان فرناندو""}",11018,سان فرناندو,
1770,2026-06-12 23:33:09.794976+00,2026-06-12 23:33:09.794976+00,,"{""fa"":""الپوئرتوداستاماريا""}",11019,الپوئرتوداستاماريا,
1771,2026-06-12 23:33:09.794976+00,2026-06-12 23:33:09.794976+00,,"{""fa"":""تاراگونا""}",11020,تاراگونا,
1772,2026-06-12 23:33:09.794976+00,2026-06-12 23:33:09.794976+00,,"{""fa"":""لريدا""}",11021,لريدا,
1773,2026-06-12 23:33:09.794976+00,2026-06-12 23:33:09.794976+00,,"{""fa"":""آراگون""}",11022,آراگون,
1774,2026-06-12 23:33:09.794976+00,2026-06-12 23:33:09.794976+00,,"{""fa"":""ساراگوزا""}",11023,ساراگوزا,
1775,2026-06-12 23:33:09.794976+00,2026-06-12 23:33:09.794976+00,,"{""fa"":""اوئسكا""}",11024,اوئسكا,
1776,2026-06-12 23:33:09.794976+00,2026-06-12 23:33:09.794976+00,,"{""fa"":""تروئل""}",11025,تروئل,
1777,2026-06-12 23:33:09.794976+00,2026-06-12 23:33:09.794976+00,,"{""fa"":""كاستليون دلاپلان""}",11026,كاستليون دلاپلان,
1778,2026-06-12 23:33:09.794976+00,2026-06-12 23:33:09.794976+00,,"{""fa"":""مورسيا""}",11027,مورسيا,
1779,2026-06-12 23:33:09.794976+00,2026-06-12 23:33:09.794976+00,,"{""fa"":""ناوارا""}",11028,ناوارا,
1780,2026-06-12 23:33:09.794976+00,2026-06-12 23:33:09.794976+00,,"{""fa"":""پامپلونا""}",11029,پامپلونا,
1781,2026-06-12 23:33:09.794976+00,2026-06-12 23:33:09.794976+00,,"{""fa"":""پايزباسكو""}",11030,پايزباسكو,
1782,2026-06-12 23:33:09.794976+00,2026-06-12 23:33:09.794976+00,,"{""fa"":""سانسباستيان""}",11031,سانسباستيان,
1783,2026-06-12 23:33:09.794976+00,2026-06-12 23:33:09.794976+00,,"{""fa"":""ويتوريا""}",11032,ويتوريا,
1784,2026-06-12 23:33:09.794976+00,2026-06-12 23:33:09.794976+00,,"{""fa"":""لاريوخا""}",11033,لاريوخا,
1785,2026-06-12 23:33:09.794976+00,2026-06-12 23:33:09.794976+00,,"{""fa"":""لوگرونيو""}",11034,لوگرونيو,
1786,2026-06-12 23:33:09.794976+00,2026-06-12 23:33:09.794976+00,,"{""fa"":""كانتابري""}",11035,كانتابري,
1787,2026-06-12 23:33:09.794976+00,2026-06-12 23:33:09.794976+00,,"{""fa"":""سانتاندر""}",11036,سانتاندر,
1788,2026-06-12 23:33:09.794976+00,2026-06-12 23:33:09.794976+00,,"{""fa"":""كاستيل لئون""}",11037,كاستيل لئون,
1789,2026-06-12 23:33:09.794976+00,2026-06-12 23:33:09.794976+00,,"{""fa"":""والادوليد""}",11038,والادوليد,
1790,2026-06-12 23:33:09.794976+00,2026-06-12 23:33:09.794976+00,,"{""fa"":""سوريا""}",11039,سوريا,
1791,2026-06-12 23:33:09.794976+00,2026-06-12 23:33:09.794976+00,,"{""fa"":""بورگوس""}",11040,بورگوس,
1792,2026-06-12 23:33:09.794976+00,2026-06-12 23:33:09.794976+00,,"{""fa"":""لئون""}",11041,لئون,
1793,2026-06-12 23:33:09.794976+00,2026-06-12 23:33:09.794976+00,,"{""fa"":""زامور""}",11042,زامور,
1794,2026-06-12 23:33:09.794976+00,2026-06-12 23:33:09.794976+00,,"{""fa"":""سالامانكا""}",11043,سالامانكا,
1795,2026-06-12 23:33:09.794976+00,2026-06-12 23:33:09.794976+00,,"{""fa"":""گئليشه""}",11044,گئليشه,
1796,2026-06-12 23:33:09.794976+00,2026-06-12 23:33:09.794976+00,,"{""fa"":""لاكرونا""}",11045,لاكرونا,
1797,2026-06-12 23:33:09.794976+00,2026-06-12 23:33:09.794976+00,,"{""fa"":""لوگو""}",11046,لوگو,
1798,2026-06-12 23:33:09.794976+00,2026-06-12 23:33:09.794976+00,,"{""fa"":""دكومپوستلا""}",11047,دكومپوستلا,
1799,2026-06-12 23:33:09.794976+00,2026-06-12 23:33:09.794976+00,,"{""fa"":""پونتهودرا""}",11048,پونتهودرا,
1800,2026-06-12 23:33:09.794976+00,2026-06-12 23:33:09.794976+00,,"{""fa"":""اورنس""}",11049,اورنس,
1801,2026-06-12 23:33:09.794976+00,2026-06-12 23:33:09.794976+00,,"{""fa"":""ويگو""}",11050,ويگو,
1802,2026-06-12 23:33:09.794976+00,2026-06-12 23:33:09.794976+00,,"{""fa"":""اكستره""}",11051,اكستره,
1803,2026-06-12 23:33:09.794976+00,2026-06-12 23:33:09.794976+00,,"{""fa"":""باداخوز""}",11052,باداخوز,
1804,2026-06-12 23:33:09.794976+00,2026-06-12 23:33:09.794976+00,,"{""fa"":""مريدا""}",11053,مريدا,
1805,2026-06-12 23:33:09.794976+00,2026-06-12 23:33:09.794976+00,,"{""fa"":""كاسرس""}",11054,كاسرس,
1806,2026-06-12 23:33:09.794976+00,2026-06-12 23:33:09.794976+00,,"{""fa"":""هنافه""}",11055,هنافه,
1807,2026-06-12 23:33:09.794976+00,2026-06-12 23:33:09.794976+00,,"{""fa"":""موستولس""}",11056,موستولس,
1808,2026-06-12 23:33:09.794976+00,2026-06-12 23:33:09.794976+00,,"{""fa"":""كاستيل لامانچه""}",11057,كاستيل لامانچه,
1809,2026-06-12 23:33:09.794976+00,2026-06-12 23:33:09.794976+00,,"{""fa"":""آلباست""}",11058,آلباست,
1810,2026-06-12 23:33:09.794976+00,2026-06-12 23:33:09.794976+00,,"{""fa"":""سيودادرئال""}",11059,سيودادرئال,
1811,2026-06-12 23:33:09.794976+00,2026-06-12 23:33:09.794976+00,,"{""fa"":""آندلس""}",11060,آندلس,
1812,2026-06-12 23:33:09.794976+00,2026-06-12 23:33:09.794976+00,,"{""fa"":""سويليا""}",11061,سويليا,
1813,2026-06-12 23:33:09.794976+00,2026-06-12 23:33:09.794976+00,,"{""fa"":""هوئلوا""}",11062,هوئلوا,
1814,2026-06-12 23:33:09.794976+00,2026-06-12 23:33:09.794976+00,,"{""fa"":""كاديز""}",11063,كاديز,
1815,2026-06-12 23:33:09.794976+00,2026-06-12 23:33:09.794976+00,,"{""fa"":""كوردوبا""}",11064,كوردوبا,
1816,2026-06-12 23:33:09.794976+00,2026-06-12 23:33:09.794976+00,,"{""fa"":""خائن""}",11065,خائن,
1817,2026-06-12 23:33:09.794976+00,2026-06-12 23:33:09.794976+00,,"{""fa"":""آلمريا""}",11067,آلمريا,
1818,2026-06-12 23:33:09.794976+00,2026-06-12 23:33:09.794976+00,,"{""fa"":""پالما""}",11068,پالما,
1819,2026-06-12 23:33:09.794976+00,2026-06-12 23:33:09.794976+00,,"{""fa"":""فيگرس""}",11069,فيگرس,
1820,2026-06-12 23:33:09.794976+00,2026-06-12 23:33:09.794976+00,,"{""fa"":""اولوت""}",11070,اولوت,
1821,2026-06-12 23:33:09.794976+00,2026-06-12 23:33:09.794976+00,,"{""fa"":""ويس""}",11071,ويس,
1822,2026-06-12 23:33:09.794976+00,2026-06-12 23:33:09.794976+00,,"{""fa"":""مانرسا""}",11072,مانرسا,
1823,2026-06-12 23:33:09.794976+00,2026-06-12 23:33:09.794976+00,,"{""fa"":""تاراسا""}",11073,تاراسا,
1824,2026-06-12 23:33:09.794976+00,2026-06-12 23:33:09.794976+00,,"{""fa"":""سابادل""}",11074,سابادل,
1825,2026-06-12 23:33:09.794976+00,2026-06-12 23:33:09.794976+00,,"{""fa"":""ماترو""}",11075,ماترو,
1826,2026-06-12 23:33:09.794976+00,2026-06-12 23:33:09.794976+00,,"{""fa"":""سان بوديليو""}",11076,سان بوديليو,
1827,2026-06-12 23:33:09.794976+00,2026-06-12 23:33:09.794976+00,,"{""fa"":""روس""}",11077,روس,
1828,2026-06-12 23:33:09.794976+00,2026-06-12 23:33:09.794976+00,,"{""fa"":""تورتوزا""}",11078,تورتوزا,
1829,2026-06-12 23:33:09.794976+00,2026-06-12 23:33:09.794976+00,,"{""fa"":""ترمپ""}",11079,ترمپ,
1830,2026-06-12 23:33:09.794976+00,2026-06-12 23:33:09.794976+00,,"{""fa"":""لاسوداورگل""}",11080,لاسوداورگل,
1831,2026-06-12 23:33:09.794976+00,2026-06-12 23:33:09.794976+00,,"{""fa"":""بارباسترو""}",11081,بارباسترو,
1832,2026-06-12 23:33:09.794976+00,2026-06-12 23:33:09.794976+00,,"{""fa"":""كالاتايود""}",11082,كالاتايود,
1833,2026-06-12 23:33:09.794976+00,2026-06-12 23:33:09.794976+00,,"{""fa"":""داروكا""}",11083,داروكا,
1834,2026-06-12 23:33:09.794976+00,2026-06-12 23:33:09.794976+00,,"{""fa"":""مونرتال كامپو""}",11084,مونرتال كامپو,
1835,2026-06-12 23:33:09.794976+00,2026-06-12 23:33:09.794976+00,,"{""fa"":""آلكانيز""}",11085,آلكانيز,
1836,2026-06-12 23:33:09.794976+00,2026-06-12 23:33:09.794976+00,,"{""fa"":""ايرون""}",11086,ايرون,
1837,2026-06-12 23:33:09.794976+00,2026-06-12 23:33:09.794976+00,,"{""fa"":""هرناني""}",11087,هرناني,
1838,2026-06-12 23:33:09.794976+00,2026-06-12 23:33:09.794976+00,,"{""fa"":""گوئه چو""}",11088,گوئه چو,
1839,2026-06-12 23:33:09.794976+00,2026-06-12 23:33:09.794976+00,,"{""fa"":""باراكالدو""}",11089,باراكالدو,
1840,2026-06-12 23:33:09.794976+00,2026-06-12 23:33:09.794976+00,,"{""fa"":""تورولاوگا""}",11090,تورولاوگا,
1841,2026-06-12 23:33:09.794976+00,2026-06-12 23:33:09.794976+00,,"{""fa"":""پولادسيرئو""}",11091,پولادسيرئو,
1842,2026-06-12 23:33:09.794976+00,2026-06-12 23:33:09.794976+00,,"{""fa"":""ويلاويكيوسا""}",11092,ويلاويكيوسا,
1843,2026-06-12 23:33:09.794976+00,2026-06-12 23:33:09.794976+00,,"{""fa"":""آويلس""}",11093,آويلس,
1844,2026-06-12 23:33:09.794976+00,2026-06-12 23:33:09.794976+00,,"{""fa"":""ميرس""}",11094,ميرس,
1845,2026-06-12 23:33:09.794976+00,2026-06-12 23:33:09.794976+00,,"{""fa"":""كانگاس""}",11095,كانگاس,
1846,2026-06-12 23:33:09.794976+00,2026-06-12 23:33:09.794976+00,,"{""fa"":""لواركا""}",11096,لواركا,
1847,2026-06-12 23:33:09.794976+00,2026-06-12 23:33:09.794976+00,,"{""fa"":""پونفرادا""}",11097,پونفرادا,
1848,2026-06-12 23:33:09.794976+00,2026-06-12 23:33:09.794976+00,,"{""fa"":""بناونت""}",11098,بناونت,
1849,2026-06-12 23:33:09.794976+00,2026-06-12 23:33:09.794976+00,,"{""fa"":""سيودادرودريگو""}",11099,سيودادرودريگو,
1850,2026-06-12 23:33:09.794976+00,2026-06-12 23:33:09.794976+00,,"{""fa"":""سگويا""}",11100,سگويا,
1851,2026-06-12 23:33:09.794976+00,2026-06-12 23:33:09.794976+00,,"{""fa"":""بنافيل""}",11101,بنافيل,
1852,2026-06-12 23:33:09.794976+00,2026-06-12 23:33:09.794976+00,,"{""fa"":""تامپره""}",11102,تامپره,
1853,2026-06-12 23:33:09.799659+00,2026-06-12 23:33:09.799659+00,,"{""fa"":""هلسينكي""}",11103,هلسينكي,
1854,2026-06-12 23:33:09.799659+00,2026-06-12 23:33:09.799659+00,,"{""fa"":""هانكو""}",11104,هانكو,
1855,2026-06-12 23:33:09.799659+00,2026-06-12 23:33:09.799659+00,,"{""fa"":""اسپو""}",11105,اسپو,
1856,2026-06-12 23:33:09.799659+00,2026-06-12 23:33:09.799659+00,,"{""fa"":""وانتا""}",11106,وانتا,
1857,2026-06-12 23:33:09.799659+00,2026-06-12 23:33:09.799659+00,,"{""fa"":""توركو""}",11107,توركو,
1858,2026-06-12 23:33:09.799659+00,2026-06-12 23:33:09.799659+00,,"{""fa"":""راوما""}",11108,راوما,
1859,2026-06-12 23:33:09.799659+00,2026-06-12 23:33:09.799659+00,,"{""fa"":""پوري""}",11109,پوري,
1860,2026-06-12 23:33:09.799659+00,2026-06-12 23:33:09.799659+00,,"{""fa"":""كوتكا""}",11110,كوتكا,
1861,2026-06-12 23:33:09.799659+00,2026-06-12 23:33:09.799659+00,,"{""fa"":""لاتي""}",11111,لاتي,
1862,2026-06-12 23:33:09.799659+00,2026-06-12 23:33:09.799659+00,,"{""fa"":""ييوسكيله""}",11112,ييوسكيله,
1863,2026-06-12 23:33:09.799659+00,2026-06-12 23:33:09.799659+00,,"{""fa"":""كوئوپيو""}",11113,كوئوپيو,
1864,2026-06-12 23:33:09.799659+00,2026-06-12 23:33:09.799659+00,,"{""fa"":""اولو""}",11114,اولو,
1865,2026-06-12 23:33:09.799659+00,2026-06-12 23:33:09.799659+00,,"{""fa"":""ايوالو""}",11115,ايوالو,
1866,2026-06-12 23:33:09.799659+00,2026-06-12 23:33:09.799659+00,,"{""fa"":""ايناري""}",11116,ايناري,
1867,2026-06-12 23:33:09.799659+00,2026-06-12 23:33:09.799659+00,,"{""fa"":""كامانن""}",11117,كامانن,
1868,2026-06-12 23:33:09.799659+00,2026-06-12 23:33:09.799659+00,,"{""fa"":""انونتكيو""}",11118,انونتكيو,
1869,2026-06-12 23:33:09.799659+00,2026-06-12 23:33:09.799659+00,,"{""fa"":""پوكا""}",11119,پوكا,
1870,2026-06-12 23:33:09.799659+00,2026-06-12 23:33:09.799659+00,,"{""fa"":""موئونيو""}",11120,موئونيو,
1871,2026-06-12 23:33:09.799659+00,2026-06-12 23:33:09.799659+00,,"{""fa"":""سيركا""}",11121,سيركا,
1872,2026-06-12 23:33:09.799659+00,2026-06-12 23:33:09.799659+00,,"{""fa"":""كيتيلا""}",11122,كيتيلا,
1873,2026-06-12 23:33:09.799659+00,2026-06-12 23:33:09.799659+00,,"{""fa"":""كولاري""}",11123,كولاري,
1874,2026-06-12 23:33:09.799659+00,2026-06-12 23:33:09.799659+00,,"{""fa"":""سودانكيلا""}",11124,سودانكيلا,
1875,2026-06-12 23:33:09.799659+00,2026-06-12 23:33:09.799659+00,,"{""fa"":""ساوكوسكي""}",11125,ساوكوسكي,
1876,2026-06-12 23:33:09.799659+00,2026-06-12 23:33:09.799659+00,,"{""fa"":""كلوزلكه""}",11126,كلوزلكه,
1877,2026-06-12 23:33:09.799659+00,2026-06-12 23:33:09.799659+00,,"{""fa"":""ملتاوس""}",11127,ملتاوس,
1878,2026-06-12 23:33:09.799659+00,2026-06-12 23:33:09.799659+00,,"{""fa"":""روانيمي""}",11128,روانيمي,
1879,2026-06-12 23:33:09.799659+00,2026-06-12 23:33:09.799659+00,,"{""fa"":""كوزامو""}",11129,كوزامو,
1880,2026-06-12 23:33:09.799659+00,2026-06-12 23:33:09.799659+00,,"{""fa"":""پوسيو""}",11130,پوسيو,
1881,2026-06-12 23:33:09.799659+00,2026-06-12 23:33:09.799659+00,,"{""fa"":""تورنيو""}",11131,تورنيو,
1882,2026-06-12 23:33:09.799659+00,2026-06-12 23:33:09.799659+00,,"{""fa"":""كمي""}",11132,كمي,
1883,2026-06-12 23:33:09.799659+00,2026-06-12 23:33:09.799659+00,,"{""fa"":""كوانيمي""}",11133,كوانيمي,
1884,2026-06-12 23:33:09.799659+00,2026-06-12 23:33:09.799659+00,,"{""fa"":""پوداسيروي""}",11134,پوداسيروي,
1885,2026-06-12 23:33:09.799659+00,2026-06-12 23:33:09.799659+00,,"{""fa"":""تايوالكوسكي""}",11135,تايوالكوسكي,
1886,2026-06-12 23:33:09.799659+00,2026-06-12 23:33:09.799659+00,,"{""fa"":""لي""}",11136,لي,
1887,2026-06-12 23:33:09.799659+00,2026-06-12 23:33:09.799659+00,,"{""fa"":""هاوكيپوداس""}",11137,هاوكيپوداس,
1888,2026-06-12 23:33:09.799659+00,2026-06-12 23:33:09.799659+00,,"{""fa"":""ليمينكا""}",11138,ليمينكا,
1889,2026-06-12 23:33:09.799659+00,2026-06-12 23:33:09.799659+00,,"{""fa"":""راهه""}",11139,راهه,
1890,2026-06-12 23:33:09.799659+00,2026-06-12 23:33:09.799659+00,,"{""fa"":""پيهاجوكي""}",11140,پيهاجوكي,
1891,2026-06-12 23:33:09.799659+00,2026-06-12 23:33:09.799659+00,,"{""fa"":""پاوولا""}",11141,پاوولا,
1892,2026-06-12 23:33:09.799659+00,2026-06-12 23:33:09.799659+00,,"{""fa"":""اولاينن""}",11142,اولاينن,
1893,2026-06-12 23:33:09.799659+00,2026-06-12 23:33:09.799659+00,,"{""fa"":""كاياني""}",11143,كاياني,
1894,2026-06-12 23:33:09.799659+00,2026-06-12 23:33:09.799659+00,,"{""fa"":""كاجاني""}",11144,كاجاني,
1895,2026-06-12 23:33:09.799659+00,2026-06-12 23:33:09.799659+00,,"{""fa"":""هيرينسالمي""}",11145,هيرينسالمي,
1896,2026-06-12 23:33:09.799659+00,2026-06-12 23:33:09.799659+00,,"{""fa"":""پالتامو""}",11146,پالتامو,
1897,2026-06-12 23:33:09.799659+00,2026-06-12 23:33:09.799659+00,,"{""fa"":""كونتيوماكي""}",11147,كونتيوماكي,
1898,2026-06-12 23:33:09.799659+00,2026-06-12 23:33:09.799659+00,,"{""fa"":""كوهمو""}",11148,كوهمو,
1899,2026-06-12 23:33:09.799659+00,2026-06-12 23:33:09.799659+00,,"{""fa"":""يليويسكا""}",11149,يليويسكا,
1900,2026-06-12 23:33:09.799659+00,2026-06-12 23:33:09.799659+00,,"{""fa"":""كوكولا""}",11150,كوكولا,
1901,2026-06-12 23:33:09.799659+00,2026-06-12 23:33:09.799659+00,,"{""fa"":""ياكوبستاد""}",11151,ياكوبستاد,
1902,2026-06-12 23:33:09.799659+00,2026-06-12 23:33:09.799659+00,,"{""fa"":""نيكارلبي""}",11152,نيكارلبي,
1903,2026-06-12 23:33:09.799659+00,2026-06-12 23:33:09.799659+00,,"{""fa"":""واسا""}",11153,واسا,
1904,2026-06-12 23:33:09.799659+00,2026-06-12 23:33:09.799659+00,,"{""fa"":""لاپوا""}",11154,لاپوا,
1905,2026-06-12 23:33:09.799659+00,2026-06-12 23:33:09.799659+00,,"{""fa"":""پيهتيپوداس""}",11155,پيهتيپوداس,
1906,2026-06-12 23:33:09.799659+00,2026-06-12 23:33:09.799659+00,,"{""fa"":""ايزالمي""}",11156,ايزالمي,
1907,2026-06-12 23:33:09.799659+00,2026-06-12 23:33:09.799659+00,,"{""fa"":""نورمس""}",11157,نورمس,
1908,2026-06-12 23:33:09.799659+00,2026-06-12 23:33:09.799659+00,,"{""fa"":""لاپينلاهتي""}",11158,لاپينلاهتي,
1909,2026-06-12 23:33:09.799659+00,2026-06-12 23:33:09.799659+00,,"{""fa"":""ليكسا""}",11159,ليكسا,
1910,2026-06-12 23:33:09.799659+00,2026-06-12 23:33:09.799659+00,,"{""fa"":""كسلو""}",11160,كسلو,
1911,2026-06-12 23:33:09.799659+00,2026-06-12 23:33:09.799659+00,,"{""fa"":""كاسلو""}",11161,كاسلو,
1912,2026-06-12 23:33:09.799659+00,2026-06-12 23:33:09.799659+00,,"{""fa"":""كريستيناستاد""}",11162,كريستيناستاد,
1913,2026-06-12 23:33:09.799659+00,2026-06-12 23:33:09.799659+00,,"{""fa"":""كوريكا""}",11163,كوريكا,
1914,2026-06-12 23:33:09.799659+00,2026-06-12 23:33:09.799659+00,,"{""fa"":""يالاسيري""}",11164,يالاسيري,
1915,2026-06-12 23:33:09.799659+00,2026-06-12 23:33:09.799659+00,,"{""fa"":""سوننيوكي""}",11165,سوننيوكي,
1916,2026-06-12 23:33:09.799659+00,2026-06-12 23:33:09.799659+00,,"{""fa"":""واركاوس""}",11166,واركاوس,
1917,2026-06-12 23:33:09.799659+00,2026-06-12 23:33:09.799659+00,,"{""fa"":""اويتوكومپو""}",11167,اويتوكومپو,
1918,2026-06-12 23:33:09.799659+00,2026-06-12 23:33:09.799659+00,,"{""fa"":""يوئنسو""}",11168,يوئنسو,
1919,2026-06-12 23:33:09.799659+00,2026-06-12 23:33:09.799659+00,,"{""fa"":""پيكسمكي""}",11169,پيكسمكي,
1920,2026-06-12 23:33:09.799659+00,2026-06-12 23:33:09.799659+00,,"{""fa"":""ويارتسيليا""}",11170,ويارتسيليا,
1921,2026-06-12 23:33:09.799659+00,2026-06-12 23:33:09.799659+00,,"{""fa"":""پاريكالا""}",11171,پاريكالا,
1922,2026-06-12 23:33:09.799659+00,2026-06-12 23:33:09.799659+00,,"{""fa"":""ساونلينا""}",11172,ساونلينا,
1923,2026-06-12 23:33:09.799659+00,2026-06-12 23:33:09.799659+00,,"{""fa"":""ميكلي""}",11173,ميكلي,
1924,2026-06-12 23:33:09.799659+00,2026-06-12 23:33:09.799659+00,,"{""fa"":""ايماترا""}",11174,ايماترا,
1925,2026-06-12 23:33:09.799659+00,2026-06-12 23:33:09.799659+00,,"{""fa"":""لاپنرانتا""}",11175,لاپنرانتا,
1926,2026-06-12 23:33:09.799659+00,2026-06-12 23:33:09.799659+00,,"{""fa"":""هامينا""}",11176,هامينا,
1927,2026-06-12 23:33:09.799659+00,2026-06-12 23:33:09.799659+00,,"{""fa"":""كوولا""}",11177,كوولا,
1928,2026-06-12 23:33:09.799659+00,2026-06-12 23:33:09.799659+00,,"{""fa"":""هينولا""}",11178,هينولا,
1929,2026-06-12 23:33:09.799659+00,2026-06-12 23:33:09.799659+00,,"{""fa"":""يرونپا""}",11179,يرونپا,
1930,2026-06-12 23:33:09.799659+00,2026-06-12 23:33:09.799659+00,,"{""fa"":""ريهيمكي""}",11180,ريهيمكي,
1931,2026-06-12 23:33:09.799659+00,2026-06-12 23:33:09.799659+00,,"{""fa"":""همنلينا""}",11181,همنلينا,
1932,2026-06-12 23:33:09.799659+00,2026-06-12 23:33:09.799659+00,,"{""fa"":""فورسا""}",11182,فورسا,
1933,2026-06-12 23:33:09.799659+00,2026-06-12 23:33:09.799659+00,,"{""fa"":""سالو""}",11183,سالو,
1934,2026-06-12 23:33:09.799659+00,2026-06-12 23:33:09.799659+00,,"{""fa"":""تويالا""}",11184,تويالا,
1935,2026-06-12 23:33:09.799659+00,2026-06-12 23:33:09.799659+00,,"{""fa"":""والككوسكي""}",11185,والككوسكي,
1936,2026-06-12 23:33:09.799659+00,2026-06-12 23:33:09.799659+00,,"{""fa"":""نوكيا""}",11186,نوكيا,
1937,2026-06-12 23:33:09.799659+00,2026-06-12 23:33:09.799659+00,,"{""fa"":""نورماركو""}",11187,نورماركو,
1938,2026-06-12 23:33:09.799659+00,2026-06-12 23:33:09.799659+00,,"{""fa"":""منتيلواتو""}",11188,منتيلواتو,
1939,2026-06-12 23:33:09.799659+00,2026-06-12 23:33:09.799659+00,,"{""fa"":""اوسيكاوپونكي""}",11189,اوسيكاوپونكي,
1940,2026-06-12 23:33:09.799659+00,2026-06-12 23:33:09.799659+00,,"{""fa"":""هانگو""}",11190,هانگو,
1941,2026-06-12 23:33:09.799659+00,2026-06-12 23:33:09.799659+00,,"{""fa"":""پوركالا""}",11191,پوركالا,
1942,2026-06-12 23:33:09.799659+00,2026-06-12 23:33:09.799659+00,,"{""fa"":""جمسه""}",11192,جمسه,
1943,2026-06-12 23:33:09.799659+00,2026-06-12 23:33:09.799659+00,,"{""fa"":""ويرات""}",11193,ويرات,
1944,2026-06-12 23:33:09.799659+00,2026-06-12 23:33:09.799659+00,,"{""fa"":""هاپامكي""}",11194,هاپامكي,
1945,2026-06-12 23:33:09.799659+00,2026-06-12 23:33:09.799659+00,,"{""fa"":""موتسا""}",11195,موتسا,
1946,2026-06-12 23:33:09.799659+00,2026-06-12 23:33:09.799659+00,,"{""fa"":""ريزوكارپاسو""}",11196,ريزوكارپاسو,
1947,2026-06-12 23:33:09.799659+00,2026-06-12 23:33:09.799659+00,,"{""fa"":""نيكوزيا""}",11197,نيكوزيا,
1948,2026-06-12 23:33:09.799659+00,2026-06-12 23:33:09.799659+00,,"{""fa"":""لارناماكا""}",11198,لارناماكا,
1949,2026-06-12 23:33:09.799659+00,2026-06-12 23:33:09.799659+00,,"{""fa"":""فاماگوستا""}",11199,فاماگوستا,
1950,2026-06-12 23:33:09.799659+00,2026-06-12 23:33:09.799659+00,,"{""fa"":""كرينيا""}",11200,كرينيا,
1951,2026-06-12 23:33:09.799659+00,2026-06-12 23:33:09.799659+00,,"{""fa"":""ليماسول""}",11201,ليماسول,
1952,2026-06-12 23:33:09.799659+00,2026-06-12 23:33:09.799659+00,,"{""fa"":""دكليا""}",11202,دكليا,
1953,2026-06-12 23:33:09.802665+00,2026-06-12 23:33:09.802665+00,,"{""fa"":""تراخوناس""}",11203,تراخوناس,
1954,2026-06-12 23:33:09.802665+00,2026-06-12 23:33:09.802665+00,,"{""fa"":""تيمبو""}",11204,تيمبو,
1955,2026-06-12 23:33:09.802665+00,2026-06-12 23:33:09.802665+00,,"{""fa"":""آيوس""}",11205,آيوس,
1956,2026-06-12 23:33:09.802665+00,2026-06-12 23:33:09.802665+00,,"{""fa"":""لاپيتوس""}",11206,لاپيتوس,
1957,2026-06-12 23:33:09.802665+00,2026-06-12 23:33:09.802665+00,,"{""fa"":""اسلو""}",11207,اسلو,
1958,2026-06-12 23:33:09.802665+00,2026-06-12 23:33:09.802665+00,,"{""fa"":""نارويك""}",11208,نارويك,
1959,2026-06-12 23:33:09.802665+00,2026-06-12 23:33:09.802665+00,,"{""fa"":""استاونگر""}",11209,استاونگر,
1960,2026-06-12 23:33:09.802665+00,2026-06-12 23:33:09.802665+00,,"{""fa"":""تروندهيم""}",11210,تروندهيم,
1961,2026-06-12 23:33:09.802665+00,2026-06-12 23:33:09.802665+00,,"{""fa"":""آلسوند""}",11211,آلسوند,
1962,2026-06-12 23:33:09.802665+00,2026-06-12 23:33:09.802665+00,,"{""fa"":""درامن""}",11212,درامن,
1963,2026-06-12 23:33:09.802665+00,2026-06-12 23:33:09.802665+00,,"{""fa"":""كريستيانساند""}",11213,كريستيانساند,
1964,2026-06-12 23:33:09.802665+00,2026-06-12 23:33:09.802665+00,,"{""fa"":""ندن""}",11214,ندن,
1965,2026-06-12 23:33:09.802665+00,2026-06-12 23:33:09.802665+00,,"{""fa"":""گريمستاد""}",11215,گريمستاد,
1966,2026-06-12 23:33:09.802665+00,2026-06-12 23:33:09.802665+00,,"{""fa"":""آرندال""}",11216,آرندال,
1967,2026-06-12 23:33:09.802665+00,2026-06-12 23:33:09.802665+00,,"{""fa"":""ريسور""}",11217,ريسور,
1968,2026-06-12 23:33:09.802665+00,2026-06-12 23:33:09.802665+00,,"{""fa"":""كراگرو""}",11218,كراگرو,
1969,2026-06-12 23:33:09.802665+00,2026-06-12 23:33:09.802665+00,,"{""fa"":""لارويك""}",11219,لارويك,
1970,2026-06-12 23:33:09.802665+00,2026-06-12 23:33:09.802665+00,,"{""fa"":""اسكين""}",11220,اسكين,
1971,2026-06-12 23:33:09.802665+00,2026-06-12 23:33:09.802665+00,,"{""fa"":""هدال""}",11221,هدال,
1972,2026-06-12 23:33:09.802665+00,2026-06-12 23:33:09.802665+00,,"{""fa"":""تويتسوند""}",11222,تويتسوند,
1973,2026-06-12 23:33:09.802665+00,2026-06-12 23:33:09.802665+00,,"{""fa"":""اوملي""}",11223,اوملي,
1974,2026-06-12 23:33:09.802665+00,2026-06-12 23:33:09.802665+00,,"{""fa"":""هاوكليگرند""}",11224,هاوكليگرند,
1975,2026-06-12 23:33:09.802665+00,2026-06-12 23:33:09.802665+00,,"{""fa"":""كيركنس""}",11225,كيركنس,
1976,2026-06-12 23:33:09.802665+00,2026-06-12 23:33:09.802665+00,,"{""fa"":""رودبرگ""}",11226,رودبرگ,
1977,2026-06-12 23:33:09.802665+00,2026-06-12 23:33:09.802665+00,,"{""fa"":""ليلهامر""}",11227,ليلهامر,
1978,2026-06-12 23:33:09.802665+00,2026-06-12 23:33:09.802665+00,,"{""fa"":""هونفوس""}",11228,هونفوس,
1979,2026-06-12 23:33:09.802665+00,2026-06-12 23:33:09.802665+00,,"{""fa"":""كيوويك""}",11229,كيوويك,
1980,2026-06-12 23:33:09.802665+00,2026-06-12 23:33:09.802665+00,,"{""fa"":""فليزا""}",11230,فليزا,
1981,2026-06-12 23:33:09.802665+00,2026-06-12 23:33:09.802665+00,,"{""fa"":""هامار""}",11231,هامار,
1982,2026-06-12 23:33:09.802665+00,2026-06-12 23:33:09.802665+00,,"{""fa"":""الوروم""}",11232,الوروم,
1983,2026-06-12 23:33:09.802665+00,2026-06-12 23:33:09.802665+00,,"{""fa"":""نيبرگزوند""}",11233,نيبرگزوند,
1984,2026-06-12 23:33:09.802665+00,2026-06-12 23:33:09.802665+00,,"{""fa"":""فاگرنس""}",11234,فاگرنس,
1985,2026-06-12 23:33:09.802665+00,2026-06-12 23:33:09.802665+00,,"{""fa"":""وادسو""}",11235,وادسو,
1986,2026-06-12 23:33:09.802665+00,2026-06-12 23:33:09.802665+00,,"{""fa"":""نيبورگ""}",11236,نيبورگ,
1987,2026-06-12 23:33:09.802665+00,2026-06-12 23:33:09.802665+00,,"{""fa"":""واردو""}",11237,واردو,
1988,2026-06-12 23:33:09.802665+00,2026-06-12 23:33:09.802665+00,,"{""fa"":""باتسفيورد""}",11238,باتسفيورد,
1989,2026-06-12 23:33:09.802665+00,2026-06-12 23:33:09.802665+00,,"{""fa"":""تانا""}",11239,تانا,
1990,2026-06-12 23:33:09.802665+00,2026-06-12 23:33:09.802665+00,,"{""fa"":""برلواگ""}",11240,برلواگ,
1991,2026-06-12 23:33:09.802665+00,2026-06-12 23:33:09.802665+00,,"{""fa"":""مهامن""}",11241,مهامن,
1992,2026-06-12 23:33:09.802665+00,2026-06-12 23:33:09.802665+00,,"{""fa"":""ايفيورد""}",11242,ايفيورد,
1993,2026-06-12 23:33:09.802665+00,2026-06-12 23:33:09.802665+00,,"{""fa"":""بورسلو""}",11243,بورسلو,
1994,2026-06-12 23:33:09.802665+00,2026-06-12 23:33:09.802665+00,,"{""fa"":""كيسترند""}",11244,كيسترند,
1995,2026-06-12 23:33:09.802665+00,2026-06-12 23:33:09.802665+00,,"{""fa"":""روسبوتن""}",11245,روسبوتن,
1996,2026-06-12 23:33:09.802665+00,2026-06-12 23:33:09.802665+00,,"{""fa"":""لاكسلو""}",11246,لاكسلو,
1997,2026-06-12 23:33:09.802665+00,2026-06-12 23:33:09.802665+00,,"{""fa"":""كاراسيوك""}",11247,كاراسيوك,
1998,2026-06-12 23:33:09.802665+00,2026-06-12 23:33:09.802665+00,,"{""fa"":""كاوتوگينو""}",11248,كاوتوگينو,
1999,2026-06-12 23:33:09.802665+00,2026-06-12 23:33:09.802665+00,,"{""fa"":""آلتا""}",11249,آلتا,
2000,2026-06-12 23:33:09.802665+00,2026-06-12 23:33:09.802665+00,,"{""fa"":""بيلتو""}",11250,بيلتو,
2001,2026-06-12 23:33:09.802665+00,2026-06-12 23:33:09.802665+00,,"{""fa"":""سوركيوسون""}",11251,سوركيوسون,
2002,2026-06-12 23:33:09.802665+00,2026-06-12 23:33:09.802665+00,,"{""fa"":""ترومسو""}",11252,ترومسو,
2003,2026-06-12 23:33:09.802665+00,2026-06-12 23:33:09.802665+00,,"{""fa"":""نوردكيوسبوتن""}",11253,نوردكيوسبوتن,
2004,2026-06-12 23:33:09.802665+00,2026-06-12 23:33:09.802665+00,,"{""fa"":""اندسلو""}",11254,اندسلو,
2005,2026-06-12 23:33:09.802665+00,2026-06-12 23:33:09.802665+00,,"{""fa"":""فينسنس""}",11255,فينسنس,
2006,2026-06-12 23:33:09.802665+00,2026-06-12 23:33:09.802665+00,,"{""fa"":""بوگنس""}",11256,بوگنس,
2007,2026-06-12 23:33:09.802665+00,2026-06-12 23:33:09.802665+00,,"{""fa"":""فاوسكه""}",11257,فاوسكه,
2008,2026-06-12 23:33:09.802665+00,2026-06-12 23:33:09.802665+00,,"{""fa"":""بودو""}",11258,بودو,
2009,2026-06-12 23:33:09.802665+00,2026-06-12 23:33:09.802665+00,,"{""fa"":""روگنان""}",11259,روگنان,
2010,2026-06-12 23:33:09.802665+00,2026-06-12 23:33:09.802665+00,,"{""fa"":""لونسدال""}",11260,لونسدال,
2011,2026-06-12 23:33:09.802665+00,2026-06-12 23:33:09.802665+00,,"{""fa"":""بيولونس""}",11261,بيولونس,
2012,2026-06-12 23:33:09.802665+00,2026-06-12 23:33:09.802665+00,,"{""fa"":""مويرانا""}",11262,مويرانا,
2013,2026-06-12 23:33:09.802665+00,2026-06-12 23:33:09.802665+00,,"{""fa"":""موسيوئن""}",11263,موسيوئن,
2014,2026-06-12 23:33:09.802665+00,2026-06-12 23:33:09.802665+00,,"{""fa"":""تروفورس""}",11264,تروفورس,
2015,2026-06-12 23:33:09.802665+00,2026-06-12 23:33:09.802665+00,,"{""fa"":""كروكن""}",11265,كروكن,
2016,2026-06-12 23:33:09.802665+00,2026-06-12 23:33:09.802665+00,,"{""fa"":""برونويسوند""}",11266,برونويسوند,
2017,2026-06-12 23:33:09.802665+00,2026-06-12 23:33:09.802665+00,,"{""fa"":""ونسوند""}",11267,ونسوند,
2018,2026-06-12 23:33:09.802665+00,2026-06-12 23:33:09.802665+00,,"{""fa"":""نوردلي""}",11268,نوردلي,
2019,2026-06-12 23:33:09.802665+00,2026-06-12 23:33:09.802665+00,,"{""fa"":""سيورلي""}",11269,سيورلي,
2020,2026-06-12 23:33:09.802665+00,2026-06-12 23:33:09.802665+00,,"{""fa"":""گرونگ""}",11270,گرونگ,
2021,2026-06-12 23:33:09.802665+00,2026-06-12 23:33:09.802665+00,,"{""fa"":""سنوسا""}",11271,سنوسا,
2022,2026-06-12 23:33:09.802665+00,2026-06-12 23:33:09.802665+00,,"{""fa"":""اوسن""}",11272,اوسن,
2023,2026-06-12 23:33:09.802665+00,2026-06-12 23:33:09.802665+00,,"{""fa"":""استينكير""}",11273,استينكير,
2024,2026-06-12 23:33:09.802665+00,2026-06-12 23:33:09.802665+00,,"{""fa"":""وردالسيورا""}",11274,وردالسيورا,
2025,2026-06-12 23:33:09.802665+00,2026-06-12 23:33:09.802665+00,,"{""fa"":""لوانگر""}",11275,لوانگر,
2026,2026-06-12 23:33:09.802665+00,2026-06-12 23:33:09.802665+00,,"{""fa"":""هل""}",11276,هل,
2027,2026-06-12 23:33:09.802665+00,2026-06-12 23:33:09.802665+00,,"{""fa"":""استيوردالشالسن""}",11277,استيوردالشالسن,
2028,2026-06-12 23:33:09.802665+00,2026-06-12 23:33:09.802665+00,,"{""fa"":""استورن""}",11278,استورن,
2029,2026-06-12 23:33:09.802665+00,2026-06-12 23:33:09.802665+00,,"{""fa"":""اوركانگر""}",11279,اوركانگر,
2030,2026-06-12 23:33:09.802665+00,2026-06-12 23:33:09.802665+00,,"{""fa"":""هالزا""}",11280,هالزا,
2031,2026-06-12 23:33:09.802665+00,2026-06-12 23:33:09.802665+00,,"{""fa"":""هالتدالن""}",11281,هالتدالن,
2032,2026-06-12 23:33:09.802665+00,2026-06-12 23:33:09.802665+00,,"{""fa"":""روروس""}",11282,روروس,
2033,2026-06-12 23:33:09.802665+00,2026-06-12 23:33:09.802665+00,,"{""fa"":""اوپدال""}",11283,اوپدال,
2034,2026-06-12 23:33:09.802665+00,2026-06-12 23:33:09.802665+00,,"{""fa"":""دومبوس""}",11284,دومبوس,
2035,2026-06-12 23:33:09.802665+00,2026-06-12 23:33:09.802665+00,,"{""fa"":""اوتا""}",11285,اوتا,
2036,2026-06-12 23:33:09.802665+00,2026-06-12 23:33:09.802665+00,,"{""fa"":""دروسيو""}",11286,دروسيو,
2037,2026-06-12 23:33:09.802665+00,2026-06-12 23:33:09.802665+00,,"{""fa"":""لوم""}",11287,لوم,
2038,2026-06-12 23:33:09.802665+00,2026-06-12 23:33:09.802665+00,,"{""fa"":""گروتلي""}",11288,گروتلي,
2039,2026-06-12 23:33:09.802665+00,2026-06-12 23:33:09.802665+00,,"{""fa"":""بود""}",11289,بود,
2040,2026-06-12 23:33:09.802665+00,2026-06-12 23:33:09.802665+00,,"{""fa"":""انگويك""}",11290,انگويك,
2041,2026-06-12 23:33:09.802665+00,2026-06-12 23:33:09.802665+00,,"{""fa"":""مولد""}",11291,مولد,
2042,2026-06-12 23:33:09.802665+00,2026-06-12 23:33:09.802665+00,,"{""fa"":""آندالسنس""}",11292,آندالسنس,
2043,2026-06-12 23:33:09.802665+00,2026-06-12 23:33:09.802665+00,,"{""fa"":""استراندا""}",11293,استراندا,
2044,2026-06-12 23:33:09.802665+00,2026-06-12 23:33:09.802665+00,,"{""fa"":""ولدا""}",11294,ولدا,
2045,2026-06-12 23:33:09.802665+00,2026-06-12 23:33:09.802665+00,,"{""fa"":""فلورا""}",11295,فلورا,
2046,2026-06-12 23:33:09.802665+00,2026-06-12 23:33:09.802665+00,,"{""fa"":""نوردفيورديد""}",11296,نوردفيورديد,
2047,2026-06-12 23:33:09.802665+00,2026-06-12 23:33:09.802665+00,,"{""fa"":""فورد""}",11297,فورد,
2048,2026-06-12 23:33:09.802665+00,2026-06-12 23:33:09.802665+00,,"{""fa"":""هويانگر""}",11298,هويانگر,
2049,2026-06-12 23:33:09.802665+00,2026-06-12 23:33:09.802665+00,,"{""fa"":""ليكانگر""}",11299,ليكانگر,
2050,2026-06-12 23:33:09.802665+00,2026-06-12 23:33:09.802665+00,,"{""fa"":""قلم""}",11300,قلم,
2051,2026-06-12 23:33:09.802665+00,2026-06-12 23:33:09.802665+00,,"{""fa"":""داله""}",11301,داله,
2052,2026-06-12 23:33:09.802665+00,2026-06-12 23:33:09.802665+00,,"{""fa"":""ووس""}",11302,ووس,
2053,2026-06-12 23:33:09.805919+00,2026-06-12 23:33:09.805919+00,,"{""fa"":""ميردال""}",11303,ميردال,
2054,2026-06-12 23:33:09.805919+00,2026-06-12 23:33:09.805919+00,,"{""fa"":""گيلو""}",11304,گيلو,
2055,2026-06-12 23:33:09.805919+00,2026-06-12 23:33:09.805919+00,,"{""fa"":""اودا""}",11305,اودا,
2056,2026-06-12 23:33:09.805919+00,2026-06-12 23:33:09.805919+00,,"{""fa"":""ساودا""}",11306,ساودا,
2057,2026-06-12 23:33:09.805919+00,2026-06-12 23:33:09.805919+00,,"{""fa"":""ساند""}",11307,ساند,
2058,2026-06-12 23:33:09.805919+00,2026-06-12 23:33:09.805919+00,,"{""fa"":""يورپلاند""}",11308,يورپلاند,
2059,2026-06-12 23:33:09.805919+00,2026-06-12 23:33:09.805919+00,,"{""fa"":""اگرسوند""}",11309,اگرسوند,
2060,2026-06-12 23:33:09.805919+00,2026-06-12 23:33:09.805919+00,,"{""fa"":""فلكهفيورد""}",11310,فلكهفيورد,
2061,2026-06-12 23:33:09.805919+00,2026-06-12 23:33:09.805919+00,,"{""fa"":""فارساند""}",11311,فارساند,
2062,2026-06-12 23:33:09.805919+00,2026-06-12 23:33:09.805919+00,,"{""fa"":""مندال""}",11312,مندال,
2063,2026-06-12 23:33:09.805919+00,2026-06-12 23:33:09.805919+00,,"{""fa"":""ليلساند""}",11313,ليلساند,
2064,2026-06-12 23:33:09.805919+00,2026-06-12 23:33:09.805919+00,,"{""fa"":""هانوور""}",11314,هانوور,
2065,2026-06-12 23:33:09.805919+00,2026-06-12 23:33:09.805919+00,,"{""fa"":""آخن""}",11315,آخن,
2066,2026-06-12 23:33:09.805919+00,2026-06-12 23:33:09.805919+00,,"{""fa"":""اشتوتگارت""}",11316,اشتوتگارت,
2067,2026-06-12 23:33:09.805919+00,2026-06-12 23:33:09.805919+00,,"{""fa"":""برلين""}",11317,برلين,
2068,2026-06-12 23:33:09.805919+00,2026-06-12 23:33:09.805919+00,,"{""fa"":""امدن""}",11318,امدن,
2069,2026-06-12 23:33:09.805919+00,2026-06-12 23:33:09.805919+00,,"{""fa"":""شلسويگ""}",11319,شلسويگ,
2070,2026-06-12 23:33:09.805919+00,2026-06-12 23:33:09.805919+00,,"{""fa"":""هولشتاين""}",11320,هولشتاين,
2071,2026-06-12 23:33:09.805919+00,2026-06-12 23:33:09.805919+00,,"{""fa"":""وست فالن""}",11321,وست فالن,
2072,2026-06-12 23:33:09.805919+00,2026-06-12 23:33:09.805919+00,,"{""fa"":""راينلاند""}",11322,راينلاند,
2073,2026-06-12 23:33:09.805919+00,2026-06-12 23:33:09.805919+00,,"{""fa"":""فالتس""}",11323,فالتس,
2074,2026-06-12 23:33:09.805919+00,2026-06-12 23:33:09.805919+00,,"{""fa"":""بادن""}",11324,بادن,
2075,2026-06-12 23:33:09.805919+00,2026-06-12 23:33:09.805919+00,,"{""fa"":""وورتمبرگ""}",11325,وورتمبرگ,
2076,2026-06-12 23:33:09.805919+00,2026-06-12 23:33:09.805919+00,,"{""fa"":""براندنبورگ""}",11326,براندنبورگ,
2077,2026-06-12 23:33:09.805919+00,2026-06-12 23:33:09.805919+00,,"{""fa"":""بن""}",11327,بن,
2078,2026-06-12 23:33:09.805919+00,2026-06-12 23:33:09.805919+00,,"{""fa"":""زالتسبورگ""}",11328,زالتسبورگ,
2079,2026-06-12 23:33:09.805919+00,2026-06-12 23:33:09.805919+00,,"{""fa"":""ايزنهوتناستاد""}",11329,ايزنهوتناستاد,
2080,2026-06-12 23:33:09.805919+00,2026-06-12 23:33:09.805919+00,,"{""fa"":""كتبوس""}",11330,كتبوس,
2081,2026-06-12 23:33:09.805919+00,2026-06-12 23:33:09.805919+00,,"{""fa"":""راتهنو""}",11331,راتهنو,
2082,2026-06-12 23:33:09.805919+00,2026-06-12 23:33:09.805919+00,,"{""fa"":""نتوروپين""}",11332,نتوروپين,
2083,2026-06-12 23:33:09.805919+00,2026-06-12 23:33:09.805919+00,,"{""fa"":""ابرزوالده""}",11333,ابرزوالده,
2084,2026-06-12 23:33:09.805919+00,2026-06-12 23:33:09.805919+00,,"{""fa"":""اورنينبورگ""}",11334,اورنينبورگ,
2085,2026-06-12 23:33:09.805919+00,2026-06-12 23:33:09.805919+00,,"{""fa"":""پرنسلاو""}",11335,پرنسلاو,
2086,2026-06-12 23:33:09.805919+00,2026-06-12 23:33:09.805919+00,,"{""fa"":""شوت""}",11336,شوت,
2087,2026-06-12 23:33:09.805919+00,2026-06-12 23:33:09.805919+00,,"{""fa"":""نويبراندبورگ""}",11337,نويبراندبورگ,
2088,2026-06-12 23:33:09.805919+00,2026-06-12 23:33:09.805919+00,,"{""fa"":""اسنباخ""}",11338,اسنباخ,
2089,2026-06-12 23:33:09.805919+00,2026-06-12 23:33:09.805919+00,,"{""fa"":""نويشترليتس""}",11339,نويشترليتس,
2090,2026-06-12 23:33:09.805919+00,2026-06-12 23:33:09.805919+00,,"{""fa"":""گرايفزوالد""}",11340,گرايفزوالد,
2091,2026-06-12 23:33:09.805919+00,2026-06-12 23:33:09.805919+00,,"{""fa"":""گوسترو""}",11341,گوسترو,
2092,2026-06-12 23:33:09.805919+00,2026-06-12 23:33:09.805919+00,,"{""fa"":""وارنموند""}",11342,وارنموند,
2093,2026-06-12 23:33:09.805919+00,2026-06-12 23:33:09.805919+00,,"{""fa"":""پوتگاردن""}",11343,پوتگاردن,
2094,2026-06-12 23:33:09.805919+00,2026-06-12 23:33:09.805919+00,,"{""fa"":""هوزوم""}",11344,هوزوم,
2095,2026-06-12 23:33:09.805919+00,2026-06-12 23:33:09.805919+00,,"{""fa"":""ايتزهو""}",11345,ايتزهو,
2096,2026-06-12 23:33:09.805919+00,2026-06-12 23:33:09.805919+00,,"{""fa"":""تراوموند""}",11346,تراوموند,
2097,2026-06-12 23:33:09.805919+00,2026-06-12 23:33:09.805919+00,,"{""fa"":""نوردراستد""}",11347,نوردراستد,
2098,2026-06-12 23:33:09.805919+00,2026-06-12 23:33:09.805919+00,,"{""fa"":""نويمونستر""}",11348,نويمونستر,
2099,2026-06-12 23:33:09.805919+00,2026-06-12 23:33:09.805919+00,,"{""fa"":""گوتينگن""}",11349,گوتينگن,
2100,2026-06-12 23:33:09.805919+00,2026-06-12 23:33:09.805919+00,,"{""fa"":""اسمشورن""}",11350,اسمشورن,
2101,2026-06-12 23:33:09.805919+00,2026-06-12 23:33:09.805919+00,,"{""fa"":""استاد""}",11351,استاد,
2102,2026-06-12 23:33:09.805919+00,2026-06-12 23:33:09.805919+00,,"{""fa"":""كوكسهافن""}",11352,كوكسهافن,
2103,2026-06-12 23:33:09.805919+00,2026-06-12 23:33:09.805919+00,,"{""fa"":""نوردن""}",11353,نوردن,
2104,2026-06-12 23:33:09.805919+00,2026-06-12 23:33:09.805919+00,,"{""fa"":""سالفلد""}",11354,سالفلد,
2105,2026-06-12 23:33:09.805919+00,2026-06-12 23:33:09.805919+00,,"{""fa"":""لير""}",11355,لير,
2106,2026-06-12 23:33:09.805919+00,2026-06-12 23:33:09.805919+00,,"{""fa"":""نوردنهام""}",11356,نوردنهام,
2107,2026-06-12 23:33:09.805919+00,2026-06-12 23:33:09.805919+00,,"{""fa"":""دلمنهورست""}",11357,دلمنهورست,
2108,2026-06-12 23:33:09.805919+00,2026-06-12 23:33:09.805919+00,,"{""fa"":""ويلمهلمزهافن""}",11358,ويلمهلمزهافن,
2109,2026-06-12 23:33:09.805919+00,2026-06-12 23:33:09.805919+00,,"{""fa"":""سولتاو""}",11359,سولتاو,
2110,2026-06-12 23:33:09.805919+00,2026-06-12 23:33:09.805919+00,,"{""fa"":""لوئنبورگ""}",11360,لوئنبورگ,
2111,2026-06-12 23:33:09.805919+00,2026-06-12 23:33:09.805919+00,,"{""fa"":""اولتسن""}",11361,اولتسن,
2112,2026-06-12 23:33:09.805919+00,2026-06-12 23:33:09.805919+00,,"{""fa"":""مپن""}",11362,مپن,
2113,2026-06-12 23:33:09.805919+00,2026-06-12 23:33:09.805919+00,,"{""fa"":""فردن""}",11363,فردن,
2114,2026-06-12 23:33:09.805919+00,2026-06-12 23:33:09.805919+00,,"{""fa"":""لينگن""}",11364,لينگن,
2115,2026-06-12 23:33:09.805919+00,2026-06-12 23:33:09.805919+00,,"{""fa"":""اسن""}",11365,اسن,
2116,2026-06-12 23:33:09.805919+00,2026-06-12 23:33:09.805919+00,,"{""fa"":""نوردهون""}",11366,نوردهون,
2117,2026-06-12 23:33:09.805919+00,2026-06-12 23:33:09.805919+00,,"{""fa"":""رين""}",11367,رين,
2118,2026-06-12 23:33:09.805919+00,2026-06-12 23:33:09.805919+00,,"{""fa"":""امستدتن""}",11368,امستدتن,
2119,2026-06-12 23:33:09.805919+00,2026-06-12 23:33:09.805919+00,,"{""fa"":""نينبورگ""}",11369,نينبورگ,
2120,2026-06-12 23:33:09.805919+00,2026-06-12 23:33:09.805919+00,,"{""fa"":""گاربسن""}",11370,گاربسن,
2121,2026-06-12 23:33:09.805919+00,2026-06-12 23:33:09.805919+00,,"{""fa"":""وولفزبورگ""}",11371,وولفزبورگ,
2122,2026-06-12 23:33:09.805919+00,2026-06-12 23:33:09.805919+00,,"{""fa"":""ولفنبوتل""}",11372,ولفنبوتل,
2123,2026-06-12 23:33:09.805919+00,2026-06-12 23:33:09.805919+00,,"{""fa"":""سالتسگيتر""}",11373,سالتسگيتر,
2124,2026-06-12 23:33:09.805919+00,2026-06-12 23:33:09.805919+00,,"{""fa"":""هيلدسهيم""}",11374,هيلدسهيم,
2125,2026-06-12 23:33:09.805919+00,2026-06-12 23:33:09.805919+00,,"{""fa"":""هالمن""}",11375,هالمن,
2126,2026-06-12 23:33:09.805919+00,2026-06-12 23:33:09.805919+00,,"{""fa"":""ترير""}",11376,ترير,
2127,2026-06-12 23:33:09.805919+00,2026-06-12 23:33:09.805919+00,,"{""fa"":""هوكستر""}",11377,هوكستر,
2128,2026-06-12 23:33:09.805919+00,2026-06-12 23:33:09.805919+00,,"{""fa"":""هرفورد""}",11378,هرفورد,
2129,2026-06-12 23:33:09.805919+00,2026-06-12 23:33:09.805919+00,,"{""fa"":""ميدن""}",11379,ميدن,
2130,2026-06-12 23:33:09.805919+00,2026-06-12 23:33:09.805919+00,,"{""fa"":""لمگو""}",11380,لمگو,
2131,2026-06-12 23:33:09.805919+00,2026-06-12 23:33:09.805919+00,,"{""fa"":""بدسالزوفرن""}",11381,بدسالزوفرن,
2132,2026-06-12 23:33:09.805919+00,2026-06-12 23:33:09.805919+00,,"{""fa"":""دتمولد""}",11382,دتمولد,
2133,2026-06-12 23:33:09.805919+00,2026-06-12 23:33:09.805919+00,,"{""fa"":""گوترسلو""}",11383,گوترسلو,
2134,2026-06-12 23:33:09.805919+00,2026-06-12 23:33:09.805919+00,,"{""fa"":""گرون""}",11384,گرون,
2135,2026-06-12 23:33:09.805919+00,2026-06-12 23:33:09.805919+00,,"{""fa"":""بدهرسفيلد""}",11385,بدهرسفيلد,
2136,2026-06-12 23:33:09.805919+00,2026-06-12 23:33:09.805919+00,,"{""fa"":""بوركن""}",11386,بوركن,
2137,2026-06-12 23:33:09.805919+00,2026-06-12 23:33:09.805919+00,,"{""fa"":""درسدن""}",11387,درسدن,
2138,2026-06-12 23:33:09.805919+00,2026-06-12 23:33:09.805919+00,,"{""fa"":""هام""}",11388,هام,
2139,2026-06-12 23:33:09.805919+00,2026-06-12 23:33:09.805919+00,,"{""fa"":""زوست""}",11389,زوست,
2140,2026-06-12 23:33:09.805919+00,2026-06-12 23:33:09.805919+00,,"{""fa"":""ليپاستات""}",11390,ليپاستات,
2141,2026-06-12 23:33:09.805919+00,2026-06-12 23:33:09.805919+00,,"{""fa"":""پادربورن""}",11391,پادربورن,
2142,2026-06-12 23:33:09.805919+00,2026-06-12 23:33:09.805919+00,,"{""fa"":""بوچولت""}",11392,بوچولت,
2143,2026-06-12 23:33:09.805919+00,2026-06-12 23:33:09.805919+00,,"{""fa"":""ريت""}",11393,ريت,
2144,2026-06-12 23:33:09.805919+00,2026-06-12 23:33:09.805919+00,,"{""fa"":""نويس""}",11394,نويس,
2145,2026-06-12 23:33:09.805919+00,2026-06-12 23:33:09.805919+00,,"{""fa"":""رمشيد""}",11395,رمشيد,
2146,2026-06-12 23:33:09.805919+00,2026-06-12 23:33:09.805919+00,,"{""fa"":""مولهيم""}",11396,مولهيم,
2147,2026-06-12 23:33:09.805919+00,2026-06-12 23:33:09.805919+00,,"{""fa"":""كلوس""}",11397,كلوس,
2148,2026-06-12 23:33:09.805919+00,2026-06-12 23:33:09.805919+00,,"{""fa"":""دساو""}",11398,دساو,
2149,2026-06-12 23:33:09.805919+00,2026-06-12 23:33:09.805919+00,,"{""fa"":""بدگودسبرگ""}",11399,بدگودسبرگ,
2150,2026-06-12 23:33:09.805919+00,2026-06-12 23:33:09.805919+00,,"{""fa"":""اشويلر""}",11400,اشويلر,
2151,2026-06-12 23:33:09.805919+00,2026-06-12 23:33:09.805919+00,,"{""fa"":""دورن""}",11401,دورن,
2152,2026-06-12 23:33:09.805919+00,2026-06-12 23:33:09.805919+00,,"{""fa"":""لوركوزن""}",11402,لوركوزن,
2153,2026-06-12 23:33:09.812077+00,2026-06-12 23:33:09.812077+00,,"{""fa"":""برجيخ گلادخ""}",11403,برجيخ گلادخ,
2154,2026-06-12 23:33:09.812077+00,2026-06-12 23:33:09.812077+00,,"{""fa"":""لونشيد""}",11404,لونشيد,
2155,2026-06-12 23:33:09.812077+00,2026-06-12 23:33:09.812077+00,,"{""fa"":""كورباخ""}",11405,كورباخ,
2156,2026-06-12 23:33:09.812077+00,2026-06-12 23:33:09.812077+00,,"{""fa"":""اشوك""}",11406,اشوك,
2157,2026-06-12 23:33:09.812077+00,2026-06-12 23:33:09.812077+00,,"{""fa"":""زيگن""}",11407,زيگن,
2158,2026-06-12 23:33:09.812077+00,2026-06-12 23:33:09.812077+00,,"{""fa"":""گسلار""}",11408,گسلار,
2159,2026-06-12 23:33:09.812077+00,2026-06-12 23:33:09.812077+00,,"{""fa"":""دورتموند""}",11409,دورتموند,
2160,2026-06-12 23:33:09.812077+00,2026-06-12 23:33:09.812077+00,,"{""fa"":""ويتنبرگه""}",11410,ويتنبرگه,
2161,2026-06-12 23:33:09.812077+00,2026-06-12 23:33:09.812077+00,,"{""fa"":""هالبراشتادت""}",11411,هالبراشتادت,
2162,2026-06-12 23:33:09.812077+00,2026-06-12 23:33:09.812077+00,,"{""fa"":""ورنيگرود""}",11412,ورنيگرود,
2163,2026-06-12 23:33:09.812077+00,2026-06-12 23:33:09.812077+00,,"{""fa"":""برنبورگ""}",11413,برنبورگ,
2164,2026-06-12 23:33:09.812077+00,2026-06-12 23:33:09.812077+00,,"{""fa"":""ويتنبرگ""}",11414,ويتنبرگ,
2165,2026-06-12 23:33:09.812077+00,2026-06-12 23:33:09.812077+00,,"{""fa"":""ايسلبن""}",11415,ايسلبن,
2166,2026-06-12 23:33:09.812077+00,2026-06-12 23:33:09.812077+00,,"{""fa"":""مرسبورگ""}",11416,مرسبورگ,
2167,2026-06-12 23:33:09.812077+00,2026-06-12 23:33:09.812077+00,,"{""fa"":""تورگاو""}",11417,تورگاو,
2168,2026-06-12 23:33:09.812077+00,2026-06-12 23:33:09.812077+00,,"{""fa"":""هايروردا""}",11418,هايروردا,
2169,2026-06-12 23:33:09.812077+00,2026-06-12 23:33:09.812077+00,,"{""fa"":""گورليتس""}",11419,گورليتس,
2170,2026-06-12 23:33:09.812077+00,2026-06-12 23:33:09.812077+00,,"{""fa"":""سولينگن""}",11420,سولينگن,
2171,2026-06-12 23:33:09.812077+00,2026-06-12 23:33:09.812077+00,,"{""fa"":""بوتزن""}",11421,بوتزن,
2172,2026-06-12 23:33:09.812077+00,2026-06-12 23:33:09.812077+00,,"{""fa"":""مايسن""}",11422,مايسن,
2173,2026-06-12 23:33:09.812077+00,2026-06-12 23:33:09.812077+00,,"{""fa"":""زيتائو""}",11423,زيتائو,
2174,2026-06-12 23:33:09.812077+00,2026-06-12 23:33:09.812077+00,,"{""fa"":""زويكائو""}",11424,زويكائو,
2175,2026-06-12 23:33:09.812077+00,2026-06-12 23:33:09.812077+00,,"{""fa"":""پلاوئن""}",11425,پلاوئن,
2176,2026-06-12 23:33:09.812077+00,2026-06-12 23:33:09.812077+00,,"{""fa"":""آلتبورگ""}",11426,آلتبورگ,
2177,2026-06-12 23:33:09.812077+00,2026-06-12 23:33:09.812077+00,,"{""fa"":""گرا""}",11427,گرا,
2178,2026-06-12 23:33:09.812077+00,2026-06-12 23:33:09.812077+00,,"{""fa"":""ينا""}",11428,ينا,
2179,2026-06-12 23:33:09.812077+00,2026-06-12 23:33:09.812077+00,,"{""fa"":""ويمار""}",11429,ويمار,
2180,2026-06-12 23:33:09.812077+00,2026-06-12 23:33:09.812077+00,,"{""fa"":""مينينگن""}",11430,مينينگن,
2181,2026-06-12 23:33:09.812077+00,2026-06-12 23:33:09.812077+00,,"{""fa"":""زول""}",11431,زول,
2182,2026-06-12 23:33:09.812077+00,2026-06-12 23:33:09.812077+00,,"{""fa"":""گوتا""}",11432,گوتا,
2183,2026-06-12 23:33:09.812077+00,2026-06-12 23:33:09.812077+00,,"{""fa"":""ايسناخ""}",11433,ايسناخ,
2184,2026-06-12 23:33:09.812077+00,2026-06-12 23:33:09.812077+00,,"{""fa"":""نوردهاوسن""}",11434,نوردهاوسن,
2185,2026-06-12 23:33:09.812077+00,2026-06-12 23:33:09.812077+00,,"{""fa"":""اوتزلار""}",11435,اوتزلار,
2186,2026-06-12 23:33:09.812077+00,2026-06-12 23:33:09.812077+00,,"{""fa"":""بدهومبورگ""}",11436,بدهومبورگ,
2187,2026-06-12 23:33:09.812077+00,2026-06-12 23:33:09.812077+00,,"{""fa"":""گيسن""}",11437,گيسن,
2188,2026-06-12 23:33:09.812077+00,2026-06-12 23:33:09.812077+00,,"{""fa"":""فولدا""}",11438,فولدا,
2189,2026-06-12 23:33:09.812077+00,2026-06-12 23:33:09.812077+00,,"{""fa"":""اوفنباخ""}",11439,اوفنباخ,
2190,2026-06-12 23:33:09.812077+00,2026-06-12 23:33:09.812077+00,,"{""fa"":""روسلخيم""}",11440,روسلخيم,
2191,2026-06-12 23:33:09.812077+00,2026-06-12 23:33:09.812077+00,,"{""fa"":""فرايبورگ""}",11441,فرايبورگ,
2192,2026-06-12 23:33:09.812077+00,2026-06-12 23:33:09.812077+00,,"{""fa"":""آشافنبورگ""}",11442,آشافنبورگ,
2193,2026-06-12 23:33:09.812077+00,2026-06-12 23:33:09.812077+00,,"{""fa"":""هانائو""}",11443,هانائو,
2194,2026-06-12 23:33:09.812077+00,2026-06-12 23:33:09.812077+00,,"{""fa"":""نويد""}",11444,نويد,
2195,2026-06-12 23:33:09.812077+00,2026-06-12 23:33:09.812077+00,,"{""fa"":""كوچم""}",11445,كوچم,
2196,2026-06-12 23:33:09.812077+00,2026-06-12 23:33:09.812077+00,,"{""fa"":""برنكاستل كوئز""}",11446,برنكاستل كوئز,
2197,2026-06-12 23:33:09.812077+00,2026-06-12 23:33:09.812077+00,,"{""fa"":""بينگن""}",11447,بينگن,
2198,2026-06-12 23:33:09.812077+00,2026-06-12 23:33:09.812077+00,,"{""fa"":""نئون كيرخن""}",11448,نئون كيرخن,
2199,2026-06-12 23:33:09.812077+00,2026-06-12 23:33:09.812077+00,,"{""fa"":""بدكروزاخ""}",11449,بدكروزاخ,
2200,2026-06-12 23:33:09.812077+00,2026-06-12 23:33:09.812077+00,,"{""fa"":""سارلوئيس""}",11450,سارلوئيس,
2201,2026-06-12 23:33:09.812077+00,2026-06-12 23:33:09.812077+00,,"{""fa"":""فارباخ""}",11451,فارباخ,
2202,2026-06-12 23:33:09.812077+00,2026-06-12 23:33:09.812077+00,,"{""fa"":""روتنبورگ""}",11452,روتنبورگ,
2203,2026-06-12 23:33:09.812077+00,2026-06-12 23:33:09.812077+00,,"{""fa"":""تسفيبورگ""}",11453,تسفيبورگ,
2204,2026-06-12 23:33:09.812077+00,2026-06-12 23:33:09.812077+00,,"{""fa"":""پيرمازنس""}",11454,پيرمازنس,
2205,2026-06-12 23:33:09.812077+00,2026-06-12 23:33:09.812077+00,,"{""fa"":""اشپير""}",11455,اشپير,
2206,2026-06-12 23:33:09.812077+00,2026-06-12 23:33:09.812077+00,,"{""fa"":""نوي استات""}",11456,نوي استات,
2207,2026-06-12 23:33:09.812077+00,2026-06-12 23:33:09.812077+00,,"{""fa"":""لاندائو""}",11457,لاندائو,
2208,2026-06-12 23:33:09.812077+00,2026-06-12 23:33:09.812077+00,,"{""fa"":""اشتات""}",11458,اشتات,
2209,2026-06-12 23:33:09.812077+00,2026-06-12 23:33:09.812077+00,,"{""fa"":""پفورژيم""}",11459,پفورژيم,
2210,2026-06-12 23:33:09.812077+00,2026-06-12 23:33:09.812077+00,,"{""fa"":""بادن بادن""}",11460,بادن بادن,
2211,2026-06-12 23:33:09.812077+00,2026-06-12 23:33:09.812077+00,,"{""fa"":""كل""}",11461,كل,
2212,2026-06-12 23:33:09.812077+00,2026-06-12 23:33:09.812077+00,,"{""fa"":""لاهر""}",11462,لاهر,
2213,2026-06-12 23:33:09.812077+00,2026-06-12 23:33:09.812077+00,,"{""fa"":""نورنبرگ""}",11463,نورنبرگ,
2214,2026-06-12 23:33:09.812077+00,2026-06-12 23:33:09.812077+00,,"{""fa"":""فرويدن اشتادت""}",11464,فرويدن اشتادت,
2215,2026-06-12 23:33:09.812077+00,2026-06-12 23:33:09.812077+00,,"{""fa"":""لوراخ""}",11465,لوراخ,
2216,2026-06-12 23:33:09.812077+00,2026-06-12 23:33:09.812077+00,,"{""fa"":""والدشوت""}",11466,والدشوت,
2217,2026-06-12 23:33:09.812077+00,2026-06-12 23:33:09.812077+00,,"{""fa"":""دوناشينگن""}",11467,دوناشينگن,
2218,2026-06-12 23:33:09.812077+00,2026-06-12 23:33:09.812077+00,,"{""fa"":""ويلينگن""}",11468,ويلينگن,
2219,2026-06-12 23:33:09.812077+00,2026-06-12 23:33:09.812077+00,,"{""fa"":""بلينگن""}",11469,بلينگن,
2220,2026-06-12 23:33:09.812077+00,2026-06-12 23:33:09.812077+00,,"{""fa"":""سيگمارينگن""}",11470,سيگمارينگن,
2221,2026-06-12 23:33:09.812077+00,2026-06-12 23:33:09.812077+00,,"{""fa"":""سينگن""}",11471,سينگن,
2222,2026-06-12 23:33:09.812077+00,2026-06-12 23:33:09.812077+00,,"{""fa"":""فريدويشزهافن""}",11472,فريدويشزهافن,
2223,2026-06-12 23:33:09.812077+00,2026-06-12 23:33:09.812077+00,,"{""fa"":""گيسلينگن""}",11473,گيسلينگن,
2224,2026-06-12 23:33:09.812077+00,2026-06-12 23:33:09.812077+00,,"{""fa"":""بوخوم""}",11474,بوخوم,
2225,2026-06-12 23:33:09.812077+00,2026-06-12 23:33:09.812077+00,,"{""fa"":""كوپينگن""}",11475,كوپينگن,
2226,2026-06-12 23:33:09.812077+00,2026-06-12 23:33:09.812077+00,,"{""fa"":""آلن""}",11476,آلن,
2227,2026-06-12 23:33:09.812077+00,2026-06-12 23:33:09.812077+00,,"{""fa"":""هيدن هيم""}",11477,هيدن هيم,
2228,2026-06-12 23:33:09.812077+00,2026-06-12 23:33:09.812077+00,,"{""fa"":""اسلينگن""}",11478,اسلينگن,
2229,2026-06-12 23:33:09.812077+00,2026-06-12 23:33:09.812077+00,,"{""fa"":""بوبلينگن""}",11479,بوبلينگن,
2230,2026-06-12 23:33:09.812077+00,2026-06-12 23:33:09.812077+00,,"{""fa"":""رويتلينگ""}",11480,رويتلينگ,
2231,2026-06-12 23:33:09.812077+00,2026-06-12 23:33:09.812077+00,,"{""fa"":""دوناوورت""}",11481,دوناوورت,
2232,2026-06-12 23:33:09.812077+00,2026-06-12 23:33:09.812077+00,,"{""fa"":""ممينگن""}",11482,ممينگن,
2233,2026-06-12 23:33:09.812077+00,2026-06-12 23:33:09.812077+00,,"{""fa"":""كاف بوئرن""}",11483,كاف بوئرن,
2234,2026-06-12 23:33:09.812077+00,2026-06-12 23:33:09.812077+00,,"{""fa"":""كمپتن""}",11484,كمپتن,
2235,2026-06-12 23:33:09.812077+00,2026-06-12 23:33:09.812077+00,,"{""fa"":""مانهايم""}",11485,مانهايم,
2236,2026-06-12 23:33:09.812077+00,2026-06-12 23:33:09.812077+00,,"{""fa"":""فوشن""}",11486,فوشن,
2237,2026-06-12 23:33:09.812077+00,2026-06-12 23:33:09.812077+00,,"{""fa"":""ساندوفن""}",11487,ساندوفن,
2238,2026-06-12 23:33:09.812077+00,2026-06-12 23:33:09.812077+00,,"{""fa"":""بدتولز""}",11488,بدتولز,
2239,2026-06-12 23:33:09.812077+00,2026-06-12 23:33:09.812077+00,,"{""fa"":""گارميش""}",11489,گارميش,
2240,2026-06-12 23:33:09.812077+00,2026-06-12 23:33:09.812077+00,,"{""fa"":""لاندسبرگ""}",11490,لاندسبرگ,
2241,2026-06-12 23:33:09.812077+00,2026-06-12 23:33:09.812077+00,,"{""fa"":""استارنبرگ""}",11491,استارنبرگ,
2242,2026-06-12 23:33:09.812077+00,2026-06-12 23:33:09.812077+00,,"{""fa"":""واسربورگ""}",11492,واسربورگ,
2243,2026-06-12 23:33:09.812077+00,2026-06-12 23:33:09.812077+00,,"{""fa"":""برشتسگادن""}",11493,برشتسگادن,
2244,2026-06-12 23:33:09.812077+00,2026-06-12 23:33:09.812077+00,,"{""fa"":""بدريخن هال""}",11494,بدريخن هال,
2245,2026-06-12 23:33:09.812077+00,2026-06-12 23:33:09.812077+00,,"{""fa"":""لندزهوت""}",11495,لندزهوت,
2246,2026-06-12 23:33:09.812077+00,2026-06-12 23:33:09.812077+00,,"{""fa"":""ماربورگ""}",11496,ماربورگ,
2247,2026-06-12 23:33:09.812077+00,2026-06-12 23:33:09.812077+00,,"{""fa"":""خام""}",11497,خام,
2248,2026-06-12 23:33:09.812077+00,2026-06-12 23:33:09.812077+00,,"{""fa"":""ماركت ردويتز""}",11498,ماركت ردويتز,
2249,2026-06-12 23:33:09.812077+00,2026-06-12 23:33:09.812077+00,,"{""fa"":""بابرويت""}",11499,بابرويت,
2250,2026-06-12 23:33:09.812077+00,2026-06-12 23:33:09.812077+00,,"{""fa"":""هوف""}",11500,هوف,
2251,2026-06-12 23:33:09.812077+00,2026-06-12 23:33:09.812077+00,,"{""fa"":""كبورگ""}",11501,كبورگ,
2252,2026-06-12 23:33:09.812077+00,2026-06-12 23:33:09.812077+00,,"{""fa"":""شوين فورت""}",11502,شوين فورت,
2253,2026-06-12 23:33:09.821384+00,2026-06-12 23:33:09.821384+00,,"{""fa"":""بدكيسينگن""}",11503,بدكيسينگن,
2254,2026-06-12 23:33:09.821384+00,2026-06-12 23:33:09.821384+00,,"{""fa"":""فورت""}",11504,فورت,
2255,2026-06-12 23:33:09.821384+00,2026-06-12 23:33:09.821384+00,,"{""fa"":""آنزباخ""}",11505,آنزباخ,
2256,2026-06-12 23:33:09.821384+00,2026-06-12 23:33:09.821384+00,,"{""fa"":""اينگول اشتادت""}",11506,اينگول اشتادت,
2257,2026-06-12 23:33:09.821384+00,2026-06-12 23:33:09.821384+00,,"{""fa"":""كارلسروهه""}",11507,كارلسروهه,
2258,2026-06-12 23:33:09.821384+00,2026-06-12 23:33:09.821384+00,,"{""fa"":""اشتراوبنيگ""}",11508,اشتراوبنيگ,
2259,2026-06-12 23:33:09.821384+00,2026-06-12 23:33:09.821384+00,,"{""fa"":""آرنسبرگ""}",11509,آرنسبرگ,
2260,2026-06-12 23:33:09.821384+00,2026-06-12 23:33:09.821384+00,,"{""fa"":""ارلانگن""}",11510,ارلانگن,
2261,2026-06-12 23:33:09.821384+00,2026-06-12 23:33:09.821384+00,,"{""fa"":""ويسبادن""}",11511,ويسبادن,
2262,2026-06-12 23:33:09.821384+00,2026-06-12 23:33:09.821384+00,,"{""fa"":""اوگسبورگ""}",11512,اوگسبورگ,
2263,2026-06-12 23:33:09.821384+00,2026-06-12 23:33:09.821384+00,,"{""fa"":""رافنزبورگ""}",11513,رافنزبورگ,
2264,2026-06-12 23:33:09.821384+00,2026-06-12 23:33:09.821384+00,,"{""fa"":""بازل""}",11514,بازل,
2265,2026-06-12 23:33:09.821384+00,2026-06-12 23:33:09.821384+00,,"{""fa"":""هاله""}",11515,هاله,
2266,2026-06-12 23:33:09.821384+00,2026-06-12 23:33:09.821384+00,,"{""fa"":""ارفورت""}",11516,ارفورت,
2267,2026-06-12 23:33:09.821384+00,2026-06-12 23:33:09.821384+00,,"{""fa"":""كاسل""}",11517,كاسل,
2268,2026-06-12 23:33:09.821384+00,2026-06-12 23:33:09.821384+00,,"{""fa"":""روستوك""}",11518,روستوك,
2269,2026-06-12 23:33:09.821384+00,2026-06-12 23:33:09.821384+00,,"{""fa"":""برمن""}",11519,برمن,
2270,2026-06-12 23:33:09.821384+00,2026-06-12 23:33:09.821384+00,,"{""fa"":""برمرهافن""}",11520,برمرهافن,
2271,2026-06-12 23:33:09.821384+00,2026-06-12 23:33:09.821384+00,,"{""fa"":""فورستنفلدبروك""}",11521,فورستنفلدبروك,
2272,2026-06-12 23:33:09.821384+00,2026-06-12 23:33:09.821384+00,,"{""fa"":""دارمشتادت""}",11522,دارمشتادت,
2273,2026-06-12 23:33:09.821384+00,2026-06-12 23:33:09.821384+00,,"{""fa"":""گلادباخ""}",11523,گلادباخ,
2274,2026-06-12 23:33:09.821384+00,2026-06-12 23:33:09.821384+00,,"{""fa"":""ورمس""}",11524,ورمس,
2275,2026-06-12 23:33:09.821384+00,2026-06-12 23:33:09.821384+00,,"{""fa"":""هايدلبرگ""}",11525,هايدلبرگ,
2276,2026-06-12 23:33:09.821384+00,2026-06-12 23:33:09.821384+00,,"{""fa"":""امبرگ""}",11526,امبرگ,
2277,2026-06-12 23:33:09.821384+00,2026-06-12 23:33:09.821384+00,,"{""fa"":""پرانشويگ""}",11527,پرانشويگ,
2278,2026-06-12 23:33:09.821384+00,2026-06-12 23:33:09.821384+00,,"{""fa"":""سله""}",11528,سله,
2279,2026-06-12 23:33:09.821384+00,2026-06-12 23:33:09.821384+00,,"{""fa"":""هونه""}",11529,هونه,
2280,2026-06-12 23:33:09.821384+00,2026-06-12 23:33:09.821384+00,,"{""fa"":""اوسنابروك""}",11530,اوسنابروك,
2281,2026-06-12 23:33:09.821384+00,2026-06-12 23:33:09.821384+00,,"{""fa"":""ورزبورگ""}",11531,ورزبورگ,
2282,2026-06-12 23:33:09.821384+00,2026-06-12 23:33:09.821384+00,,"{""fa"":""وورتسبورگ""}",11532,وورتسبورگ,
2283,2026-06-12 23:33:09.821384+00,2026-06-12 23:33:09.821384+00,,"{""fa"":""رندسبورگ""}",11533,رندسبورگ,
2284,2026-06-12 23:33:09.821384+00,2026-06-12 23:33:09.821384+00,,"{""fa"":""نامبورگ""}",11534,نامبورگ,
2285,2026-06-12 23:33:09.821384+00,2026-06-12 23:33:09.821384+00,,"{""fa"":""فلنسبورگ""}",11535,فلنسبورگ,
2286,2026-06-12 23:33:09.821384+00,2026-06-12 23:33:09.821384+00,,"{""fa"":""زاكسنآنهالت""}",11536,زاكسنآنهالت,
2287,2026-06-12 23:33:09.821384+00,2026-06-12 23:33:09.821384+00,,"{""fa"":""ويدن""}",11537,ويدن,
2288,2026-06-12 23:33:09.821384+00,2026-06-12 23:33:09.821384+00,,"{""fa"":""ليمبورگ""}",11538,ليمبورگ,
2289,2026-06-12 23:33:09.821384+00,2026-06-12 23:33:09.821384+00,,"{""fa"":""كايزرسلاوترن""}",11539,كايزرسلاوترن,
2290,2026-06-12 23:33:09.821384+00,2026-06-12 23:33:09.821384+00,,"{""fa"":""كيل""}",11540,كيل,
2291,2026-06-12 23:33:09.821384+00,2026-06-12 23:33:09.821384+00,,"{""fa"":""نوردراين""}",11541,نوردراين,
2292,2026-06-12 23:33:09.821384+00,2026-06-12 23:33:09.821384+00,,"{""fa"":""پاساو""}",11542,پاساو,
2293,2026-06-12 23:33:09.821384+00,2026-06-12 23:33:09.821384+00,,"{""fa"":""مك لمبورگ""}",11543,مك لمبورگ,
2294,2026-06-12 23:33:09.821384+00,2026-06-12 23:33:09.821384+00,,"{""fa"":""شورين""}",11544,شورين,
2295,2026-06-12 23:33:09.821384+00,2026-06-12 23:33:09.821384+00,,"{""fa"":""ويسمار""}",11545,ويسمار,
2296,2026-06-12 23:33:09.821384+00,2026-06-12 23:33:09.821384+00,,"{""fa"":""اشترالزوند""}",11546,اشترالزوند,
2297,2026-06-12 23:33:09.821384+00,2026-06-12 23:33:09.821384+00,,"{""fa"":""لوبك""}",11547,لوبك,
2298,2026-06-12 23:33:09.821384+00,2026-06-12 23:33:09.821384+00,,"{""fa"":""نيدرزاكسن""}",11548,نيدرزاكسن,
2299,2026-06-12 23:33:09.821384+00,2026-06-12 23:33:09.821384+00,,"{""fa"":""براونشويگ""}",11549,براونشويگ,
2300,2026-06-12 23:33:09.821384+00,2026-06-12 23:33:09.821384+00,,"{""fa"":""اولدنبورگ""}",11550,اولدنبورگ,
2301,2026-06-12 23:33:09.821384+00,2026-06-12 23:33:09.821384+00,,"{""fa"":""ماگدبورگ""}",11551,ماگدبورگ,
2302,2026-06-12 23:33:09.821384+00,2026-06-12 23:33:09.821384+00,,"{""fa"":""برندبورگ""}",11552,برندبورگ,
2303,2026-06-12 23:33:09.821384+00,2026-06-12 23:33:09.821384+00,,"{""fa"":""پوتسدام""}",11553,پوتسدام,
2304,2026-06-12 23:33:09.821384+00,2026-06-12 23:33:09.821384+00,,"{""fa"":""زاكسن""}",11554,زاكسن,
2305,2026-06-12 23:33:09.821384+00,2026-06-12 23:33:09.821384+00,,"{""fa"":""لايپزيك""}",11555,لايپزيك,
2306,2026-06-12 23:33:09.821384+00,2026-06-12 23:33:09.821384+00,,"{""fa"":""خمنيتس""}",11556,خمنيتس,
2307,2026-06-12 23:33:09.821384+00,2026-06-12 23:33:09.821384+00,,"{""fa"":""تيورينژ""}",11557,تيورينژ,
2308,2026-06-12 23:33:09.821384+00,2026-06-12 23:33:09.821384+00,,"{""fa"":""بيلفلد""}",11558,بيلفلد,
2309,2026-06-12 23:33:09.821384+00,2026-06-12 23:33:09.821384+00,,"{""fa"":""مونستر""}",11559,مونستر,
2310,2026-06-12 23:33:09.821384+00,2026-06-12 23:33:09.821384+00,,"{""fa"":""هاگن""}",11560,هاگن,
2311,2026-06-12 23:33:09.821384+00,2026-06-12 23:33:09.821384+00,,"{""fa"":""ووپرتال""}",11561,ووپرتال,
2312,2026-06-12 23:33:09.821384+00,2026-06-12 23:33:09.821384+00,,"{""fa"":""ركلينگوسن""}",11562,ركلينگوسن,
2313,2026-06-12 23:33:09.821384+00,2026-06-12 23:33:09.821384+00,,"{""fa"":""گلسنكيرچن""}",11563,گلسنكيرچن,
2314,2026-06-12 23:33:09.821384+00,2026-06-12 23:33:09.821384+00,,"{""fa"":""اوبرهاوسن""}",11564,اوبرهاوسن,
2315,2026-06-12 23:33:09.821384+00,2026-06-12 23:33:09.821384+00,,"{""fa"":""دويسبورگ""}",11565,دويسبورگ,
2316,2026-06-12 23:33:09.821384+00,2026-06-12 23:33:09.821384+00,,"{""fa"":""كرفلد""}",11566,كرفلد,
2317,2026-06-12 23:33:09.821384+00,2026-06-12 23:33:09.821384+00,,"{""fa"":""مونشنگلادباخ""}",11567,مونشنگلادباخ,
2318,2026-06-12 23:33:09.821384+00,2026-06-12 23:33:09.821384+00,,"{""fa"":""بايرن""}",11568,بايرن,
2319,2026-06-12 23:33:09.821384+00,2026-06-12 23:33:09.821384+00,,"{""fa"":""ساربروكن""}",11569,ساربروكن,
2320,2026-06-12 23:33:09.821384+00,2026-06-12 23:33:09.821384+00,,"{""fa"":""ماينتز""}",11570,ماينتز,
2321,2026-06-12 23:33:09.821384+00,2026-06-12 23:33:09.821384+00,,"{""fa"":""لودويگسهافن""}",11571,لودويگسهافن,
2322,2026-06-12 23:33:09.821384+00,2026-06-12 23:33:09.821384+00,,"{""fa"":""كوبلنز""}",11572,كوبلنز,
2323,2026-06-12 23:33:09.821384+00,2026-06-12 23:33:09.821384+00,,"{""fa"":""هسن""}",11573,هسن,
2324,2026-06-12 23:33:09.821384+00,2026-06-12 23:33:09.821384+00,,"{""fa"":""اولم""}",11574,اولم,
2325,2026-06-12 23:33:09.821384+00,2026-06-12 23:33:09.821384+00,,"{""fa"":""فلورانس""}",11575,فلورانس,
2326,2026-06-12 23:33:09.821384+00,2026-06-12 23:33:09.821384+00,,"{""fa"":""ناپل""}",11576,ناپل,
2327,2026-06-12 23:33:09.821384+00,2026-06-12 23:33:09.821384+00,,"{""fa"":""پالرمو""}",11577,پالرمو,
2328,2026-06-12 23:33:09.821384+00,2026-06-12 23:33:09.821384+00,,"{""fa"":""تورينو""}",11578,تورينو,
2329,2026-06-12 23:33:09.821384+00,2026-06-12 23:33:09.821384+00,,"{""fa"":""پارما""}",11579,پارما,
2330,2026-06-12 23:33:09.821384+00,2026-06-12 23:33:09.821384+00,,"{""fa"":""پيزا""}",11580,پيزا,
2331,2026-06-12 23:33:09.821384+00,2026-06-12 23:33:09.821384+00,,"{""fa"":""جنووا""}",11581,جنووا,
2332,2026-06-12 23:33:09.821384+00,2026-06-12 23:33:09.821384+00,,"{""fa"":""سيسيل""}",11582,سيسيل,
2333,2026-06-12 23:33:09.821384+00,2026-06-12 23:33:09.821384+00,,"{""fa"":""سن رامو""}",11583,سن رامو,
2334,2026-06-12 23:33:09.821384+00,2026-06-12 23:33:09.821384+00,,"{""fa"":""كونئو""}",11584,كونئو,
2335,2026-06-12 23:33:09.821384+00,2026-06-12 23:33:09.821384+00,,"{""fa"":""آستي""}",11585,آستي,
2336,2026-06-12 23:33:09.821384+00,2026-06-12 23:33:09.821384+00,,"{""fa"":""ورسيل""}",11586,ورسيل,
2337,2026-06-12 23:33:09.821384+00,2026-06-12 23:33:09.821384+00,,"{""fa"":""پاويا""}",11587,پاويا,
2338,2026-06-12 23:33:09.821384+00,2026-06-12 23:33:09.821384+00,,"{""fa"":""كرمونه""}",11588,كرمونه,
2339,2026-06-12 23:33:09.821384+00,2026-06-12 23:33:09.821384+00,,"{""fa"":""ويچنزا""}",11589,ويچنزا,
2340,2026-06-12 23:33:09.821384+00,2026-06-12 23:33:09.821384+00,,"{""fa"":""ورونا""}",11590,ورونا,
2341,2026-06-12 23:33:09.821384+00,2026-06-12 23:33:09.821384+00,,"{""fa"":""ترويزو""}",11591,ترويزو,
2342,2026-06-12 23:33:09.821384+00,2026-06-12 23:33:09.821384+00,,"{""fa"":""بلونو""}",11592,بلونو,
2343,2026-06-12 23:33:09.821384+00,2026-06-12 23:33:09.821384+00,,"{""fa"":""كاتانزارو""}",11593,كاتانزارو,
2344,2026-06-12 23:33:09.821384+00,2026-06-12 23:33:09.821384+00,,"{""fa"":""پوردنون""}",11594,پوردنون,
2345,2026-06-12 23:33:09.821384+00,2026-06-12 23:33:09.821384+00,,"{""fa"":""اودينه""}",11595,اودينه,
2346,2026-06-12 23:33:09.821384+00,2026-06-12 23:33:09.821384+00,,"{""fa"":""بولتسانو""}",11596,بولتسانو,
2347,2026-06-12 23:33:09.821384+00,2026-06-12 23:33:09.821384+00,,"{""fa"":""مرانو""}",11597,مرانو,
2348,2026-06-12 23:33:09.821384+00,2026-06-12 23:33:09.821384+00,,"{""fa"":""سوندريو""}",11598,سوندريو,
2349,2026-06-12 23:33:09.821384+00,2026-06-12 23:33:09.821384+00,,"{""fa"":""كومو""}",11599,كومو,
2350,2026-06-12 23:33:09.821384+00,2026-06-12 23:33:09.821384+00,,"{""fa"":""وراسلي""}",11600,وراسلي,
2351,2026-06-12 23:33:09.821384+00,2026-06-12 23:33:09.821384+00,,"{""fa"":""وربانيا""}",11601,وربانيا,
2352,2026-06-12 23:33:09.821384+00,2026-06-12 23:33:09.821384+00,,"{""fa"":""چيويتاوكيا""}",11602,چيويتاوكيا,
2353,2026-06-12 23:33:09.831313+00,2026-06-12 23:33:09.831313+00,,"{""fa"":""فرارا""}",11603,فرارا,
2354,2026-06-12 23:33:09.831313+00,2026-06-12 23:33:09.831313+00,,"{""fa"":""كالابريا""}",11604,كالابريا,
2355,2026-06-12 23:33:09.831313+00,2026-06-12 23:33:09.831313+00,,"{""fa"":""كاتانيا""}",11605,كاتانيا,
2356,2026-06-12 23:33:09.831313+00,2026-06-12 23:33:09.831313+00,,"{""fa"":""باري""}",11606,باري,
2357,2026-06-12 23:33:09.831313+00,2026-06-12 23:33:09.831313+00,,"{""fa"":""پوليا""}",11607,پوليا,
2358,2026-06-12 23:33:09.831313+00,2026-06-12 23:33:09.831313+00,,"{""fa"":""تارانتو""}",11608,تارانتو,
2359,2026-06-12 23:33:09.831313+00,2026-06-12 23:33:09.831313+00,,"{""fa"":""بازيليكاتا""}",11609,بازيليكاتا,
2360,2026-06-12 23:33:09.831313+00,2026-06-12 23:33:09.831313+00,,"{""fa"":""پوتنزا""}",11610,پوتنزا,
2361,2026-06-12 23:33:09.831313+00,2026-06-12 23:33:09.831313+00,,"{""fa"":""كامپانيا""}",11611,كامپانيا,
2362,2026-06-12 23:33:09.831313+00,2026-06-12 23:33:09.831313+00,,"{""fa"":""موليزه""}",11612,موليزه,
2363,2026-06-12 23:33:09.831313+00,2026-06-12 23:33:09.831313+00,,"{""fa"":""كامپوباسو""}",11613,كامپوباسو,
2364,2026-06-12 23:33:09.831313+00,2026-06-12 23:33:09.831313+00,,"{""fa"":""آبروتسي""}",11614,آبروتسي,
2365,2026-06-12 23:33:09.831313+00,2026-06-12 23:33:09.831313+00,,"{""fa"":""آكوئيلا""}",11615,آكوئيلا,
2366,2026-06-12 23:33:09.831313+00,2026-06-12 23:33:09.831313+00,,"{""fa"":""لاتسيو""}",11616,لاتسيو,
2367,2026-06-12 23:33:09.831313+00,2026-06-12 23:33:09.831313+00,,"{""fa"":""ساردني""}",11617,ساردني,
2368,2026-06-12 23:33:09.831313+00,2026-06-12 23:33:09.831313+00,,"{""fa"":""كالياري""}",11618,كالياري,
2369,2026-06-12 23:33:09.831313+00,2026-06-12 23:33:09.831313+00,,"{""fa"":""اومبريا""}",11619,اومبريا,
2370,2026-06-12 23:33:09.831313+00,2026-06-12 23:33:09.831313+00,,"{""fa"":""پروجيا""}",11620,پروجيا,
2371,2026-06-12 23:33:09.831313+00,2026-06-12 23:33:09.831313+00,,"{""fa"":""ماركه""}",11621,ماركه,
2372,2026-06-12 23:33:09.831313+00,2026-06-12 23:33:09.831313+00,,"{""fa"":""آنكونا""}",11622,آنكونا,
2373,2026-06-12 23:33:09.831313+00,2026-06-12 23:33:09.831313+00,,"{""fa"":""توسكانا""}",11623,توسكانا,
2374,2026-06-12 23:33:09.831313+00,2026-06-12 23:33:09.831313+00,,"{""fa"":""اميليارومانيا""}",11624,اميليارومانيا,
2375,2026-06-12 23:33:09.831313+00,2026-06-12 23:33:09.831313+00,,"{""fa"":""بولونيا""}",11625,بولونيا,
2376,2026-06-12 23:33:09.831313+00,2026-06-12 23:33:09.831313+00,,"{""fa"":""ليگوريا""}",11626,ليگوريا,
2377,2026-06-12 23:33:09.831313+00,2026-06-12 23:33:09.831313+00,,"{""fa"":""پيمونته""}",11627,پيمونته,
2378,2026-06-12 23:33:09.831313+00,2026-06-12 23:33:09.831313+00,,"{""fa"":""والهدآئوستا""}",11628,والهدآئوستا,
2379,2026-06-12 23:33:09.831313+00,2026-06-12 23:33:09.831313+00,,"{""fa"":""آئوستا""}",11629,آئوستا,
2380,2026-06-12 23:33:09.831313+00,2026-06-12 23:33:09.831313+00,,"{""fa"":""لومبارديا""}",11630,لومبارديا,
2381,2026-06-12 23:33:09.831313+00,2026-06-12 23:33:09.831313+00,,"{""fa"":""ونتو""}",11631,ونتو,
2382,2026-06-12 23:33:09.831313+00,2026-06-12 23:33:09.831313+00,,"{""fa"":""ونيز""}",11632,ونيز,
2383,2026-06-12 23:33:09.831313+00,2026-06-12 23:33:09.831313+00,,"{""fa"":""فريوليونتسياجوليا""}",11633,فريوليونتسياجوليا,
2384,2026-06-12 23:33:09.831313+00,2026-06-12 23:33:09.831313+00,,"{""fa"":""تريسته""}",11634,تريسته,
2385,2026-06-12 23:33:09.831313+00,2026-06-12 23:33:09.831313+00,,"{""fa"":""آلئوآديجه""}",11635,آلئوآديجه,
2386,2026-06-12 23:33:09.831313+00,2026-06-12 23:33:09.831313+00,,"{""fa"":""ترنتو""}",11636,ترنتو,
2387,2026-06-12 23:33:09.831313+00,2026-06-12 23:33:09.831313+00,,"{""fa"":""پراتو""}",11637,پراتو,
2388,2026-06-12 23:33:09.831313+00,2026-06-12 23:33:09.831313+00,,"{""fa"":""لكچه""}",11638,لكچه,
2389,2026-06-12 23:33:09.831313+00,2026-06-12 23:33:09.831313+00,,"{""fa"":""سيراكوزا""}",11639,سيراكوزا,
2390,2026-06-12 23:33:09.831313+00,2026-06-12 23:33:09.831313+00,,"{""fa"":""راگوزا""}",11640,راگوزا,
2391,2026-06-12 23:33:09.831313+00,2026-06-12 23:33:09.831313+00,,"{""fa"":""آگريگنته""}",11641,آگريگنته,
2392,2026-06-12 23:33:09.831313+00,2026-06-12 23:33:09.831313+00,,"{""fa"":""انه""}",11642,انه,
2393,2026-06-12 23:33:09.831313+00,2026-06-12 23:33:09.831313+00,,"{""fa"":""كالتانيستا""}",11643,كالتانيستا,
2394,2026-06-12 23:33:09.831313+00,2026-06-12 23:33:09.831313+00,,"{""fa"":""مارسالا""}",11644,مارسالا,
2395,2026-06-12 23:33:09.831313+00,2026-06-12 23:33:09.831313+00,,"{""fa"":""تراپاني""}",11645,تراپاني,
2396,2026-06-12 23:33:09.831313+00,2026-06-12 23:33:09.831313+00,,"{""fa"":""مسينا""}",11646,مسينا,
2397,2026-06-12 23:33:09.831313+00,2026-06-12 23:33:09.831313+00,,"{""fa"":""رجيوديكلابريا""}",11647,رجيوديكلابريا,
2398,2026-06-12 23:33:09.831313+00,2026-06-12 23:33:09.831313+00,,"{""fa"":""كوزنسا""}",11648,كوزنسا,
2399,2026-06-12 23:33:09.831313+00,2026-06-12 23:33:09.831313+00,,"{""fa"":""كروتون""}",11649,كروتون,
2400,2026-06-12 23:33:09.831313+00,2026-06-12 23:33:09.831313+00,,"{""fa"":""برينديزي""}",11650,برينديزي,
2401,2026-06-12 23:33:09.831313+00,2026-06-12 23:33:09.831313+00,,"{""fa"":""ماترا""}",11651,ماترا,
2402,2026-06-12 23:33:09.831313+00,2026-06-12 23:33:09.831313+00,,"{""fa"":""سالرنو""}",11652,سالرنو,
2403,2026-06-12 23:33:09.831313+00,2026-06-12 23:33:09.831313+00,,"{""fa"":""آولينو""}",11653,آولينو,
2404,2026-06-12 23:33:09.831313+00,2026-06-12 23:33:09.831313+00,,"{""fa"":""كازرتا""}",11654,كازرتا,
2405,2026-06-12 23:33:09.831313+00,2026-06-12 23:33:09.831313+00,,"{""fa"":""بنونئو""}",11655,بنونئو,
2406,2026-06-12 23:33:09.831313+00,2026-06-12 23:33:09.831313+00,,"{""fa"":""فوجيا""}",11656,فوجيا,
2407,2026-06-12 23:33:09.831313+00,2026-06-12 23:33:09.831313+00,,"{""fa"":""آندريا""}",11657,آندريا,
2408,2026-06-12 23:33:09.831313+00,2026-06-12 23:33:09.831313+00,,"{""fa"":""مولفتا""}",11658,مولفتا,
2409,2026-06-12 23:33:09.831313+00,2026-06-12 23:33:09.831313+00,,"{""fa"":""بارلتا""}",11659,بارلتا,
2410,2026-06-12 23:33:09.831313+00,2026-06-12 23:33:09.831313+00,,"{""fa"":""مانفرودنيا""}",11660,مانفرودنيا,
2411,2026-06-12 23:33:09.831313+00,2026-06-12 23:33:09.831313+00,,"{""fa"":""فروزينون""}",11661,فروزينون,
2412,2026-06-12 23:33:09.831313+00,2026-06-12 23:33:09.831313+00,,"{""fa"":""چيتي""}",11662,چيتي,
2413,2026-06-12 23:33:09.831313+00,2026-06-12 23:33:09.831313+00,,"{""fa"":""پسكارا""}",11663,پسكارا,
2414,2026-06-12 23:33:09.831313+00,2026-06-12 23:33:09.831313+00,,"{""fa"":""لتنه""}",11664,لتنه,
2415,2026-06-12 23:33:09.831313+00,2026-06-12 23:33:09.831313+00,,"{""fa"":""ليدو""}",11665,ليدو,
2416,2026-06-12 23:33:09.831313+00,2026-06-12 23:33:09.831313+00,,"{""fa"":""ريئتي""}",11666,ريئتي,
2417,2026-06-12 23:33:09.831313+00,2026-06-12 23:33:09.831313+00,,"{""fa"":""ويتربو""}",11667,ويتربو,
2418,2026-06-12 23:33:09.831313+00,2026-06-12 23:33:09.831313+00,,"{""fa"":""آسكلپيچنو""}",11668,آسكلپيچنو,
2419,2026-06-12 23:33:09.831313+00,2026-06-12 23:33:09.831313+00,,"{""fa"":""گروستو""}",11669,گروستو,
2420,2026-06-12 23:33:09.831313+00,2026-06-12 23:33:09.831313+00,,"{""fa"":""پيومبينو""}",11670,پيومبينو,
2421,2026-06-12 23:33:09.831313+00,2026-06-12 23:33:09.831313+00,,"{""fa"":""ارتسوآ""}",11671,ارتسوآ,
2422,2026-06-12 23:33:09.831313+00,2026-06-12 23:33:09.831313+00,,"{""fa"":""ماچراتا""}",11672,ماچراتا,
2423,2026-06-12 23:33:09.831313+00,2026-06-12 23:33:09.831313+00,,"{""fa"":""سيئنا""}",11673,سيئنا,
2424,2026-06-12 23:33:09.831313+00,2026-06-12 23:33:09.831313+00,,"{""fa"":""پسارو""}",11674,پسارو,
2425,2026-06-12 23:33:09.831313+00,2026-06-12 23:33:09.831313+00,,"{""fa"":""ريميني""}",11675,ريميني,
2426,2026-06-12 23:33:09.831313+00,2026-06-12 23:33:09.831313+00,,"{""fa"":""راونا""}",11676,راونا,
2427,2026-06-12 23:33:09.831313+00,2026-06-12 23:33:09.831313+00,,"{""fa"":""فورلي""}",11677,فورلي,
2428,2026-06-12 23:33:09.831313+00,2026-06-12 23:33:09.831313+00,,"{""fa"":""پيستويا""}",11678,پيستويا,
2429,2026-06-12 23:33:09.831313+00,2026-06-12 23:33:09.831313+00,,"{""fa"":""لوكوئس""}",11679,لوكوئس,
2430,2026-06-12 23:33:09.831313+00,2026-06-12 23:33:09.831313+00,,"{""fa"":""ليورنو""}",11680,ليورنو,
2431,2026-06-12 23:33:09.831313+00,2026-06-12 23:33:09.831313+00,,"{""fa"":""ماسا""}",11681,ماسا,
2432,2026-06-12 23:33:09.831313+00,2026-06-12 23:33:09.831313+00,,"{""fa"":""اسپزيا""}",11682,اسپزيا,
2433,2026-06-12 23:33:09.831313+00,2026-06-12 23:33:09.831313+00,,"{""fa"":""مودنا""}",11683,مودنا,
2434,2026-06-12 23:33:09.831313+00,2026-06-12 23:33:09.831313+00,,"{""fa"":""رجونل اميليا""}",11684,رجونل اميليا,
2435,2026-06-12 23:33:09.831313+00,2026-06-12 23:33:09.831313+00,,"{""fa"":""روويگو""}",11685,روويگو,
2436,2026-06-12 23:33:09.831313+00,2026-06-12 23:33:09.831313+00,,"{""fa"":""پادووا""}",11686,پادووا,
2437,2026-06-12 23:33:09.831313+00,2026-06-12 23:33:09.831313+00,,"{""fa"":""مانتووا""}",11687,مانتووا,
2438,2026-06-12 23:33:09.831313+00,2026-06-12 23:33:09.831313+00,,"{""fa"":""پياچنتسا""}",11688,پياچنتسا,
2439,2026-06-12 23:33:09.831313+00,2026-06-12 23:33:09.831313+00,,"{""fa"":""الكساندريا""}",11689,الكساندريا,
2440,2026-06-12 23:33:09.831313+00,2026-06-12 23:33:09.831313+00,,"{""fa"":""ايمپريا""}",11690,ايمپريا,
2441,2026-06-12 23:33:09.831313+00,2026-06-12 23:33:09.831313+00,,"{""fa"":""دوبلين""}",11691,دوبلين,
2442,2026-06-12 23:33:09.831313+00,2026-06-12 23:33:09.831313+00,,"{""fa"":""ليفورد""}",11692,ليفورد,
2443,2026-06-12 23:33:09.831313+00,2026-06-12 23:33:09.831313+00,,"{""fa"":""دانيگال""}",11693,دانيگال,
2444,2026-06-12 23:33:09.831313+00,2026-06-12 23:33:09.831313+00,,"{""fa"":""كاوان""}",11694,كاوان,
2445,2026-06-12 23:33:09.831313+00,2026-06-12 23:33:09.831313+00,,"{""fa"":""سليگور""}",11695,سليگور,
2446,2026-06-12 23:33:09.831313+00,2026-06-12 23:33:09.831313+00,,"{""fa"":""باليتا""}",11696,باليتا,
2447,2026-06-12 23:33:09.831313+00,2026-06-12 23:33:09.831313+00,,"{""fa"":""وست پورت""}",11697,وست پورت,
2448,2026-06-12 23:33:09.831313+00,2026-06-12 23:33:09.831313+00,,"{""fa"":""لانگفورد""}",11698,لانگفورد,
2449,2026-06-12 23:33:09.831313+00,2026-06-12 23:33:09.831313+00,,"{""fa"":""مولينگار""}",11699,مولينگار,
2450,2026-06-12 23:33:09.831313+00,2026-06-12 23:33:09.831313+00,,"{""fa"":""روسكومون""}",11700,روسكومون,
2451,2026-06-12 23:33:09.831313+00,2026-06-12 23:33:09.831313+00,,"{""fa"":""كليفدن""}",11701,كليفدن,
2452,2026-06-12 23:33:09.831313+00,2026-06-12 23:33:09.831313+00,,"{""fa"":""شانون""}",11702,شانون,
2453,2026-06-12 23:33:09.839465+00,2026-06-12 23:33:09.839465+00,,"{""fa"":""ليمريك""}",11703,ليمريك,
2454,2026-06-12 23:33:09.839465+00,2026-06-12 23:33:09.839465+00,,"{""fa"":""گالوي""}",11704,گالوي,
2455,2026-06-12 23:33:09.839465+00,2026-06-12 23:33:09.839465+00,,"{""fa"":""ترلي""}",11705,ترلي,
2456,2026-06-12 23:33:09.839465+00,2026-06-12 23:33:09.839465+00,,"{""fa"":""كيلارني""}",11706,كيلارني,
2457,2026-06-12 23:33:09.839465+00,2026-06-12 23:33:09.839465+00,,"{""fa"":""كنماره""}",11707,كنماره,
2458,2026-06-12 23:33:09.839465+00,2026-06-12 23:33:09.839465+00,,"{""fa"":""بانتري""}",11708,بانتري,
2459,2026-06-12 23:33:09.839465+00,2026-06-12 23:33:09.839465+00,,"{""fa"":""سكيبرين""}",11709,سكيبرين,
2460,2026-06-12 23:33:09.839465+00,2026-06-12 23:33:09.839465+00,,"{""fa"":""كينسال""}",11710,كينسال,
2461,2026-06-12 23:33:09.839465+00,2026-06-12 23:33:09.839465+00,,"{""fa"":""كوبه""}",11711,كوبه,
2462,2026-06-12 23:33:09.839465+00,2026-06-12 23:33:09.839465+00,,"{""fa"":""كرك""}",11712,كرك,
2463,2026-06-12 23:33:09.839465+00,2026-06-12 23:33:09.839465+00,,"{""fa"":""كارلو""}",11713,كارلو,
2464,2026-06-12 23:33:09.839465+00,2026-06-12 23:33:09.839465+00,,"{""fa"":""واترفورد""}",11714,واترفورد,
2465,2026-06-12 23:33:09.839465+00,2026-06-12 23:33:09.839465+00,,"{""fa"":""كيلكني""}",11715,كيلكني,
2466,2026-06-12 23:33:09.839465+00,2026-06-12 23:33:09.839465+00,,"{""fa"":""وكسفورد""}",11716,وكسفورد,
2467,2026-06-12 23:33:09.839465+00,2026-06-12 23:33:09.839465+00,,"{""fa"":""آركلو""}",11717,آركلو,
2468,2026-06-12 23:33:09.839465+00,2026-06-12 23:33:09.839465+00,,"{""fa"":""براي""}",11718,براي,
2469,2026-06-12 23:33:09.839465+00,2026-06-12 23:33:09.839465+00,,"{""fa"":""دونگاروان""}",11719,دونگاروان,
2470,2026-06-12 23:33:09.839465+00,2026-06-12 23:33:09.839465+00,,"{""fa"":""ويكلو""}",11720,ويكلو,
2471,2026-06-12 23:33:09.839465+00,2026-06-12 23:33:09.839465+00,,"{""fa"":""دندالك""}",11721,دندالك,
2472,2026-06-12 23:33:09.839465+00,2026-06-12 23:33:09.839465+00,,"{""fa"":""گراتس""}",11722,گراتس,
2473,2026-06-12 23:33:09.839465+00,2026-06-12 23:33:09.839465+00,,"{""fa"":""اينسبورگ""}",11723,اينسبورگ,
2474,2026-06-12 23:33:09.839465+00,2026-06-12 23:33:09.839465+00,,"{""fa"":""لئوبن""}",11724,لئوبن,
2475,2026-06-12 23:33:09.839465+00,2026-06-12 23:33:09.839465+00,,"{""fa"":""لينتس""}",11725,لينتس,
2476,2026-06-12 23:33:09.839465+00,2026-06-12 23:33:09.839465+00,,"{""fa"":""هولابرون""}",11726,هولابرون,
2477,2026-06-12 23:33:09.839465+00,2026-06-12 23:33:09.839465+00,,"{""fa"":""لا""}",11727,لا,
2478,2026-06-12 23:33:09.839465+00,2026-06-12 23:33:09.839465+00,,"{""fa"":""مودلينگ""}",11728,مودلينگ,
2479,2026-06-12 23:33:09.839465+00,2026-06-12 23:33:09.839465+00,,"{""fa"":""بروگ""}",11729,بروگ,
2480,2026-06-12 23:33:09.839465+00,2026-06-12 23:33:09.839465+00,,"{""fa"":""پامهاگن""}",11730,پامهاگن,
2481,2026-06-12 23:33:09.839465+00,2026-06-12 23:33:09.839465+00,,"{""fa"":""وينرنئوستادت""}",11731,وينرنئوستادت,
2482,2026-06-12 23:33:09.839465+00,2026-06-12 23:33:09.839465+00,,"{""fa"":""آسپانگ""}",11732,آسپانگ,
2483,2026-06-12 23:33:09.839465+00,2026-06-12 23:33:09.839465+00,,"{""fa"":""گموند""}",11733,گموند,
2484,2026-06-12 23:33:09.839465+00,2026-06-12 23:33:09.839465+00,,"{""fa"":""وتيرا""}",11734,وتيرا,
2485,2026-06-12 23:33:09.839465+00,2026-06-12 23:33:09.839465+00,,"{""fa"":""هورن""}",11735,هورن,
2486,2026-06-12 23:33:09.839465+00,2026-06-12 23:33:09.839465+00,,"{""fa"":""سنتپولتن""}",11736,سنتپولتن,
2487,2026-06-12 23:33:09.839465+00,2026-06-12 23:33:09.839465+00,,"{""fa"":""فريستادت""}",11737,فريستادت,
2488,2026-06-12 23:33:09.839465+00,2026-06-12 23:33:09.839465+00,,"{""fa"":""زوئيتياستادت""}",11738,زوئيتياستادت,
2489,2026-06-12 23:33:09.839465+00,2026-06-12 23:33:09.839465+00,,"{""fa"":""ماريازل""}",11739,ماريازل,
2490,2026-06-12 23:33:09.839465+00,2026-06-12 23:33:09.839465+00,,"{""fa"":""بروكنديمور""}",11740,بروكنديمور,
2491,2026-06-12 23:33:09.839465+00,2026-06-12 23:33:09.839465+00,,"{""fa"":""پينكافلد""}",11741,پينكافلد,
2492,2026-06-12 23:33:09.839465+00,2026-06-12 23:33:09.839465+00,,"{""fa"":""وولفسبرگ""}",11742,وولفسبرگ,
2493,2026-06-12 23:33:09.839465+00,2026-06-12 23:33:09.839465+00,,"{""fa"":""ولكرماركت""}",11743,ولكرماركت,
2494,2026-06-12 23:33:09.839465+00,2026-06-12 23:33:09.839465+00,,"{""fa"":""سنتويت""}",11744,سنتويت,
2495,2026-06-12 23:33:09.839465+00,2026-06-12 23:33:09.839465+00,,"{""fa"":""كلاگنفورت""}",11745,كلاگنفورت,
2496,2026-06-12 23:33:09.839465+00,2026-06-12 23:33:09.839465+00,,"{""fa"":""ويلاچ""}",11746,ويلاچ,
2497,2026-06-12 23:33:09.839465+00,2026-06-12 23:33:09.839465+00,,"{""fa"":""اسپيتال""}",11747,اسپيتال,
2498,2026-06-12 23:33:09.839465+00,2026-06-12 23:33:09.839465+00,,"{""fa"":""فونسدورف""}",11748,فونسدورف,
2499,2026-06-12 23:33:09.839465+00,2026-06-12 23:33:09.839465+00,,"{""fa"":""تهرولهاتان""}",11749,تهرولهاتان,
2500,2026-06-12 23:33:09.839465+00,2026-06-12 23:33:09.839465+00,,"{""fa"":""ليدشوپينگ""}",11750,ليدشوپينگ,
2501,2026-06-12 23:33:09.839465+00,2026-06-12 23:33:09.839465+00,,"{""fa"":""سكوده""}",11751,سكوده,
2502,2026-06-12 23:33:09.839465+00,2026-06-12 23:33:09.839465+00,,"{""fa"":""نيبرو""}",11752,نيبرو,
2503,2026-06-12 23:33:09.839465+00,2026-06-12 23:33:09.839465+00,,"{""fa"":""موتالا""}",11753,موتالا,
2504,2026-06-12 23:33:09.839465+00,2026-06-12 23:33:09.839465+00,,"{""fa"":""والدمارسويك""}",11754,والدمارسويك,
2505,2026-06-12 23:33:09.839465+00,2026-06-12 23:33:09.839465+00,,"{""fa"":""گاملبي""}",11755,گاملبي,
2506,2026-06-12 23:33:09.839465+00,2026-06-12 23:33:09.839465+00,,"{""fa"":""وسترويك""}",11756,وسترويك,
2507,2026-06-12 23:33:09.839465+00,2026-06-12 23:33:09.839465+00,,"{""fa"":""اسكارسهامن""}",11757,اسكارسهامن,
2508,2026-06-12 23:33:09.839465+00,2026-06-12 23:33:09.839465+00,,"{""fa"":""مونستروس""}",11758,مونستروس,
2509,2026-06-12 23:33:09.839465+00,2026-06-12 23:33:09.839465+00,,"{""fa"":""وكشيو""}",11759,وكشيو,
2510,2026-06-12 23:33:09.839465+00,2026-06-12 23:33:09.839465+00,,"{""fa"":""آلوستا""}",11760,آلوستا,
2511,2026-06-12 23:33:09.839465+00,2026-06-12 23:33:09.839465+00,,"{""fa"":""آلينگسوس""}",11761,آلينگسوس,
2512,2026-06-12 23:33:09.839465+00,2026-06-12 23:33:09.839465+00,,"{""fa"":""بوروس""}",11762,بوروس,
2513,2026-06-12 23:33:09.839465+00,2026-06-12 23:33:09.839465+00,,"{""fa"":""وستروس""}",11763,وستروس,
2514,2026-06-12 23:33:09.839465+00,2026-06-12 23:33:09.839465+00,,"{""fa"":""هوسكوارنا""}",11764,هوسكوارنا,
2515,2026-06-12 23:33:09.839465+00,2026-06-12 23:33:09.839465+00,,"{""fa"":""نسيو""}",11765,نسيو,
2516,2026-06-12 23:33:09.839465+00,2026-06-12 23:33:09.839465+00,,"{""fa"":""ترانوس""}",11766,ترانوس,
2517,2026-06-12 23:33:09.839465+00,2026-06-12 23:33:09.839465+00,,"{""fa"":""وتدلاندا""}",11767,وتدلاندا,
2518,2026-06-12 23:33:09.839465+00,2026-06-12 23:33:09.839465+00,,"{""fa"":""سوسيو""}",11768,سوسيو,
2519,2026-06-12 23:33:09.839465+00,2026-06-12 23:33:09.839465+00,,"{""fa"":""كونگسباكا""}",11769,كونگسباكا,
2520,2026-06-12 23:33:09.839465+00,2026-06-12 23:33:09.839465+00,,"{""fa"":""واربري""}",11770,واربري,
2521,2026-06-12 23:33:09.839465+00,2026-06-12 23:33:09.839465+00,,"{""fa"":""هالمستاد""}",11771,هالمستاد,
2522,2026-06-12 23:33:09.839465+00,2026-06-12 23:33:09.839465+00,,"{""fa"":""ائگلهم""}",11772,ائگلهم,
2523,2026-06-12 23:33:09.839465+00,2026-06-12 23:33:09.839465+00,,"{""fa"":""لاندسكرونا""}",11773,لاندسكرونا,
2524,2026-06-12 23:33:09.839465+00,2026-06-12 23:33:09.839465+00,,"{""fa"":""اوربر""}",11774,اوربر,
2525,2026-06-12 23:33:09.839465+00,2026-06-12 23:33:09.839465+00,,"{""fa"":""لوند""}",11775,لوند,
2526,2026-06-12 23:33:09.839465+00,2026-06-12 23:33:09.839465+00,,"{""fa"":""ترلبورگ""}",11776,ترلبورگ,
2527,2026-06-12 23:33:09.839465+00,2026-06-12 23:33:09.839465+00,,"{""fa"":""سيمريسهامن""}",11777,سيمريسهامن,
2528,2026-06-12 23:33:09.839465+00,2026-06-12 23:33:09.839465+00,,"{""fa"":""كريستياناستاد""}",11778,كريستياناستاد,
2529,2026-06-12 23:33:09.839465+00,2026-06-12 23:33:09.839465+00,,"{""fa"":""كارلسهامن""}",11779,كارلسهامن,
2530,2026-06-12 23:33:09.839465+00,2026-06-12 23:33:09.839465+00,,"{""fa"":""كارلسكرونا""}",11780,كارلسكرونا,
2531,2026-06-12 23:33:09.839465+00,2026-06-12 23:33:09.839465+00,,"{""fa"":""سوندسوال""}",11781,سوندسوال,
2532,2026-06-12 23:33:09.839465+00,2026-06-12 23:33:09.839465+00,,"{""fa"":""فاكنبرگ""}",11782,فاكنبرگ,
2533,2026-06-12 23:33:09.839465+00,2026-06-12 23:33:09.839465+00,,"{""fa"":""اومئو""}",11783,اومئو,
2534,2026-06-12 23:33:09.839465+00,2026-06-12 23:33:09.839465+00,,"{""fa"":""لولئا""}",11784,لولئا,
2535,2026-06-12 23:33:09.839465+00,2026-06-12 23:33:09.839465+00,,"{""fa"":""هلسينگبورگ""}",11785,هلسينگبورگ,
2536,2026-06-12 23:33:09.839465+00,2026-06-12 23:33:09.839465+00,,"{""fa"":""يستاد""}",11786,يستاد,
2537,2026-06-12 23:33:09.839465+00,2026-06-12 23:33:09.839465+00,,"{""fa"":""كارسواندو""}",11787,كارسواندو,
2538,2026-06-12 23:33:09.839465+00,2026-06-12 23:33:09.839465+00,,"{""fa"":""سايوموتكه""}",11788,سايوموتكه,
2539,2026-06-12 23:33:09.839465+00,2026-06-12 23:33:09.839465+00,,"{""fa"":""كيرونا""}",11789,كيرونا,
2540,2026-06-12 23:33:09.839465+00,2026-06-12 23:33:09.839465+00,,"{""fa"":""ويتانگي""}",11790,ويتانگي,
2541,2026-06-12 23:33:09.839465+00,2026-06-12 23:33:09.839465+00,,"{""fa"":""پايالا""}",11791,پايالا,
2542,2026-06-12 23:33:09.839465+00,2026-06-12 23:33:09.839465+00,,"{""fa"":""آبسيكو""}",11792,آبسيكو,
2543,2026-06-12 23:33:09.839465+00,2026-06-12 23:33:09.839465+00,,"{""fa"":""مالمبرگت""}",11793,مالمبرگت,
2544,2026-06-12 23:33:09.839465+00,2026-06-12 23:33:09.839465+00,,"{""fa"":""ناتاوارا""}",11794,ناتاوارا,
2545,2026-06-12 23:33:09.839465+00,2026-06-12 23:33:09.839465+00,,"{""fa"":""كويكيوك""}",11795,كويكيوك,
2546,2026-06-12 23:33:09.839465+00,2026-06-12 23:33:09.839465+00,,"{""fa"":""يوكموك""}",11796,يوكموك,
2547,2026-06-12 23:33:09.839465+00,2026-06-12 23:33:09.839465+00,,"{""fa"":""مورجك""}",11797,مورجك,
2548,2026-06-12 23:33:09.839465+00,2026-06-12 23:33:09.839465+00,,"{""fa"":""توره""}",11798,توره,
2549,2026-06-12 23:33:09.839465+00,2026-06-12 23:33:09.839465+00,,"{""fa"":""موريرو""}",11799,موريرو,
2550,2026-06-12 23:33:09.839465+00,2026-06-12 23:33:09.839465+00,,"{""fa"":""بودن""}",11800,بودن,
2551,2026-06-12 23:33:09.839465+00,2026-06-12 23:33:09.839465+00,,"{""fa"":""لاكاترسك""}",11801,لاكاترسك,
2552,2026-06-12 23:33:09.839465+00,2026-06-12 23:33:09.839465+00,,"{""fa"":""آريپلوگ""}",11802,آريپلوگ,
2553,2026-06-12 23:33:09.847322+00,2026-06-12 23:33:09.847322+00,,"{""fa"":""آلوسبين""}",11803,آلوسبين,
2554,2026-06-12 23:33:09.847322+00,2026-06-12 23:33:09.847322+00,,"{""fa"":""اومفورس""}",11804,اومفورس,
2555,2026-06-12 23:33:09.847322+00,2026-06-12 23:33:09.847322+00,,"{""fa"":""تارنبي""}",11805,تارنبي,
2556,2026-06-12 23:33:09.847322+00,2026-06-12 23:33:09.847322+00,,"{""fa"":""سورسله""}",11806,سورسله,
2557,2026-06-12 23:33:09.847322+00,2026-06-12 23:33:09.847322+00,,"{""fa"":""آرويدشاور""}",11807,آرويدشاور,
2558,2026-06-12 23:33:09.847322+00,2026-06-12 23:33:09.847322+00,,"{""fa"":""جورن""}",11808,جورن,
2559,2026-06-12 23:33:09.847322+00,2026-06-12 23:33:09.847322+00,,"{""fa"":""اشترومان""}",11809,اشترومان,
2560,2026-06-12 23:33:09.847322+00,2026-06-12 23:33:09.847322+00,,"{""fa"":""اسكلفتئا""}",11810,اسكلفتئا,
2561,2026-06-12 23:33:09.847322+00,2026-06-12 23:33:09.847322+00,,"{""fa"":""باستوتراسك""}",11811,باستوتراسك,
2562,2026-06-12 23:33:09.847322+00,2026-06-12 23:33:09.847322+00,,"{""fa"":""ويلهلمينا""}",11812,ويلهلمينا,
2563,2026-06-12 23:33:09.847322+00,2026-06-12 23:33:09.847322+00,,"{""fa"":""هلنس""}",11813,هلنس,
2564,2026-06-12 23:33:09.847322+00,2026-06-12 23:33:09.847322+00,,"{""fa"":""ليكسله""}",11814,ليكسله,
2565,2026-06-12 23:33:09.847322+00,2026-06-12 23:33:09.847322+00,,"{""fa"":""ونيدلن""}",11815,ونيدلن,
2566,2026-06-12 23:33:09.847322+00,2026-06-12 23:33:09.847322+00,,"{""fa"":""گادده""}",11816,گادده,
2567,2026-06-12 23:33:09.847322+00,2026-06-12 23:33:09.847322+00,,"{""fa"":""دوروتئا""}",11817,دوروتئا,
2568,2026-06-12 23:33:09.847322+00,2026-06-12 23:33:09.847322+00,,"{""fa"":""استرومسوند""}",11818,استرومسوند,
2569,2026-06-12 23:33:09.847322+00,2026-06-12 23:33:09.847322+00,,"{""fa"":""ونس""}",11819,ونس,
2570,2026-06-12 23:33:09.847322+00,2026-06-12 23:33:09.847322+00,,"{""fa"":""ملانسل""}",11820,ملانسل,
2571,2026-06-12 23:33:09.847322+00,2026-06-12 23:33:09.847322+00,,"{""fa"":""اوره""}",11821,اوره,
2572,2026-06-12 23:33:09.847322+00,2026-06-12 23:33:09.847322+00,,"{""fa"":""استورلين""}",11822,استورلين,
2573,2026-06-12 23:33:09.847322+00,2026-06-12 23:33:09.847322+00,,"{""fa"":""هگنوس""}",11823,هگنوس,
2574,2026-06-12 23:33:09.847322+00,2026-06-12 23:33:09.847322+00,,"{""fa"":""بترون""}",11824,بترون,
2575,2026-06-12 23:33:09.847322+00,2026-06-12 23:33:09.847322+00,,"{""fa"":""ناس""}",11825,ناس,
2576,2026-06-12 23:33:09.847322+00,2026-06-12 23:33:09.847322+00,,"{""fa"":""هوسوم""}",11826,هوسوم,
2577,2026-06-12 23:33:09.847322+00,2026-06-12 23:33:09.847322+00,,"{""fa"":""اورنشولدسويك""}",11827,اورنشولدسويك,
2578,2026-06-12 23:33:09.847322+00,2026-06-12 23:33:09.847322+00,,"{""fa"":""سولفتئو""}",11828,سولفتئو,
2579,2026-06-12 23:33:09.847322+00,2026-06-12 23:33:09.847322+00,,"{""fa"":""رامويك""}",11829,رامويك,
2580,2026-06-12 23:33:09.847322+00,2026-06-12 23:33:09.847322+00,,"{""fa"":""راگوندا""}",11830,راگوندا,
2581,2026-06-12 23:33:09.847322+00,2026-06-12 23:33:09.847322+00,,"{""fa"":""كرامفورس""}",11831,كرامفورس,
2582,2026-06-12 23:33:09.847322+00,2026-06-12 23:33:09.847322+00,,"{""fa"":""هرنوساند""}",11832,هرنوساند,
2583,2026-06-12 23:33:09.847322+00,2026-06-12 23:33:09.847322+00,,"{""fa"":""ماتفورس""}",11833,ماتفورس,
2584,2026-06-12 23:33:09.847322+00,2026-06-12 23:33:09.847322+00,,"{""fa"":""برگسيو""}",11834,برگسيو,
2585,2026-06-12 23:33:09.847322+00,2026-06-12 23:33:09.847322+00,,"{""fa"":""ليو""}",11835,ليو,
2586,2026-06-12 23:33:09.847322+00,2026-06-12 23:33:09.847322+00,,"{""fa"":""سدال""}",11836,سدال,
2587,2026-06-12 23:33:09.847322+00,2026-06-12 23:33:09.847322+00,,"{""fa"":""هوديكسوال""}",11837,هوديكسوال,
2588,2026-06-12 23:33:09.847322+00,2026-06-12 23:33:09.847322+00,,"{""fa"":""يرسو""}",11838,يرسو,
2589,2026-06-12 23:33:09.847322+00,2026-06-12 23:33:09.847322+00,,"{""fa"":""اربو""}",11839,اربو,
2590,2026-06-12 23:33:09.847322+00,2026-06-12 23:33:09.847322+00,,"{""fa"":""سودرهامن""}",11840,سودرهامن,
2591,2026-06-12 23:33:09.847322+00,2026-06-12 23:33:09.847322+00,,"{""fa"":""اربرو""}",11841,اربرو,
2592,2026-06-12 23:33:09.847322+00,2026-06-12 23:33:09.847322+00,,"{""fa"":""بولنس""}",11842,بولنس,
2593,2026-06-12 23:33:09.847322+00,2026-06-12 23:33:09.847322+00,,"{""fa"":""كيلافورس""}",11843,كيلافورس,
2594,2026-06-12 23:33:09.847322+00,2026-06-12 23:33:09.847322+00,,"{""fa"":""نورساندت""}",11844,نورساندت,
2595,2026-06-12 23:33:09.847322+00,2026-06-12 23:33:09.847322+00,,"{""fa"":""اورسا""}",11845,اورسا,
2596,2026-06-12 23:33:09.847322+00,2026-06-12 23:33:09.847322+00,,"{""fa"":""مورا""}",11846,مورا,
2597,2026-06-12 23:33:09.847322+00,2026-06-12 23:33:09.847322+00,,"{""fa"":""الودالن""}",11847,الودالن,
2598,2026-06-12 23:33:09.847322+00,2026-06-12 23:33:09.847322+00,,"{""fa"":""سرنا""}",11848,سرنا,
2599,2026-06-12 23:33:09.847322+00,2026-06-12 23:33:09.847322+00,,"{""fa"":""سوگ""}",11849,سوگ,
2600,2026-06-12 23:33:09.847322+00,2026-06-12 23:33:09.847322+00,,"{""fa"":""هده""}",11850,هده,
2601,2026-06-12 23:33:09.847322+00,2026-06-12 23:33:09.847322+00,,"{""fa"":""تنس""}",11851,تنس,
2602,2026-06-12 23:33:09.847322+00,2026-06-12 23:33:09.847322+00,,"{""fa"":""اونگه""}",11852,اونگه,
2603,2026-06-12 23:33:09.847322+00,2026-06-12 23:33:09.847322+00,,"{""fa"":""وانسبرو""}",11853,وانسبرو,
2604,2026-06-12 23:33:09.847322+00,2026-06-12 23:33:09.847322+00,,"{""fa"":""فالون""}",11854,فالون,
2605,2026-06-12 23:33:09.847322+00,2026-06-12 23:33:09.847322+00,,"{""fa"":""بورلانگ""}",11855,بورلانگ,
2606,2026-06-12 23:33:09.847322+00,2026-06-12 23:33:09.847322+00,,"{""fa"":""اشتورويك""}",11856,اشتورويك,
2607,2026-06-12 23:33:09.847322+00,2026-06-12 23:33:09.847322+00,,"{""fa"":""الوكارلبي""}",11857,الوكارلبي,
2608,2026-06-12 23:33:09.847322+00,2026-06-12 23:33:09.847322+00,,"{""fa"":""اوستهامار""}",11858,اوستهامار,
2609,2026-06-12 23:33:09.847322+00,2026-06-12 23:33:09.847322+00,,"{""fa"":""گريسلهامن""}",11859,گريسلهامن,
2610,2026-06-12 23:33:09.847322+00,2026-06-12 23:33:09.847322+00,,"{""fa"":""نورتليه""}",11860,نورتليه,
2611,2026-06-12 23:33:09.847322+00,2026-06-12 23:33:09.847322+00,,"{""fa"":""ليدينگو""}",11861,ليدينگو,
2612,2026-06-12 23:33:09.847322+00,2026-06-12 23:33:09.847322+00,,"{""fa"":""سالا""}",11862,سالا,
2613,2026-06-12 23:33:09.847322+00,2026-06-12 23:33:09.847322+00,,"{""fa"":""فاگرستا""}",11863,فاگرستا,
2614,2026-06-12 23:33:09.847322+00,2026-06-12 23:33:09.847322+00,,"{""fa"":""آوستا""}",11864,آوستا,
2615,2026-06-12 23:33:09.847322+00,2026-06-12 23:33:09.847322+00,,"{""fa"":""تورسبي""}",11865,تورسبي,
2616,2026-06-12 23:33:09.847322+00,2026-06-12 23:33:09.847322+00,,"{""fa"":""لوديكا""}",11866,لوديكا,
2617,2026-06-12 23:33:09.847322+00,2026-06-12 23:33:09.847322+00,,"{""fa"":""لوزان""}",11867,لوزان,
2618,2026-06-12 23:33:09.847322+00,2026-06-12 23:33:09.847322+00,,"{""fa"":""برن""}",11868,برن,
2619,2026-06-12 23:33:09.847322+00,2026-06-12 23:33:09.847322+00,,"{""fa"":""هايدن""}",11869,هايدن,
2620,2026-06-12 23:33:09.847322+00,2026-06-12 23:33:09.847322+00,,"{""fa"":""تون""}",11870,تون,
2621,2026-06-12 23:33:09.847322+00,2026-06-12 23:33:09.847322+00,,"{""fa"":""فرايبورگ""}",11871,فرايبورگ,
2622,2026-06-12 23:33:09.847322+00,2026-06-12 23:33:09.847322+00,,"{""fa"":""فلامس""}",11872,فلامس,
2623,2026-06-12 23:33:09.847322+00,2026-06-12 23:33:09.847322+00,,"{""fa"":""بوش""}",11873,بوش,
2624,2026-06-12 23:33:09.847322+00,2026-06-12 23:33:09.847322+00,,"{""fa"":""سنت گالن""}",11874,سنت گالن,
2625,2026-06-12 23:33:09.847322+00,2026-06-12 23:33:09.847322+00,,"{""fa"":""سرگانس""}",11875,سرگانس,
2626,2026-06-12 23:33:09.847322+00,2026-06-12 23:33:09.847322+00,,"{""fa"":""شامپكس""}",11876,شامپكس,
2627,2026-06-12 23:33:09.847322+00,2026-06-12 23:33:09.847322+00,,"{""fa"":""بازل""}",11877,بازل,
2628,2026-06-12 23:33:09.847322+00,2026-06-12 23:33:09.847322+00,,"{""fa"":""رننس""}",11878,رننس,
2629,2026-06-12 23:33:09.847322+00,2026-06-12 23:33:09.847322+00,,"{""fa"":""گراخن""}",11879,گراخن,
2630,2026-06-12 23:33:09.847322+00,2026-06-12 23:33:09.847322+00,,"{""fa"":""مرينگن""}",11880,مرينگن,
2631,2026-06-12 23:33:09.847322+00,2026-06-12 23:33:09.847322+00,,"{""fa"":""ليستال""}",11881,ليستال,
2632,2026-06-12 23:33:09.847322+00,2026-06-12 23:33:09.847322+00,,"{""fa"":""نوشاتل""}",11882,نوشاتل,
2633,2026-06-12 23:33:09.847322+00,2026-06-12 23:33:09.847322+00,,"{""fa"":""لندكوارت""}",11883,لندكوارت,
2634,2026-06-12 23:33:09.847322+00,2026-06-12 23:33:09.847322+00,,"{""fa"":""نافلس""}",11884,نافلس,
2635,2026-06-12 23:33:09.847322+00,2026-06-12 23:33:09.847322+00,,"{""fa"":""شول""}",11885,شول,
2636,2026-06-12 23:33:09.847322+00,2026-06-12 23:33:09.847322+00,,"{""fa"":""خور""}",11886,خور,
2637,2026-06-12 23:33:09.847322+00,2026-06-12 23:33:09.847322+00,,"{""fa"":""داووس""}",11887,داووس,
2638,2026-06-12 23:33:09.847322+00,2026-06-12 23:33:09.847322+00,,"{""fa"":""زرنز""}",11888,زرنز,
2639,2026-06-12 23:33:09.847322+00,2026-06-12 23:33:09.847322+00,,"{""fa"":""موستاير""}",11889,موستاير,
2640,2026-06-12 23:33:09.847322+00,2026-06-12 23:33:09.847322+00,,"{""fa"":""سلمادن""}",11890,سلمادن,
2641,2026-06-12 23:33:09.847322+00,2026-06-12 23:33:09.847322+00,,"{""fa"":""پوشياو""}",11891,پوشياو,
2642,2026-06-12 23:33:09.847322+00,2026-06-12 23:33:09.847322+00,,"{""fa"":""سرگليو""}",11892,سرگليو,
2643,2026-06-12 23:33:09.847322+00,2026-06-12 23:33:09.847322+00,,"{""fa"":""آندر""}",11893,آندر,
2644,2026-06-12 23:33:09.847322+00,2026-06-12 23:33:09.847322+00,,"{""fa"":""توسيس""}",11894,توسيس,
2645,2026-06-12 23:33:09.847322+00,2026-06-12 23:33:09.847322+00,,"{""fa"":""لوگانو""}",11895,لوگانو,
2646,2026-06-12 23:33:09.847322+00,2026-06-12 23:33:09.847322+00,,"{""fa"":""بلينزونا""}",11896,بلينزونا,
2647,2026-06-12 23:33:09.847322+00,2026-06-12 23:33:09.847322+00,,"{""fa"":""لوكارنو""}",11897,لوكارنو,
2648,2026-06-12 23:33:09.847322+00,2026-06-12 23:33:09.847322+00,,"{""fa"":""گيوميكو""}",11898,گيوميكو,
2649,2026-06-12 23:33:09.847322+00,2026-06-12 23:33:09.847322+00,,"{""fa"":""سنبرنادينو""}",11899,سنبرنادينو,
2650,2026-06-12 23:33:09.847322+00,2026-06-12 23:33:09.847322+00,,"{""fa"":""دالپ""}",11900,دالپ,
2651,2026-06-12 23:33:09.847322+00,2026-06-12 23:33:09.847322+00,,"{""fa"":""آيرولو""}",11901,آيرولو,
2652,2026-06-12 23:33:09.847322+00,2026-06-12 23:33:09.847322+00,,"{""fa"":""آندرمات""}",11902,آندرمات,
2653,2026-06-12 23:33:09.855349+00,2026-06-12 23:33:09.855349+00,,"{""fa"":""ديسنتر""}",11903,ديسنتر,
2654,2026-06-12 23:33:09.855349+00,2026-06-12 23:33:09.855349+00,,"{""fa"":""ريخنائو""}",11904,ريخنائو,
2655,2026-06-12 23:33:09.855349+00,2026-06-12 23:33:09.855349+00,,"{""fa"":""لاخن""}",11905,لاخن,
2656,2026-06-12 23:33:09.855349+00,2026-06-12 23:33:09.855349+00,,"{""fa"":""آلتدورف""}",11906,آلتدورف,
2657,2026-06-12 23:33:09.855349+00,2026-06-12 23:33:09.855349+00,,"{""fa"":""رنگن""}",11907,رنگن,
2658,2026-06-12 23:33:09.855349+00,2026-06-12 23:33:09.855349+00,,"{""fa"":""اينترلاكن""}",11908,اينترلاكن,
2659,2026-06-12 23:33:09.855349+00,2026-06-12 23:33:09.855349+00,,"{""fa"":""بريگ""}",11909,بريگ,
2660,2026-06-12 23:33:09.855349+00,2026-06-12 23:33:09.855349+00,,"{""fa"":""لونگرن""}",11910,لونگرن,
2661,2026-06-12 23:33:09.855349+00,2026-06-12 23:33:09.855349+00,,"{""fa"":""وربن""}",11911,وربن,
2662,2026-06-12 23:33:09.855349+00,2026-06-12 23:33:09.855349+00,,"{""fa"":""اسپيز""}",11912,اسپيز,
2663,2026-06-12 23:33:09.855349+00,2026-06-12 23:33:09.855349+00,,"{""fa"":""سيرر""}",11913,سيرر,
2664,2026-06-12 23:33:09.855349+00,2026-06-12 23:33:09.855349+00,,"{""fa"":""ساس""}",11914,ساس,
2665,2026-06-12 23:33:09.855349+00,2026-06-12 23:33:09.855349+00,,"{""fa"":""زرمات""}",11915,زرمات,
2666,2026-06-12 23:33:09.855349+00,2026-06-12 23:33:09.855349+00,,"{""fa"":""اولن""}",11916,اولن,
2667,2026-06-12 23:33:09.855349+00,2026-06-12 23:33:09.855349+00,,"{""fa"":""مارتيني""}",11917,مارتيني,
2668,2026-06-12 23:33:09.855349+00,2026-06-12 23:33:09.855349+00,,"{""fa"":""بكس""}",11918,بكس,
2669,2026-06-12 23:33:09.855349+00,2026-06-12 23:33:09.855349+00,,"{""fa"":""سيون""}",11919,سيون,
2670,2026-06-12 23:33:09.855349+00,2026-06-12 23:33:09.855349+00,,"{""fa"":""ليزين""}",11920,ليزين,
2671,2026-06-12 23:33:09.855349+00,2026-06-12 23:33:09.855349+00,,"{""fa"":""مونتهريكس""}",11921,مونتهريكس,
2672,2026-06-12 23:33:09.855349+00,2026-06-12 23:33:09.855349+00,,"{""fa"":""بلوناي""}",11922,بلوناي,
2673,2026-06-12 23:33:09.855349+00,2026-06-12 23:33:09.855349+00,,"{""fa"":""مورژس""}",11923,مورژس,
2674,2026-06-12 23:33:09.855349+00,2026-06-12 23:33:09.855349+00,,"{""fa"":""بوله""}",11924,بوله,
2675,2026-06-12 23:33:09.855349+00,2026-06-12 23:33:09.855349+00,,"{""fa"":""للوكل""}",11925,للوكل,
2676,2026-06-12 23:33:09.855349+00,2026-06-12 23:33:09.855349+00,,"{""fa"":""زوگ""}",11926,زوگ,
2677,2026-06-12 23:33:09.855349+00,2026-06-12 23:33:09.855349+00,,"{""fa"":""بيل""}",11927,بيل,
2678,2026-06-12 23:33:09.855349+00,2026-06-12 23:33:09.855349+00,,"{""fa"":""ولفهاوزن""}",11928,ولفهاوزن,
2679,2026-06-12 23:33:09.855349+00,2026-06-12 23:33:09.855349+00,,"{""fa"":""لوزرن""}",11929,لوزرن,
2680,2026-06-12 23:33:09.855349+00,2026-06-12 23:33:09.855349+00,,"{""fa"":""امنبروك""}",11930,امنبروك,
2681,2026-06-12 23:33:09.855349+00,2026-06-12 23:33:09.855349+00,,"{""fa"":""سورسه""}",11931,سورسه,
2682,2026-06-12 23:33:09.855349+00,2026-06-12 23:33:09.855349+00,,"{""fa"":""چام""}",11932,چام,
2683,2026-06-12 23:33:09.855349+00,2026-06-12 23:33:09.855349+00,,"{""fa"":""زوفينگن""}",11933,زوفينگن,
2684,2026-06-12 23:33:09.855349+00,2026-06-12 23:33:09.855349+00,,"{""fa"":""سولوتورن""}",11934,سولوتورن,
2685,2026-06-12 23:33:09.855349+00,2026-06-12 23:33:09.855349+00,,"{""fa"":""دلهمونت""}",11935,دلهمونت,
2686,2026-06-12 23:33:09.855349+00,2026-06-12 23:33:09.855349+00,,"{""fa"":""آربروك""}",11936,آربروك,
2687,2026-06-12 23:33:09.855349+00,2026-06-12 23:33:09.855349+00,,"{""fa"":""اولتن""}",11937,اولتن,
2688,2026-06-12 23:33:09.855349+00,2026-06-12 23:33:09.855349+00,,"{""fa"":""آرو""}",11938,آرو,
2689,2026-06-12 23:33:09.855349+00,2026-06-12 23:33:09.855349+00,,"{""fa"":""فلئورير""}",11939,فلئورير,
2690,2026-06-12 23:33:09.855349+00,2026-06-12 23:33:09.855349+00,,"{""fa"":""راينفلدن""}",11940,راينفلدن,
2691,2026-06-12 23:33:09.855349+00,2026-06-12 23:33:09.855349+00,,"{""fa"":""وينترتور""}",11941,وينترتور,
2692,2026-06-12 23:33:09.855349+00,2026-06-12 23:33:09.855349+00,,"{""fa"":""فراونفيلد""}",11942,فراونفيلد,
2693,2026-06-12 23:33:09.855349+00,2026-06-12 23:33:09.855349+00,,"{""fa"":""شافهاوسن""}",11943,شافهاوسن,
2694,2026-06-12 23:33:09.855349+00,2026-06-12 23:33:09.855349+00,,"{""fa"":""اورناش""}",11944,اورناش,
2695,2026-06-12 23:33:09.855349+00,2026-06-12 23:33:09.855349+00,,"{""fa"":""نجف اشرف""}",11945,نجف اشرف,
2696,2026-06-12 23:33:09.855349+00,2026-06-12 23:33:09.855349+00,,"{""fa"":""كاظمين""}",11946,كاظمين,
2697,2026-06-12 23:33:09.855349+00,2026-06-12 23:33:09.855349+00,,"{""fa"":""بصره""}",11947,بصره,
2698,2026-06-12 23:33:09.855349+00,2026-06-12 23:33:09.855349+00,,"{""fa"":""كربلا""}",11948,كربلا,
2699,2026-06-12 23:33:09.855349+00,2026-06-12 23:33:09.855349+00,,"{""fa"":""كركوك""}",11949,كركوك,
2700,2026-06-12 23:33:09.855349+00,2026-06-12 23:33:09.855349+00,,"{""fa"":""موصل""}",11950,موصل,
2701,2026-06-12 23:33:09.855349+00,2026-06-12 23:33:09.855349+00,,"{""fa"":""حلبچه""}",11951,حلبچه,
2702,2026-06-12 23:33:09.855349+00,2026-06-12 23:33:09.855349+00,,"{""fa"":""خانقين""}",11952,خانقين,
2703,2026-06-12 23:33:09.855349+00,2026-06-12 23:33:09.855349+00,,"{""fa"":""بابل""}",11953,بابل,
2704,2026-06-12 23:33:09.855349+00,2026-06-12 23:33:09.855349+00,,"{""fa"":""التونكوپري""}",11954,التونكوپري,
2705,2026-06-12 23:33:09.855349+00,2026-06-12 23:33:09.855349+00,,"{""fa"":""بيجي""}",11955,بيجي,
2706,2026-06-12 23:33:09.855349+00,2026-06-12 23:33:09.855349+00,,"{""fa"":""حضر""}",11956,حضر,
2707,2026-06-12 23:33:09.855349+00,2026-06-12 23:33:09.855349+00,,"{""fa"":""جمپور""}",11957,جمپور,
2708,2026-06-12 23:33:09.855349+00,2026-06-12 23:33:09.855349+00,,"{""fa"":""طوزخورماتو""}",11958,طوزخورماتو,
2709,2026-06-12 23:33:09.855349+00,2026-06-12 23:33:09.855349+00,,"{""fa"":""كفري""}",11959,كفري,
2710,2026-06-12 23:33:09.855349+00,2026-06-12 23:33:09.855349+00,,"{""fa"":""رايات""}",11960,رايات,
2711,2026-06-12 23:33:09.855349+00,2026-06-12 23:33:09.855349+00,,"{""fa"":""العاثمين""}",11961,العاثمين,
2712,2026-06-12 23:33:09.855349+00,2026-06-12 23:33:09.855349+00,,"{""fa"":""سلمان""}",11962,سلمان,
2713,2026-06-12 23:33:09.855349+00,2026-06-12 23:33:09.855349+00,,"{""fa"":""حله""}",11963,حله,
2714,2026-06-12 23:33:09.855349+00,2026-06-12 23:33:09.855349+00,,"{""fa"":""سامرا""}",11964,سامرا,
2715,2026-06-12 23:33:09.855349+00,2026-06-12 23:33:09.855349+00,,"{""fa"":""فلوجه""}",11965,فلوجه,
2716,2026-06-12 23:33:09.855349+00,2026-06-12 23:33:09.855349+00,,"{""fa"":""كوفه""}",11966,كوفه,
2717,2026-06-12 23:33:09.855349+00,2026-06-12 23:33:09.855349+00,,"{""fa"":""ديوانيه""}",11967,ديوانيه,
2718,2026-06-12 23:33:09.855349+00,2026-06-12 23:33:09.855349+00,,"{""fa"":""مندلي""}",11968,مندلي,
2719,2026-06-12 23:33:09.855349+00,2026-06-12 23:33:09.855349+00,,"{""fa"":""بعقوبه""}",11969,بعقوبه,
2720,2026-06-12 23:33:09.855349+00,2026-06-12 23:33:09.855349+00,,"{""fa"":""رمادي""}",11970,رمادي,
2721,2026-06-12 23:33:09.855349+00,2026-06-12 23:33:09.855349+00,,"{""fa"":""ناصريه""}",11971,ناصريه,
2722,2026-06-12 23:33:09.855349+00,2026-06-12 23:33:09.855349+00,,"{""fa"":""العماره""}",11972,العماره,
2723,2026-06-12 23:33:09.855349+00,2026-06-12 23:33:09.855349+00,,"{""fa"":""انبار""}",11973,انبار,
2724,2026-06-12 23:33:09.855349+00,2026-06-12 23:33:09.855349+00,,"{""fa"":""تكريت""}",11974,تكريت,
2725,2026-06-12 23:33:09.855349+00,2026-06-12 23:33:09.855349+00,,"{""fa"":""عفك""}",11975,عفك,
2726,2026-06-12 23:33:09.855349+00,2026-06-12 23:33:09.855349+00,,"{""fa"":""عليغربي""}",11976,عليغربي,
2727,2026-06-12 23:33:09.855349+00,2026-06-12 23:33:09.855349+00,,"{""fa"":""عليشرقي""}",11977,عليشرقي,
2728,2026-06-12 23:33:09.855349+00,2026-06-12 23:33:09.855349+00,,"{""fa"":""بدره""}",11978,بدره,
2729,2026-06-12 23:33:09.855349+00,2026-06-12 23:33:09.855349+00,,"{""fa"":""ديالي""}",11979,ديالي,
2730,2026-06-12 23:33:09.855349+00,2026-06-12 23:33:09.855349+00,,"{""fa"":""واسط""}",11980,واسط,
2731,2026-06-12 23:33:09.855349+00,2026-06-12 23:33:09.855349+00,,"{""fa"":""نعمانيه""}",11981,نعمانيه,
2732,2026-06-12 23:33:09.855349+00,2026-06-12 23:33:09.855349+00,,"{""fa"":""دهوك""}",11982,دهوك,
2733,2026-06-12 23:33:09.855349+00,2026-06-12 23:33:09.855349+00,,"{""fa"":""رواندوز""}",11983,رواندوز,
2734,2026-06-12 23:33:09.855349+00,2026-06-12 23:33:09.855349+00,,"{""fa"":""كوت""}",11984,كوت,
2735,2026-06-12 23:33:09.855349+00,2026-06-12 23:33:09.855349+00,,"{""fa"":""شيخسعيد""}",11985,شيخسعيد,
2736,2026-06-12 23:33:09.855349+00,2026-06-12 23:33:09.855349+00,,"{""fa"":""محموديه""}",11986,محموديه,
2737,2026-06-12 23:33:09.855349+00,2026-06-12 23:33:09.855349+00,,"{""fa"":""عظيميه""}",11987,عظيميه,
2738,2026-06-12 23:33:09.855349+00,2026-06-12 23:33:09.855349+00,,"{""fa"":""سماوه""}",11988,سماوه,
2739,2026-06-12 23:33:09.855349+00,2026-06-12 23:33:09.855349+00,,"{""fa"":""زاخو""}",11989,زاخو,
2740,2026-06-12 23:33:09.855349+00,2026-06-12 23:33:09.855349+00,,"{""fa"":""عنه""}",11990,عنه,
2741,2026-06-12 23:33:09.855349+00,2026-06-12 23:33:09.855349+00,,"{""fa"":""عماره""}",11991,عماره,
2742,2026-06-12 23:33:09.855349+00,2026-06-12 23:33:09.855349+00,,"{""fa"":""قلعه دزه""}",11992,قلعه دزه,
2743,2026-06-12 23:33:09.855349+00,2026-06-12 23:33:09.855349+00,,"{""fa"":""نينوا""}",11993,نينوا,
2744,2026-06-12 23:33:09.855349+00,2026-06-12 23:33:09.855349+00,,"{""fa"":""تميم""}",11994,تميم,
2745,2026-06-12 23:33:09.855349+00,2026-06-12 23:33:09.855349+00,,"{""fa"":""صلاحالدين""}",11995,صلاحالدين,
2746,2026-06-12 23:33:09.855349+00,2026-06-12 23:33:09.855349+00,,"{""fa"":""حبانيه""}",11996,حبانيه,
2747,2026-06-12 23:33:09.855349+00,2026-06-12 23:33:09.855349+00,,"{""fa"":""هنديه""}",11997,هنديه,
2748,2026-06-12 23:33:09.855349+00,2026-06-12 23:33:09.855349+00,,"{""fa"":""ميسان""}",11998,ميسان,
2749,2026-06-12 23:33:09.855349+00,2026-06-12 23:33:09.855349+00,,"{""fa"":""شطره""}",11999,شطره,
2750,2026-06-12 23:33:09.855349+00,2026-06-12 23:33:09.855349+00,,"{""fa"":""مثني""}",12000,مثني,
2751,2026-06-12 23:33:09.855349+00,2026-06-12 23:33:09.855349+00,,"{""fa"":""ذيقار""}",12001,ذيقار,
2752,2026-06-12 23:33:09.855349+00,2026-06-12 23:33:09.855349+00,,"{""fa"":""مسيب""}",12002,مسيب,
2753,2026-06-12 23:33:09.862962+00,2026-06-12 23:33:09.862962+00,,"{""fa"":""امقصر""}",12003,امقصر,
2754,2026-06-12 23:33:09.862962+00,2026-06-12 23:33:09.862962+00,,"{""fa"":""صفوان""}",12004,صفوان,
2755,2026-06-12 23:33:09.862962+00,2026-06-12 23:33:09.862962+00,,"{""fa"":""رميله""}",12005,رميله,
2756,2026-06-12 23:33:09.862962+00,2026-06-12 23:33:09.862962+00,,"{""fa"":""زبير""}",12006,زبير,
2757,2026-06-12 23:33:09.862962+00,2026-06-12 23:33:09.862962+00,,"{""fa"":""قرنه""}",12007,قرنه,
2758,2026-06-12 23:33:09.862962+00,2026-06-12 23:33:09.862962+00,,"{""fa"":""جليبه""}",12008,جليبه,
2759,2026-06-12 23:33:09.862962+00,2026-06-12 23:33:09.862962+00,,"{""fa"":""قلعهصالح""}",12009,قلعهصالح,
2760,2026-06-12 23:33:09.862962+00,2026-06-12 23:33:09.862962+00,,"{""fa"":""قلعهسكر""}",12010,قلعهسكر,
2761,2026-06-12 23:33:09.862962+00,2026-06-12 23:33:09.862962+00,,"{""fa"":""رفاعي""}",12011,رفاعي,
2762,2026-06-12 23:33:09.862962+00,2026-06-12 23:33:09.862962+00,,"{""fa"":""سوقالشيوخ""}",12012,سوقالشيوخ,
2763,2026-06-12 23:33:09.862962+00,2026-06-12 23:33:09.862962+00,,"{""fa"":""كوتالحي""}",12013,كوتالحي,
2764,2026-06-12 23:33:09.862962+00,2026-06-12 23:33:09.862962+00,,"{""fa"":""خانرهبه""}",12014,خانرهبه,
2765,2026-06-12 23:33:09.862962+00,2026-06-12 23:33:09.862962+00,,"{""fa"":""ابوصخير""}",12015,ابوصخير,
2766,2026-06-12 23:33:09.862962+00,2026-06-12 23:33:09.862962+00,,"{""fa"":""هاشميه""}",12016,هاشميه,
2767,2026-06-12 23:33:09.862962+00,2026-06-12 23:33:09.862962+00,,"{""fa"":""صويره""}",12017,صويره,
2768,2026-06-12 23:33:09.862962+00,2026-06-12 23:33:09.862962+00,,"{""fa"":""مقداديه""}",12018,مقداديه,
2769,2026-06-12 23:33:09.862962+00,2026-06-12 23:33:09.862962+00,,"{""fa"":""خالص""}",12019,خالص,
2770,2026-06-12 23:33:09.862962+00,2026-06-12 23:33:09.862962+00,,"{""fa"":""هيت""}",12020,هيت,
2771,2026-06-12 23:33:09.862962+00,2026-06-12 23:33:09.862962+00,,"{""fa"":""حديثه""}",12021,حديثه,
2772,2026-06-12 23:33:09.862962+00,2026-06-12 23:33:09.862962+00,,"{""fa"":""رطبه""}",12022,رطبه,
2773,2026-06-12 23:33:09.862962+00,2026-06-12 23:33:09.862962+00,,"{""fa"":""توليه""}",12023,توليه,
2774,2026-06-12 23:33:09.862962+00,2026-06-12 23:33:09.862962+00,,"{""fa"":""سنجار""}",12024,سنجار,
2775,2026-06-12 23:33:09.862962+00,2026-06-12 23:33:09.862962+00,,"{""fa"":""تلعفر""}",12025,تلعفر,
2776,2026-06-12 23:33:09.862962+00,2026-06-12 23:33:09.862962+00,,"{""fa"":""تلكوچك""}",12026,تلكوچك,
2777,2026-06-12 23:33:09.862962+00,2026-06-12 23:33:09.862962+00,,"{""fa"":""قياره""}",12027,قياره,
2778,2026-06-12 23:33:09.862962+00,2026-06-12 23:33:09.862962+00,,"{""fa"":""مخمور""}",12028,مخمور,
2779,2026-06-12 23:33:09.862962+00,2026-06-12 23:33:09.862962+00,,"{""fa"":""شرقاط""}",12029,شرقاط,
2780,2026-06-12 23:33:09.862962+00,2026-06-12 23:33:09.862962+00,,"{""fa"":""بايحسن""}",12030,بايحسن,
2781,2026-06-12 23:33:09.862962+00,2026-06-12 23:33:09.862962+00,,"{""fa"":""زمار""}",12031,زمار,
2782,2026-06-12 23:33:09.862962+00,2026-06-12 23:33:09.862962+00,,"{""fa"":""عينسفني""}",12032,عينسفني,
2783,2026-06-12 23:33:09.862962+00,2026-06-12 23:33:09.862962+00,,"{""fa"":""عماديه""}",12033,عماديه,
2784,2026-06-12 23:33:09.862962+00,2026-06-12 23:33:09.862962+00,,"{""fa"":""عقره""}",12034,عقره,
2785,2026-06-12 23:33:09.862962+00,2026-06-12 23:33:09.862962+00,,"{""fa"":""ميرگهسور""}",12035,ميرگهسور,
2786,2026-06-12 23:33:09.862962+00,2026-06-12 23:33:09.862962+00,,"{""fa"":""شقلاوه""}",12036,شقلاوه,
2787,2026-06-12 23:33:09.862962+00,2026-06-12 23:33:09.862962+00,,"{""fa"":""رانيه""}",12037,رانيه,
2788,2026-06-12 23:33:09.862962+00,2026-06-12 23:33:09.862962+00,,"{""fa"":""دوكان""}",12038,دوكان,
2789,2026-06-12 23:33:09.862962+00,2026-06-12 23:33:09.862962+00,,"{""fa"":""چوارته""}",12039,چوارته,
2790,2026-06-12 23:33:09.862962+00,2026-06-12 23:33:09.862962+00,,"{""fa"":""طقطق""}",12040,طقطق,
2791,2026-06-12 23:33:09.862962+00,2026-06-12 23:33:09.862962+00,,"{""fa"":""كويسنجق""}",12041,كويسنجق,
2792,2026-06-12 23:33:09.862962+00,2026-06-12 23:33:09.862962+00,,"{""fa"":""ديبگه""}",12042,ديبگه,
2793,2026-06-12 23:33:09.862962+00,2026-06-12 23:33:09.862962+00,,"{""fa"":""امان""}",12043,امان,
2794,2026-06-12 23:33:09.862962+00,2026-06-12 23:33:09.862962+00,,"{""fa"":""ارزق""}",12044,ارزق,
2795,2026-06-12 23:33:09.862962+00,2026-06-12 23:33:09.862962+00,,"{""fa"":""بعير""}",12045,بعير,
2796,2026-06-12 23:33:09.862962+00,2026-06-12 23:33:09.862962+00,,"{""fa"":""الجفر""}",12046,الجفر,
2797,2026-06-12 23:33:09.862962+00,2026-06-12 23:33:09.862962+00,,"{""fa"":""المدوره""}",12047,المدوره,
2798,2026-06-12 23:33:09.862962+00,2026-06-12 23:33:09.862962+00,,"{""fa"":""المفرغ""}",12048,المفرغ,
2799,2026-06-12 23:33:09.862962+00,2026-06-12 23:33:09.862962+00,,"{""fa"":""الرمطا""}",12049,الرمطا,
2800,2026-06-12 23:33:09.862962+00,2026-06-12 23:33:09.862962+00,,"{""fa"":""الحمام""}",12050,الحمام,
2801,2026-06-12 23:33:09.862962+00,2026-06-12 23:33:09.862962+00,,"{""fa"":""اربيد""}",12051,اربيد,
2802,2026-06-12 23:33:09.862962+00,2026-06-12 23:33:09.862962+00,,"{""fa"":""جرش""}",12052,جرش,
2803,2026-06-12 23:33:09.862962+00,2026-06-12 23:33:09.862962+00,,"{""fa"":""زرقا""}",12053,زرقا,
2804,2026-06-12 23:33:09.862962+00,2026-06-12 23:33:09.862962+00,,"{""fa"":""اسالط""}",12054,اسالط,
2805,2026-06-12 23:33:09.862962+00,2026-06-12 23:33:09.862962+00,,"{""fa"":""الكرم""}",12055,الكرم,
2806,2026-06-12 23:33:09.862962+00,2026-06-12 23:33:09.862962+00,,"{""fa"":""مدابه""}",12056,مدابه,
2807,2026-06-12 23:33:09.862962+00,2026-06-12 23:33:09.862962+00,,"{""fa"":""ضيبان""}",12057,ضيبان,
2808,2026-06-12 23:33:09.862962+00,2026-06-12 23:33:09.862962+00,,"{""fa"":""الرباه""}",12058,الرباه,
2809,2026-06-12 23:33:09.862962+00,2026-06-12 23:33:09.862962+00,,"{""fa"":""المزرعه""}",12059,المزرعه,
2810,2026-06-12 23:33:09.862962+00,2026-06-12 23:33:09.862962+00,,"{""fa"":""كرك""}",12060,كرك,
2811,2026-06-12 23:33:09.862962+00,2026-06-12 23:33:09.862962+00,,"{""fa"":""اصفي""}",12061,اصفي,
2812,2026-06-12 23:33:09.862962+00,2026-06-12 23:33:09.862962+00,,"{""fa"":""الحسينيه""}",12062,الحسينيه,
2813,2026-06-12 23:33:09.862962+00,2026-06-12 23:33:09.862962+00,,"{""fa"":""گوزار""}",12063,گوزار,
2814,2026-06-12 23:33:09.862962+00,2026-06-12 23:33:09.862962+00,,"{""fa"":""سمرقند""}",12064,سمرقند,
2815,2026-06-12 23:33:09.862962+00,2026-06-12 23:33:09.862962+00,,"{""fa"":""دربند""}",12065,دربند,
2816,2026-06-12 23:33:09.862962+00,2026-06-12 23:33:09.862962+00,,"{""fa"":""بخارا""}",12066,بخارا,
2817,2026-06-12 23:33:09.862962+00,2026-06-12 23:33:09.862962+00,,"{""fa"":""انديجان""}",12067,انديجان,
2818,2026-06-12 23:33:09.862962+00,2026-06-12 23:33:09.862962+00,,"{""fa"":""نمنگان""}",12068,نمنگان,
2819,2026-06-12 23:33:09.862962+00,2026-06-12 23:33:09.862962+00,,"{""fa"":""آلماليق""}",12069,آلماليق,
2820,2026-06-12 23:33:09.862962+00,2026-06-12 23:33:09.862962+00,,"{""fa"":""پسقند""}",12070,پسقند,
2821,2026-06-12 23:33:09.862962+00,2026-06-12 23:33:09.862962+00,,"{""fa"":""شرآباد""}",12071,شرآباد,
2822,2026-06-12 23:33:09.862962+00,2026-06-12 23:33:09.862962+00,,"{""fa"":""آنگرن""}",12072,آنگرن,
2823,2026-06-12 23:33:09.862962+00,2026-06-12 23:33:09.862962+00,,"{""fa"":""توي تپه""}",12073,توي تپه,
2824,2026-06-12 23:33:09.862962+00,2026-06-12 23:33:09.862962+00,,"{""fa"":""سيردريا""}",12074,سيردريا,
2825,2026-06-12 23:33:09.862962+00,2026-06-12 23:33:09.862962+00,,"{""fa"":""ياختاقو""}",12075,ياختاقو,
2826,2026-06-12 23:33:09.862962+00,2026-06-12 23:33:09.862962+00,,"{""fa"":""جيزاخ""}",12076,جيزاخ,
2827,2026-06-12 23:33:09.862962+00,2026-06-12 23:33:09.862962+00,,"{""fa"":""قوسايقودوك""}",12077,قوسايقودوك,
2828,2026-06-12 23:33:09.862962+00,2026-06-12 23:33:09.862962+00,,"{""fa"":""دنائو""}",12078,دنائو,
2829,2026-06-12 23:33:09.862962+00,2026-06-12 23:33:09.862962+00,,"{""fa"":""شورچي""}",12079,شورچي,
2830,2026-06-12 23:33:09.862962+00,2026-06-12 23:33:09.862962+00,,"{""fa"":""قومغرقان""}",12080,قومغرقان,
2831,2026-06-12 23:33:09.862962+00,2026-06-12 23:33:09.862962+00,,"{""fa"":""جرقرغان""}",12081,جرقرغان,
2832,2026-06-12 23:33:09.862962+00,2026-06-12 23:33:09.862962+00,,"{""fa"":""نورآتا""}",12082,نورآتا,
2833,2026-06-12 23:33:09.862962+00,2026-06-12 23:33:09.862962+00,,"{""fa"":""كاتاقرغان""}",12083,كاتاقرغان,
2834,2026-06-12 23:33:09.862962+00,2026-06-12 23:33:09.862962+00,,"{""fa"":""كيتاب""}",12084,كيتاب,
2835,2026-06-12 23:33:09.862962+00,2026-06-12 23:33:09.862962+00,,"{""fa"":""قاماشي""}",12085,قاماشي,
2836,2026-06-12 23:33:09.862962+00,2026-06-12 23:33:09.862962+00,,"{""fa"":""قوقچا""}",12086,قوقچا,
2837,2026-06-12 23:33:09.862962+00,2026-06-12 23:33:09.862962+00,,"{""fa"":""كرمانا""}",12087,كرمانا,
2838,2026-06-12 23:33:09.862962+00,2026-06-12 23:33:09.862962+00,,"{""fa"":""مبارك""}",12088,مبارك,
2839,2026-06-12 23:33:09.862962+00,2026-06-12 23:33:09.862962+00,,"{""fa"":""كاقان""}",12089,كاقان,
2840,2026-06-12 23:33:09.862962+00,2026-06-12 23:33:09.862962+00,,"{""fa"":""جانگلدي""}",12090,جانگلدي,
2841,2026-06-12 23:33:09.862962+00,2026-06-12 23:33:09.862962+00,,"{""fa"":""شاريقتي""}",12091,شاريقتي,
2842,2026-06-12 23:33:09.862962+00,2026-06-12 23:33:09.862962+00,,"{""fa"":""تامديبولاق""}",12092,تامديبولاق,
2843,2026-06-12 23:33:09.862962+00,2026-06-12 23:33:09.862962+00,,"{""fa"":""اوچقودوق""}",12093,اوچقودوق,
2844,2026-06-12 23:33:09.862962+00,2026-06-12 23:33:09.862962+00,,"{""fa"":""آيتيم""}",12094,آيتيم,
2845,2026-06-12 23:33:09.862962+00,2026-06-12 23:33:09.862962+00,,"{""fa"":""كولقودوق""}",12095,كولقودوق,
2846,2026-06-12 23:33:09.862962+00,2026-06-12 23:33:09.862962+00,,"{""fa"":""قارشي""}",12096,قارشي,
2847,2026-06-12 23:33:09.862962+00,2026-06-12 23:33:09.862962+00,,"{""fa"":""قرهقل""}",12097,قرهقل,
2848,2026-06-12 23:33:09.862962+00,2026-06-12 23:33:09.862962+00,,"{""fa"":""گازلي""}",12098,گازلي,
2849,2026-06-12 23:33:09.862962+00,2026-06-12 23:33:09.862962+00,,"{""fa"":""تورتقول""}",12099,تورتقول,
2850,2026-06-12 23:33:09.862962+00,2026-06-12 23:33:09.862962+00,,"{""fa"":""بيروني""}",12100,بيروني,
2851,2026-06-12 23:33:09.862962+00,2026-06-12 23:33:09.862962+00,,"{""fa"":""ايمنيكارلاماكسا""}",12101,ايمنيكارلاماكسا,
2852,2026-06-12 23:33:09.862962+00,2026-06-12 23:33:09.862962+00,,"{""fa"":""نوكوس""}",12102,نوكوس,
2853,2026-06-12 23:33:09.870703+00,2026-06-12 23:33:09.870703+00,,"{""fa"":""چيمباي""}",12103,چيمباي,
2854,2026-06-12 23:33:09.870703+00,2026-06-12 23:33:09.870703+00,,"{""fa"":""قونقراد""}",12104,قونقراد,
2855,2026-06-12 23:33:09.870703+00,2026-06-12 23:33:09.870703+00,,"{""fa"":""مويناي""}",12105,مويناي,
2856,2026-06-12 23:33:09.870703+00,2026-06-12 23:33:09.870703+00,,"{""fa"":""كابانباي""}",12106,كابانباي,
2857,2026-06-12 23:33:09.870703+00,2026-06-12 23:33:09.870703+00,,"{""fa"":""اوشساي""}",12107,اوشساي,
2858,2026-06-12 23:33:09.870703+00,2026-06-12 23:33:09.870703+00,,"{""fa"":""قراقالپاقيا""}",12108,قراقالپاقيا,
2859,2026-06-12 23:33:09.870703+00,2026-06-12 23:33:09.870703+00,,"{""fa"":""ياسليق""}",12109,ياسليق,
2860,2026-06-12 23:33:09.870703+00,2026-06-12 23:33:09.870703+00,,"{""fa"":""فرغانه""}",12110,فرغانه,
2861,2026-06-12 23:33:09.870703+00,2026-06-12 23:33:09.870703+00,,"{""fa"":""دبي""}",12111,دبي,
2862,2026-06-12 23:33:09.870703+00,2026-06-12 23:33:09.870703+00,,"{""fa"":""ابوظبي""}",12112,ابوظبي,
2863,2026-06-12 23:33:09.870703+00,2026-06-12 23:33:09.870703+00,,"{""fa"":""راسالخيمه""}",12113,راسالخيمه,
2864,2026-06-12 23:33:09.870703+00,2026-06-12 23:33:09.870703+00,,"{""fa"":""العين""}",12114,العين,
2865,2026-06-12 23:33:09.870703+00,2026-06-12 23:33:09.870703+00,,"{""fa"":""عجمان""}",12115,عجمان,
2866,2026-06-12 23:33:09.870703+00,2026-06-12 23:33:09.870703+00,,"{""fa"":""فجيره""}",12116,فجيره,
2867,2026-06-12 23:33:09.870703+00,2026-06-12 23:33:09.870703+00,,"{""fa"":""غيل""}",12117,غيل,
2868,2026-06-12 23:33:09.870703+00,2026-06-12 23:33:09.870703+00,,"{""fa"":""كلبا""}",12118,كلبا,
2869,2026-06-12 23:33:09.870703+00,2026-06-12 23:33:09.870703+00,,"{""fa"":""خورفكان""}",12119,خورفكان,
2870,2026-06-12 23:33:09.870703+00,2026-06-12 23:33:09.870703+00,,"{""fa"":""دبا""}",12120,دبا,
2871,2026-06-12 23:33:09.870703+00,2026-06-12 23:33:09.870703+00,,"{""fa"":""سمرات""}",12121,سمرات,
2872,2026-06-12 23:33:09.870703+00,2026-06-12 23:33:09.870703+00,,"{""fa"":""غليله""}",12122,غليله,
2873,2026-06-12 23:33:09.870703+00,2026-06-12 23:33:09.870703+00,,"{""fa"":""ميناسقر""}",12123,ميناسقر,
2874,2026-06-12 23:33:09.870703+00,2026-06-12 23:33:09.870703+00,,"{""fa"":""موعيرض""}",12124,موعيرض,
2875,2026-06-12 23:33:09.870703+00,2026-06-12 23:33:09.870703+00,,"{""fa"":""سيحالرمس""}",12125,سيحالرمس,
2876,2026-06-12 23:33:09.870703+00,2026-06-12 23:33:09.870703+00,,"{""fa"":""امالقيوين""}",12126,امالقيوين,
2877,2026-06-12 23:33:09.870703+00,2026-06-12 23:33:09.870703+00,,"{""fa"":""الحمريه""}",12127,الحمريه,
2878,2026-06-12 23:33:09.870703+00,2026-06-12 23:33:09.870703+00,,"{""fa"":""جوميره""}",12128,جوميره,
2879,2026-06-12 23:33:09.870703+00,2026-06-12 23:33:09.870703+00,,"{""fa"":""فلجالموعلا""}",12129,فلجالموعلا,
2880,2026-06-12 23:33:09.870703+00,2026-06-12 23:33:09.870703+00,,"{""fa"":""باندونگ""}",12130,باندونگ,
2881,2026-06-12 23:33:09.870703+00,2026-06-12 23:33:09.870703+00,,"{""fa"":""جاكارتا""}",12131,جاكارتا,
2882,2026-06-12 23:33:09.870703+00,2026-06-12 23:33:09.870703+00,,"{""fa"":""مدان""}",12132,مدان,
2883,2026-06-12 23:33:09.870703+00,2026-06-12 23:33:09.870703+00,,"{""fa"":""سمارانگ""}",12133,سمارانگ,
2884,2026-06-12 23:33:09.870703+00,2026-06-12 23:33:09.870703+00,,"{""fa"":""جاوه""}",12134,جاوه,
2885,2026-06-12 23:33:09.870703+00,2026-06-12 23:33:09.870703+00,,"{""fa"":""سورابايا""}",12135,سورابايا,
2886,2026-06-12 23:33:09.870703+00,2026-06-12 23:33:09.870703+00,,"{""fa"":""دنپاسار""}",12136,دنپاسار,
2887,2026-06-12 23:33:09.870703+00,2026-06-12 23:33:09.870703+00,,"{""fa"":""ماتارام""}",12137,ماتارام,
2888,2026-06-12 23:33:09.870703+00,2026-06-12 23:33:09.870703+00,,"{""fa"":""يوگياكارتا""}",12138,يوگياكارتا,
2889,2026-06-12 23:33:09.870703+00,2026-06-12 23:33:09.870703+00,,"{""fa"":""كوپانگ""}",12139,كوپانگ,
2890,2026-06-12 23:33:09.870703+00,2026-06-12 23:33:09.870703+00,,"{""fa"":""لامپونگ""}",12140,لامپونگ,
2891,2026-06-12 23:33:09.870703+00,2026-06-12 23:33:09.870703+00,,"{""fa"":""پالمبانگ""}",12141,پالمبانگ,
2892,2026-06-12 23:33:09.870703+00,2026-06-12 23:33:09.870703+00,,"{""fa"":""سوماترا""}",12142,سوماترا,
2893,2026-06-12 23:33:09.870703+00,2026-06-12 23:33:09.870703+00,,"{""fa"":""جامبي""}",12143,جامبي,
2894,2026-06-12 23:33:09.870703+00,2026-06-12 23:33:09.870703+00,,"{""fa"":""پكانبارو""}",12144,پكانبارو,
2895,2026-06-12 23:33:09.870703+00,2026-06-12 23:33:09.870703+00,,"{""fa"":""بنگكولو""}",12145,بنگكولو,
2896,2026-06-12 23:33:09.870703+00,2026-06-12 23:33:09.870703+00,,"{""fa"":""بانداآچه""}",12146,بانداآچه,
2897,2026-06-12 23:33:09.870703+00,2026-06-12 23:33:09.870703+00,,"{""fa"":""منامه""}",12147,منامه,
2898,2026-06-12 23:33:09.870703+00,2026-06-12 23:33:09.870703+00,,"{""fa"":""سماهيج""}",12148,سماهيج,
2899,2026-06-12 23:33:09.870703+00,2026-06-12 23:33:09.870703+00,,"{""fa"":""محرق""}",12149,محرق,
2900,2026-06-12 23:33:09.870703+00,2026-06-12 23:33:09.870703+00,,"{""fa"":""زيماه""}",12150,زيماه,
2901,2026-06-12 23:33:09.870703+00,2026-06-12 23:33:09.870703+00,,"{""fa"":""عارد""}",12151,عارد,
2902,2026-06-12 23:33:09.870703+00,2026-06-12 23:33:09.870703+00,,"{""fa"":""حلاتابومهير""}",12152,حلاتابومهير,
2903,2026-06-12 23:33:09.870703+00,2026-06-12 23:33:09.870703+00,,"{""fa"":""زينج""}",12153,زينج,
2904,2026-06-12 23:33:09.870703+00,2026-06-12 23:33:09.870703+00,,"{""fa"":""سهلاهالفوقيه""}",12154,سهلاهالفوقيه,
2905,2026-06-12 23:33:09.870703+00,2026-06-12 23:33:09.870703+00,,"{""fa"":""خوره""}",12155,خوره,
2906,2026-06-12 23:33:09.870703+00,2026-06-12 23:33:09.870703+00,,"{""fa"":""توبلي""}",12156,توبلي,
2907,2026-06-12 23:33:09.870703+00,2026-06-12 23:33:09.870703+00,,"{""fa"":""حليتعبدالصالح""}",12157,حليتعبدالصالح,
2908,2026-06-12 23:33:09.870703+00,2026-06-12 23:33:09.870703+00,,"{""fa"":""قوبيط""}",12158,قوبيط,
2909,2026-06-12 23:33:09.870703+00,2026-06-12 23:33:09.870703+00,,"{""fa"":""علي""}",12159,علي,
2910,2026-06-12 23:33:09.870703+00,2026-06-12 23:33:09.870703+00,,"{""fa"":""مدينهعيسي""}",12160,مدينهعيسي,
2911,2026-06-12 23:33:09.870703+00,2026-06-12 23:33:09.870703+00,,"{""fa"":""امجيدر""}",12161,امجيدر,
2912,2026-06-12 23:33:09.870703+00,2026-06-12 23:33:09.870703+00,,"{""fa"":""عوالي""}",12162,عوالي,
2913,2026-06-12 23:33:09.870703+00,2026-06-12 23:33:09.870703+00,,"{""fa"":""سند""}",12163,سند,
2914,2026-06-12 23:33:09.870703+00,2026-06-12 23:33:09.870703+00,,"{""fa"":""اشاخير""}",12164,اشاخير,
2915,2026-06-12 23:33:09.870703+00,2026-06-12 23:33:09.870703+00,,"{""fa"":""عسكر""}",12165,عسكر,
2916,2026-06-12 23:33:09.870703+00,2026-06-12 23:33:09.870703+00,,"{""fa"":""شهركان""}",12166,شهركان,
2917,2026-06-12 23:33:09.870703+00,2026-06-12 23:33:09.870703+00,,"{""fa"":""خروغ""}",12167,خروغ,
2918,2026-06-12 23:33:09.870703+00,2026-06-12 23:33:09.870703+00,,"{""fa"":""خجند""}",12168,خجند,
2919,2026-06-12 23:33:09.870703+00,2026-06-12 23:33:09.870703+00,,"{""fa"":""مرغاب""}",12169,مرغاب,
2920,2026-06-12 23:33:09.870703+00,2026-06-12 23:33:09.870703+00,,"{""fa"":""ساجماك""}",12170,ساجماك,
2921,2026-06-12 23:33:09.870703+00,2026-06-12 23:33:09.870703+00,,"{""fa"":""توختاميش""}",12171,توختاميش,
2922,2026-06-12 23:33:09.870703+00,2026-06-12 23:33:09.870703+00,,"{""fa"":""قزالرباط""}",12172,قزالرباط,
2923,2026-06-12 23:33:09.870703+00,2026-06-12 23:33:09.870703+00,,"{""fa"":""رانگكول""}",12173,رانگكول,
2924,2026-06-12 23:33:09.870703+00,2026-06-12 23:33:09.870703+00,,"{""fa"":""جارتيگومبز""}",12174,جارتيگومبز,
2925,2026-06-12 23:33:09.870703+00,2026-06-12 23:33:09.870703+00,,"{""fa"":""ماركانسو""}",12175,ماركانسو,
2926,2026-06-12 23:33:09.870703+00,2026-06-12 23:33:09.870703+00,,"{""fa"":""قرغان تپه""}",12176,قرغان تپه,
2927,2026-06-12 23:33:09.870703+00,2026-06-12 23:33:09.870703+00,,"{""fa"":""چوربورگ""}",12177,چوربورگ,
2928,2026-06-12 23:33:09.870703+00,2026-06-12 23:33:09.870703+00,,"{""fa"":""شارتوز""}",12178,شارتوز,
2929,2026-06-12 23:33:09.870703+00,2026-06-12 23:33:09.870703+00,,"{""fa"":""آيواج""}",12179,آيواج,
2930,2026-06-12 23:33:09.870703+00,2026-06-12 23:33:09.870703+00,,"{""fa"":""داردار""}",12180,داردار,
2931,2026-06-12 23:33:09.870703+00,2026-06-12 23:33:09.870703+00,,"{""fa"":""زرافشان""}",12181,زرافشان,
2932,2026-06-12 23:33:09.870703+00,2026-06-12 23:33:09.870703+00,,"{""fa"":""اورمتان""}",12182,اورمتان,
2933,2026-06-12 23:33:09.870703+00,2026-06-12 23:33:09.870703+00,,"{""fa"":""پنجيكنت""}",12183,پنجيكنت,
2934,2026-06-12 23:33:09.870703+00,2026-06-12 23:33:09.870703+00,,"{""fa"":""ووروخ""}",12184,ووروخ,
2935,2026-06-12 23:33:09.870703+00,2026-06-12 23:33:09.870703+00,,"{""fa"":""آقبايتال""}",12185,آقبايتال,
2936,2026-06-12 23:33:09.870703+00,2026-06-12 23:33:09.870703+00,,"{""fa"":""ايسفارا""}",12186,ايسفارا,
2937,2026-06-12 23:33:09.870703+00,2026-06-12 23:33:09.870703+00,,"{""fa"":""كانيپادام""}",12187,كانيپادام,
2938,2026-06-12 23:33:09.870703+00,2026-06-12 23:33:09.870703+00,,"{""fa"":""بوستان""}",12188,بوستان,
2939,2026-06-12 23:33:09.870703+00,2026-06-12 23:33:09.870703+00,,"{""fa"":""جارتيرآبوت""}",12189,جارتيرآبوت,
2940,2026-06-12 23:33:09.870703+00,2026-06-12 23:33:09.870703+00,,"{""fa"":""آلتين توپكان""}",12190,آلتين توپكان,
2941,2026-06-12 23:33:09.870703+00,2026-06-12 23:33:09.870703+00,,"{""fa"":""امبي""}",12191,امبي,
2942,2026-06-12 23:33:09.870703+00,2026-06-12 23:33:09.870703+00,,"{""fa"":""ساسيككول""}",12192,ساسيككول,
2943,2026-06-12 23:33:09.870703+00,2026-06-12 23:33:09.870703+00,,"{""fa"":""كودره""}",12193,كودره,
2944,2026-06-12 23:33:09.870703+00,2026-06-12 23:33:09.870703+00,,"{""fa"":""دالني""}",12194,دالني,
2945,2026-06-12 23:33:09.870703+00,2026-06-12 23:33:09.870703+00,,"{""fa"":""شادود""}",12195,شادود,
2946,2026-06-12 23:33:09.870703+00,2026-06-12 23:33:09.870703+00,,"{""fa"":""برتنگ""}",12196,برتنگ,
2947,2026-06-12 23:33:09.870703+00,2026-06-12 23:33:09.870703+00,,"{""fa"":""وانكالا""}",12197,وانكالا,
2948,2026-06-12 23:33:09.870703+00,2026-06-12 23:33:09.870703+00,,"{""fa"":""روبوت""}",12198,روبوت,
2949,2026-06-12 23:33:09.870703+00,2026-06-12 23:33:09.870703+00,,"{""fa"":""وير""}",12199,وير,
2950,2026-06-12 23:33:09.870703+00,2026-06-12 23:33:09.870703+00,,"{""fa"":""راشتقلعه""}",12200,راشتقلعه,
2951,2026-06-12 23:33:09.870703+00,2026-06-12 23:33:09.870703+00,,"{""fa"":""نيموس""}",12201,نيموس,
2952,2026-06-12 23:33:09.870703+00,2026-06-12 23:33:09.870703+00,,"{""fa"":""لنگر""}",12202,لنگر,
2953,2026-06-12 23:33:09.876725+00,2026-06-12 23:33:09.876725+00,,"{""fa"":""شيخارو""}",12203,شيخارو,
2954,2026-06-12 23:33:09.876725+00,2026-06-12 23:33:09.876725+00,,"{""fa"":""پاشيمگار""}",12204,پاشيمگار,
2955,2026-06-12 23:33:09.876725+00,2026-06-12 23:33:09.876725+00,,"{""fa"":""رووان""}",12205,رووان,
2956,2026-06-12 23:33:09.876725+00,2026-06-12 23:33:09.876725+00,,"{""fa"":""وانچ""}",12206,وانچ,
2957,2026-06-12 23:33:09.876725+00,2026-06-12 23:33:09.876725+00,,"{""fa"":""جرگه تال""}",12207,جرگه تال,
2958,2026-06-12 23:33:09.876725+00,2026-06-12 23:33:09.876725+00,,"{""fa"":""تاجيكآباد""}",12208,تاجيكآباد,
2959,2026-06-12 23:33:09.876725+00,2026-06-12 23:33:09.876725+00,,"{""fa"":""سنگوار""}",12209,سنگوار,
2960,2026-06-12 23:33:09.876725+00,2026-06-12 23:33:09.876725+00,,"{""fa"":""كورون""}",12210,كورون,
2961,2026-06-12 23:33:09.876725+00,2026-06-12 23:33:09.876725+00,,"{""fa"":""دخيسو""}",12211,دخيسو,
2962,2026-06-12 23:33:09.876725+00,2026-06-12 23:33:09.876725+00,,"{""fa"":""شباخ""}",12212,شباخ,
2963,2026-06-12 23:33:09.876725+00,2026-06-12 23:33:09.876725+00,,"{""fa"":""مچا""}",12213,مچا,
2964,2026-06-12 23:33:09.876725+00,2026-06-12 23:33:09.876725+00,,"{""fa"":""غرم""}",12214,غرم,
2965,2026-06-12 23:33:09.876725+00,2026-06-12 23:33:09.876725+00,,"{""fa"":""گرم""}",12215,گرم,
2966,2026-06-12 23:33:09.876725+00,2026-06-12 23:33:09.876725+00,,"{""fa"":""نوآباد""}",12216,نوآباد,
2967,2026-06-12 23:33:09.876725+00,2026-06-12 23:33:09.876725+00,,"{""fa"":""كومسومال آباد""}",12217,كومسومال آباد,
2968,2026-06-12 23:33:09.876725+00,2026-06-12 23:33:09.876725+00,,"{""fa"":""اوبي گرم""}",12218,اوبي گرم,
2969,2026-06-12 23:33:09.876725+00,2026-06-12 23:33:09.876725+00,,"{""fa"":""قلعه خمب""}",12219,قلعه خمب,
2970,2026-06-12 23:33:09.876725+00,2026-06-12 23:33:09.876725+00,,"{""fa"":""اورجونكيدزه آباد""}",12220,اورجونكيدزه آباد,
2971,2026-06-12 23:33:09.876725+00,2026-06-12 23:33:09.876725+00,,"{""fa"":""نورك""}",12221,نورك,
2972,2026-06-12 23:33:09.876725+00,2026-06-12 23:33:09.876725+00,,"{""fa"":""دنغره""}",12222,دنغره,
2973,2026-06-12 23:33:09.876725+00,2026-06-12 23:33:09.876725+00,,"{""fa"":""كوليب""}",12223,كوليب,
2974,2026-06-12 23:33:09.876725+00,2026-06-12 23:33:09.876725+00,,"{""fa"":""كالنين آباد""}",12224,كالنين آباد,
2975,2026-06-12 23:33:09.876725+00,2026-06-12 23:33:09.876725+00,,"{""fa"":""پرخار""}",12225,پرخار,
2976,2026-06-12 23:33:09.876725+00,2026-06-12 23:33:09.876725+00,,"{""fa"":""پيانج""}",12226,پيانج,
2977,2026-06-12 23:33:09.876725+00,2026-06-12 23:33:09.876725+00,,"{""fa"":""دوستي""}",12227,دوستي,
2978,2026-06-12 23:33:09.876725+00,2026-06-12 23:33:09.876725+00,,"{""fa"":""بكاباد""}",12228,بكاباد,
2979,2026-06-12 23:33:09.876725+00,2026-06-12 23:33:09.876725+00,,"{""fa"":""ظفرآباد""}",12229,ظفرآباد,
2980,2026-06-12 23:33:09.876725+00,2026-06-12 23:33:09.876725+00,,"{""fa"":""اوروتپ""}",12230,اوروتپ,
2981,2026-06-12 23:33:09.876725+00,2026-06-12 23:33:09.876725+00,,"{""fa"":""شاخريستان""}",12231,شاخريستان,
2982,2026-06-12 23:33:09.876725+00,2026-06-12 23:33:09.876725+00,,"{""fa"":""پاستيقوف""}",12232,پاستيقوف,
2983,2026-06-12 23:33:09.876725+00,2026-06-12 23:33:09.876725+00,,"{""fa"":""آيني""}",12233,آيني,
2984,2026-06-12 23:33:09.876725+00,2026-06-12 23:33:09.876725+00,,"{""fa"":""رارز""}",12234,رارز,
2985,2026-06-12 23:33:09.876725+00,2026-06-12 23:33:09.876725+00,,"{""fa"":""انزاب""}",12235,انزاب,
2986,2026-06-12 23:33:09.876725+00,2026-06-12 23:33:09.876725+00,,"{""fa"":""ورزب""}",12236,ورزب,
2987,2026-06-12 23:33:09.876725+00,2026-06-12 23:33:09.876725+00,,"{""fa"":""ساتون""}",12237,ساتون,
2988,2026-06-12 23:33:09.876725+00,2026-06-12 23:33:09.876725+00,,"{""fa"":""نونگ خاي""}",12238,نونگ خاي,
2989,2026-06-12 23:33:09.876725+00,2026-06-12 23:33:09.876725+00,,"{""fa"":""چاياپوم""}",12239,چاياپوم,
2990,2026-06-12 23:33:09.876725+00,2026-06-12 23:33:09.876725+00,,"{""fa"":""سونگ خلا""}",12240,سونگ خلا,
2991,2026-06-12 23:33:09.876725+00,2026-06-12 23:33:09.876725+00,,"{""fa"":""ناخونسيتامارات""}",12241,ناخونسيتامارات,
2992,2026-06-12 23:33:09.876725+00,2026-06-12 23:33:09.876725+00,,"{""fa"":""بانكوك كلوي""}",12242,بانكوك كلوي,
2993,2026-06-12 23:33:09.876725+00,2026-06-12 23:33:09.876725+00,,"{""fa"":""باننايو""}",12243,باننايو,
2994,2026-06-12 23:33:09.876725+00,2026-06-12 23:33:09.876725+00,,"{""fa"":""ساموت پراكان""}",12244,ساموت پراكان,
2995,2026-06-12 23:33:09.876725+00,2026-06-12 23:33:09.876725+00,,"{""fa"":""آيوتايا""}",12245,آيوتايا,
2996,2026-06-12 23:33:09.876725+00,2026-06-12 23:33:09.876725+00,,"{""fa"":""عشقآباد""}",12246,عشقآباد,
2997,2026-06-12 23:33:09.876725+00,2026-06-12 23:33:09.876725+00,,"{""fa"":""كراسنووودسك""}",12247,كراسنووودسك,
2998,2026-06-12 23:33:09.876725+00,2026-06-12 23:33:09.876725+00,,"{""fa"":""بالكان""}",12248,بالكان,
2999,2026-06-12 23:33:09.876725+00,2026-06-12 23:33:09.876725+00,,"{""fa"":""تركمنباشي""}",12249,تركمنباشي,
3000,2026-06-12 23:33:09.876725+00,2026-06-12 23:33:09.876725+00,,"{""fa"":""مرو""}",12250,مرو,
3001,2026-06-12 23:33:09.876725+00,2026-06-12 23:33:09.876725+00,,"{""fa"":""چارجو""}",12251,چارجو,
3002,2026-06-12 23:33:09.876725+00,2026-06-12 23:33:09.876725+00,,"{""fa"":""بايرام علي""}",12252,بايرام علي,
3003,2026-06-12 23:33:09.876725+00,2026-06-12 23:33:09.876725+00,,"{""fa"":""تجن""}",12253,تجن,
3004,2026-06-12 23:33:09.876725+00,2026-06-12 23:33:09.876725+00,,"{""fa"":""آخال""}",12254,آخال,
3005,2026-06-12 23:33:09.876725+00,2026-06-12 23:33:09.876725+00,,"{""fa"":""نبيت داغ""}",12255,نبيت داغ,
3006,2026-06-12 23:33:09.876725+00,2026-06-12 23:33:09.876725+00,,"{""fa"":""قوم داغ""}",12256,قوم داغ,
3007,2026-06-12 23:33:09.876725+00,2026-06-12 23:33:09.876725+00,,"{""fa"":""قزل آروات""}",12257,قزل آروات,
3008,2026-06-12 23:33:09.876725+00,2026-06-12 23:33:09.876725+00,,"{""fa"":""بزمين""}",12258,بزمين,
3009,2026-06-12 23:33:09.876725+00,2026-06-12 23:33:09.876725+00,,"{""fa"":""خيوه""}",12259,خيوه,
3010,2026-06-12 23:33:09.876725+00,2026-06-12 23:33:09.876725+00,,"{""fa"":""كركي""}",12260,كركي,
3011,2026-06-12 23:33:09.876725+00,2026-06-12 23:33:09.876725+00,,"{""fa"":""لباب""}",12261,لباب,
3012,2026-06-12 23:33:09.876725+00,2026-06-12 23:33:09.876725+00,,"{""fa"":""داش حوض""}",12262,داش حوض,
3013,2026-06-12 23:33:09.876725+00,2026-06-12 23:33:09.876725+00,,"{""fa"":""آنشان""}",12263,آنشان,
3014,2026-06-12 23:33:09.876725+00,2026-06-12 23:33:09.876725+00,,"{""fa"":""شانگهاي""}",12264,شانگهاي,
3015,2026-06-12 23:33:09.876725+00,2026-06-12 23:33:09.876725+00,,"{""fa"":""تانگشان""}",12265,تانگشان,
3016,2026-06-12 23:33:09.876725+00,2026-06-12 23:33:09.876725+00,,"{""fa"":""دروژبا""}",12266,دروژبا,
3017,2026-06-12 23:33:09.876725+00,2026-06-12 23:33:09.876725+00,,"{""fa"":""تيانجين""}",12267,تيانجين,
3018,2026-06-12 23:33:09.876725+00,2026-06-12 23:33:09.876725+00,,"{""fa"":""تينتسين""}",12268,تينتسين,
3019,2026-06-12 23:33:09.876725+00,2026-06-12 23:33:09.876725+00,,"{""fa"":""تاچنگ""}",12269,تاچنگ,
3020,2026-06-12 23:33:09.876725+00,2026-06-12 23:33:09.876725+00,,"{""fa"":""چونگچو""}",12270,چونگچو,
3021,2026-06-12 23:33:09.876725+00,2026-06-12 23:33:09.876725+00,,"{""fa"":""تنكيانگ""}",12271,تنكيانگ,
3022,2026-06-12 23:33:09.876725+00,2026-06-12 23:33:09.876725+00,,"{""fa"":""لينهاي""}",12272,لينهاي,
3023,2026-06-12 23:33:09.876725+00,2026-06-12 23:33:09.876725+00,,"{""fa"":""موهه""}",12273,موهه,
3024,2026-06-12 23:33:09.876725+00,2026-06-12 23:33:09.876725+00,,"{""fa"":""يانجي""}",12274,يانجي,
3025,2026-06-12 23:33:09.876725+00,2026-06-12 23:33:09.876725+00,,"{""fa"":""دونهوآ""}",12275,دونهوآ,
3026,2026-06-12 23:33:09.876725+00,2026-06-12 23:33:09.876725+00,,"{""fa"":""گونگ زولينگ""}",12276,گونگ زولينگ,
3027,2026-06-12 23:33:09.876725+00,2026-06-12 23:33:09.876725+00,,"{""fa"":""ميكو""}",12277,ميكو,
3028,2026-06-12 23:33:09.876725+00,2026-06-12 23:33:09.876725+00,,"{""fa"":""بايچنگ""}",12278,بايچنگ,
3029,2026-06-12 23:33:09.876725+00,2026-06-12 23:33:09.876725+00,,"{""fa"":""سيپينگ""}",12279,سيپينگ,
3030,2026-06-12 23:33:09.876725+00,2026-06-12 23:33:09.876725+00,,"{""fa"":""ليائويوآنتيهلينگ""}",12280,ليائويوآنتيهلينگ,
3031,2026-06-12 23:33:09.876725+00,2026-06-12 23:33:09.876725+00,,"{""fa"":""بنسي""}",12281,بنسي,
3032,2026-06-12 23:33:09.876725+00,2026-06-12 23:33:09.876725+00,,"{""fa"":""چيفنگ""}",12282,چيفنگ,
3033,2026-06-12 23:33:09.876725+00,2026-06-12 23:33:09.876725+00,,"{""fa"":""هايچنگ""}",12283,هايچنگ,
3034,2026-06-12 23:33:09.876725+00,2026-06-12 23:33:09.876725+00,,"{""fa"":""يينگ كو""}",12284,يينگ كو,
3035,2026-06-12 23:33:09.876725+00,2026-06-12 23:33:09.876725+00,,"{""fa"":""فوسين""}",12285,فوسين,
3036,2026-06-12 23:33:09.876725+00,2026-06-12 23:33:09.876725+00,,"{""fa"":""چائويانگ""}",12286,چائويانگ,
3037,2026-06-12 23:33:09.876725+00,2026-06-12 23:33:09.876725+00,,"{""fa"":""جينجو""}",12287,جينجو,
3038,2026-06-12 23:33:09.876725+00,2026-06-12 23:33:09.876725+00,,"{""fa"":""جينسي""}",12288,جينسي,
3039,2026-06-12 23:33:09.876725+00,2026-06-12 23:33:09.876725+00,,"{""fa"":""وافانگ ديان""}",12289,وافانگ ديان,
3040,2026-06-12 23:33:09.876725+00,2026-06-12 23:33:09.876725+00,,"{""fa"":""سينجين""}",12290,سينجين,
3041,2026-06-12 23:33:09.876725+00,2026-06-12 23:33:09.876725+00,,"{""fa"":""ارگونيوكي""}",12291,ارگونيوكي,
3042,2026-06-12 23:33:09.876725+00,2026-06-12 23:33:09.876725+00,,"{""fa"":""سوگوئيتكي""}",12292,سوگوئيتكي,
3043,2026-06-12 23:33:09.876725+00,2026-06-12 23:33:09.876725+00,,"{""fa"":""ختن""}",12293,ختن,
3044,2026-06-12 23:33:09.876725+00,2026-06-12 23:33:09.876725+00,,"{""fa"":""بوتاكي""}",12294,بوتاكي,
3045,2026-06-12 23:33:09.876725+00,2026-06-12 23:33:09.876725+00,,"{""fa"":""هايلار""}",12295,هايلار,
3046,2026-06-12 23:33:09.876725+00,2026-06-12 23:33:09.876725+00,,"{""fa"":""آرشان""}",12296,آرشان,
3047,2026-06-12 23:33:09.876725+00,2026-06-12 23:33:09.876725+00,,"{""fa"":""هوركينيوبيكيانكي""}",12297,هوركينيوبيكيانكي,
3048,2026-06-12 23:33:09.876725+00,2026-06-12 23:33:09.876725+00,,"{""fa"":""تونگ ليائو""}",12298,تونگ ليائو,
3049,2026-06-12 23:33:09.876725+00,2026-06-12 23:33:09.876725+00,,"{""fa"":""بيپيائو""}",12299,بيپيائو,
3050,2026-06-12 23:33:09.876725+00,2026-06-12 23:33:09.876725+00,,"{""fa"":""هسيگتنكي""}",12300,هسيگتنكي,
3051,2026-06-12 23:33:09.876725+00,2026-06-12 23:33:09.876725+00,,"{""fa"":""سونيديوكي""}",12301,سونيديوكي,
3052,2026-06-12 23:33:09.876725+00,2026-06-12 23:33:09.876725+00,,"{""fa"":""ارنهورت""}",12302,ارنهورت,
3053,2026-06-12 23:33:09.881389+00,2026-06-12 23:33:09.881389+00,,"{""fa"":""جينينگ""}",12303,جينينگ,
3054,2026-06-12 23:33:09.881389+00,2026-06-12 23:33:09.881389+00,,"{""fa"":""آلتاي""}",12304,آلتاي,
3055,2026-06-12 23:33:09.881389+00,2026-06-12 23:33:09.881389+00,,"{""fa"":""آلاشانيوكي""}",12305,آلاشانيوكي,
3056,2026-06-12 23:33:09.881389+00,2026-06-12 23:33:09.881389+00,,"{""fa"":""اجينكي""}",12306,اجينكي,
3057,2026-06-12 23:33:09.881389+00,2026-06-12 23:33:09.881389+00,,"{""fa"":""اجينقي""}",12307,اجينقي,
3058,2026-06-12 23:33:09.881389+00,2026-06-12 23:33:09.881389+00,,"{""fa"":""چنگ ده""}",12308,چنگ ده,
3059,2026-06-12 23:33:09.881389+00,2026-06-12 23:33:09.881389+00,,"{""fa"":""سوئنهوا""}",12309,سوئنهوا,
3060,2026-06-12 23:33:09.881389+00,2026-06-12 23:33:09.881389+00,,"{""fa"":""كانگ زو""}",12310,كانگ زو,
3061,2026-06-12 23:33:09.881389+00,2026-06-12 23:33:09.881389+00,,"{""fa"":""دزو""}",12311,دزو,
3062,2026-06-12 23:33:09.881389+00,2026-06-12 23:33:09.881389+00,,"{""fa"":""هاندان""}",12312,هاندان,
3063,2026-06-12 23:33:09.881389+00,2026-06-12 23:33:09.881389+00,,"{""fa"":""يانگ كوان""}",12313,يانگ كوان,
3064,2026-06-12 23:33:09.881389+00,2026-06-12 23:33:09.881389+00,,"{""fa"":""يوكي""}",12314,يوكي,
3065,2026-06-12 23:33:09.881389+00,2026-06-12 23:33:09.881389+00,,"{""fa"":""بورقين""}",12315,بورقين,
3066,2026-06-12 23:33:09.881389+00,2026-06-12 23:33:09.881389+00,,"{""fa"":""لينفن""}",12316,لينفن,
3067,2026-06-12 23:33:09.881389+00,2026-06-12 23:33:09.881389+00,,"{""fa"":""چانگچي""}",12317,چانگچي,
3068,2026-06-12 23:33:09.881389+00,2026-06-12 23:33:09.881389+00,,"{""fa"":""بائودينگ""}",12318,بائودينگ,
3069,2026-06-12 23:33:09.881389+00,2026-06-12 23:33:09.881389+00,,"{""fa"":""چانگ چياكو""}",12319,چانگ چياكو,
3070,2026-06-12 23:33:09.881389+00,2026-06-12 23:33:09.881389+00,,"{""fa"":""هزه""}",12320,هزه,
3071,2026-06-12 23:33:09.881389+00,2026-06-12 23:33:09.881389+00,,"{""fa"":""شانگ چيو""}",12321,شانگ چيو,
3072,2026-06-12 23:33:09.881389+00,2026-06-12 23:33:09.881389+00,,"{""fa"":""هسوچو""}",12322,هسوچو,
3073,2026-06-12 23:33:09.881389+00,2026-06-12 23:33:09.881389+00,,"{""fa"":""كايفنگ""}",12323,كايفنگ,
3074,2026-06-12 23:33:09.881389+00,2026-06-12 23:33:09.881389+00,,"{""fa"":""لويانگ""}",12324,لويانگ,
3075,2026-06-12 23:33:09.881389+00,2026-06-12 23:33:09.881389+00,,"{""fa"":""سينيانگ""}",12325,سينيانگ,
3076,2026-06-12 23:33:09.881389+00,2026-06-12 23:33:09.881389+00,,"{""fa"":""نانيانگ""}",12326,نانيانگ,
3077,2026-06-12 23:33:09.881389+00,2026-06-12 23:33:09.881389+00,,"{""fa"":""لينيونگانگ""}",12327,لينيونگانگ,
3078,2026-06-12 23:33:09.881389+00,2026-06-12 23:33:09.881389+00,,"{""fa"":""هوآئين""}",12328,هوآئين,
3079,2026-06-12 23:33:09.881389+00,2026-06-12 23:33:09.881389+00,,"{""fa"":""روگائو""}",12329,روگائو,
3080,2026-06-12 23:33:09.881389+00,2026-06-12 23:33:09.881389+00,,"{""fa"":""سوچو""}",12330,سوچو,
3081,2026-06-12 23:33:09.881389+00,2026-06-12 23:33:09.881389+00,,"{""fa"":""سوزو""}",12331,سوزو,
3082,2026-06-12 23:33:09.881389+00,2026-06-12 23:33:09.881389+00,,"{""fa"":""يوچو""}",12332,يوچو,
3083,2026-06-12 23:33:09.881389+00,2026-06-12 23:33:09.881389+00,,"{""fa"":""ووهو""}",12333,ووهو,
3084,2026-06-12 23:33:09.881389+00,2026-06-12 23:33:09.881389+00,,"{""fa"":""لوآن""}",12334,لوآن,
3085,2026-06-12 23:33:09.881389+00,2026-06-12 23:33:09.881389+00,,"{""fa"":""آنچينگ""}",12335,آنچينگ,
3086,2026-06-12 23:33:09.881389+00,2026-06-12 23:33:09.881389+00,,"{""fa"":""نانچونگ""}",12336,نانچونگ,
3087,2026-06-12 23:33:09.881389+00,2026-06-12 23:33:09.881389+00,,"{""fa"":""هانگ شان""}",12337,هانگ شان,
3088,2026-06-12 23:33:09.881389+00,2026-06-12 23:33:09.881389+00,,"{""fa"":""هوانگ شي""}",12338,هوانگ شي,
3089,2026-06-12 23:33:09.881389+00,2026-06-12 23:33:09.881389+00,,"{""fa"":""شائوسينگ""}",12339,شائوسينگ,
3090,2026-06-12 23:33:09.881389+00,2026-06-12 23:33:09.881389+00,,"{""fa"":""جينهوآ""}",12340,جينهوآ,
3091,2026-06-12 23:33:09.881389+00,2026-06-12 23:33:09.881389+00,,"{""fa"":""كوچو""}",12341,كوچو,
3092,2026-06-12 23:33:09.881389+00,2026-06-12 23:33:09.881389+00,,"{""fa"":""شانگ رائو""}",12342,شانگ رائو,
3093,2026-06-12 23:33:09.881389+00,2026-06-12 23:33:09.881389+00,,"{""fa"":""لينچوآن""}",12343,لينچوآن,
3094,2026-06-12 23:33:09.881389+00,2026-06-12 23:33:09.881389+00,,"{""fa"":""ونچو""}",12344,ونچو,
3095,2026-06-12 23:33:09.881389+00,2026-06-12 23:33:09.881389+00,,"{""fa"":""كينگدچن""}",12345,كينگدچن,
3096,2026-06-12 23:33:09.881389+00,2026-06-12 23:33:09.881389+00,,"{""fa"":""ووهسي""}",12346,ووهسي,
3097,2026-06-12 23:33:09.881389+00,2026-06-12 23:33:09.881389+00,,"{""fa"":""ووچان""}",12347,ووچان,
3098,2026-06-12 23:33:09.881389+00,2026-06-12 23:33:09.881389+00,,"{""fa"":""كيوكيانگ""}",12348,كيوكيانگ,
3099,2026-06-12 23:33:09.881389+00,2026-06-12 23:33:09.881389+00,,"{""fa"":""پينگسيانگ""}",12349,پينگسيانگ,
3100,2026-06-12 23:33:09.881389+00,2026-06-12 23:33:09.881389+00,,"{""fa"":""سينيو""}",12350,سينيو,
3101,2026-06-12 23:33:09.881389+00,2026-06-12 23:33:09.881389+00,,"{""fa"":""چانگچو""}",12351,چانگچو,
3102,2026-06-12 23:33:09.881389+00,2026-06-12 23:33:09.881389+00,,"{""fa"":""نانپينگ""}",12352,نانپينگ,
3103,2026-06-12 23:33:09.881389+00,2026-06-12 23:33:09.881389+00,,"{""fa"":""گانچو""}",12353,گانچو,
3104,2026-06-12 23:33:09.881389+00,2026-06-12 23:33:09.881389+00,,"{""fa"":""يونگآن""}",12354,يونگآن,
3105,2026-06-12 23:33:09.881389+00,2026-06-12 23:33:09.881389+00,,"{""fa"":""لانگ يان""}",12355,لانگ يان,
3106,2026-06-12 23:33:09.881389+00,2026-06-12 23:33:09.881389+00,,"{""fa"":""كوان چو""}",12356,كوان چو,
3107,2026-06-12 23:33:09.881389+00,2026-06-12 23:33:09.881389+00,,"{""fa"":""آموي""}",12357,آموي,
3108,2026-06-12 23:33:09.881389+00,2026-06-12 23:33:09.881389+00,,"{""fa"":""ووهان""}",12358,ووهان,
3109,2026-06-12 23:33:09.881389+00,2026-06-12 23:33:09.881389+00,,"{""fa"":""هيامن""}",12359,هيامن,
3110,2026-06-12 23:33:09.881389+00,2026-06-12 23:33:09.881389+00,,"{""fa"":""چائوچو""}",12360,چائوچو,
3111,2026-06-12 23:33:09.881389+00,2026-06-12 23:33:09.881389+00,,"{""fa"":""شانتو""}",12361,شانتو,
3112,2026-06-12 23:33:09.881389+00,2026-06-12 23:33:09.881389+00,,"{""fa"":""ميسيان""}",12362,ميسيان,
3113,2026-06-12 23:33:09.881389+00,2026-06-12 23:33:09.881389+00,,"{""fa"":""دونگگوآن""}",12363,دونگگوآن,
3114,2026-06-12 23:33:09.881389+00,2026-06-12 23:33:09.881389+00,,"{""fa"":""هويچو""}",12364,هويچو,
3115,2026-06-12 23:33:09.881389+00,2026-06-12 23:33:09.881389+00,,"{""fa"":""شنجن""}",12365,شنجن,
3116,2026-06-12 23:33:09.881389+00,2026-06-12 23:33:09.881389+00,,"{""fa"":""چونگشان""}",12366,چونگشان,
3117,2026-06-12 23:33:09.881389+00,2026-06-12 23:33:09.881389+00,,"{""fa"":""هوبي""}",12368,هوبي,
3118,2026-06-12 23:33:09.881389+00,2026-06-12 23:33:09.881389+00,,"{""fa"":""مائومينگ""}",12369,مائومينگ,
3119,2026-06-12 23:33:09.881389+00,2026-06-12 23:33:09.881389+00,,"{""fa"":""چانچيانگ""}",12370,چانچيانگ,
3120,2026-06-12 23:33:09.881389+00,2026-06-12 23:33:09.881389+00,,"{""fa"":""بيهاي""}",12371,بيهاي,
3121,2026-06-12 23:33:09.881389+00,2026-06-12 23:33:09.881389+00,,"{""fa"":""كينزو""}",12372,كينزو,
3122,2026-06-12 23:33:09.881389+00,2026-06-12 23:33:09.881389+00,,"{""fa"":""ليوچو""}",12373,ليوچو,
3123,2026-06-12 23:33:09.881389+00,2026-06-12 23:33:09.881389+00,,"{""fa"":""ايشان""}",12374,ايشان,
3124,2026-06-12 23:33:09.881389+00,2026-06-12 23:33:09.881389+00,,"{""fa"":""بوس""}",12375,بوس,
3125,2026-06-12 23:33:09.881389+00,2026-06-12 23:33:09.881389+00,,"{""fa"":""گويلين""}",12376,گويلين,
3126,2026-06-12 23:33:09.881389+00,2026-06-12 23:33:09.881389+00,,"{""fa"":""چائوگوآن""}",12377,چائوگوآن,
3127,2026-06-12 23:33:09.881389+00,2026-06-12 23:33:09.881389+00,,"{""fa"":""فوشان""}",12378,فوشان,
3128,2026-06-12 23:33:09.881389+00,2026-06-12 23:33:09.881389+00,,"{""fa"":""هپلونگ كيانگ""}",12379,هپلونگ كيانگ,
3129,2026-06-12 23:33:09.881389+00,2026-06-12 23:33:09.881389+00,,"{""fa"":""يولين""}",12380,يولين,
3130,2026-06-12 23:33:09.881389+00,2026-06-12 23:33:09.881389+00,,"{""fa"":""سينان""}",12381,سينان,
3131,2026-06-12 23:33:09.881389+00,2026-06-12 23:33:09.881389+00,,"{""fa"":""زوني""}",12382,زوني,
3132,2026-06-12 23:33:09.881389+00,2026-06-12 23:33:09.881389+00,,"{""fa"":""دويون""}",12383,دويون,
3133,2026-06-12 23:33:09.881389+00,2026-06-12 23:33:09.881389+00,,"{""fa"":""آنشون""}",12384,آنشون,
3134,2026-06-12 23:33:09.881389+00,2026-06-12 23:33:09.881389+00,,"{""fa"":""كوجينگ""}",12385,كوجينگ,
3135,2026-06-12 23:33:09.881389+00,2026-06-12 23:33:09.881389+00,,"{""fa"":""منگ زي""}",12386,منگ زي,
3136,2026-06-12 23:33:09.881389+00,2026-06-12 23:33:09.881389+00,,"{""fa"":""هاجيانگ""}",12387,هاجيانگ,
3137,2026-06-12 23:33:09.881389+00,2026-06-12 23:33:09.881389+00,,"{""fa"":""لايجو""}",12388,لايجو,
3138,2026-06-12 23:33:09.881389+00,2026-06-12 23:33:09.881389+00,,"{""fa"":""جينگ هونگ""}",12389,جينگ هونگ,
3139,2026-06-12 23:33:09.881389+00,2026-06-12 23:33:09.881389+00,,"{""fa"":""هاربين""}",12390,هاربين,
3140,2026-06-12 23:33:09.881389+00,2026-06-12 23:33:09.881389+00,,"{""fa"":""پوئر""}",12391,پوئر,
3141,2026-06-12 23:33:09.881389+00,2026-06-12 23:33:09.881389+00,,"{""fa"":""دالي""}",12392,دالي,
3142,2026-06-12 23:33:09.881389+00,2026-06-12 23:33:09.881389+00,,"{""fa"":""لينكانگ""}",12393,لينكانگ,
3143,2026-06-12 23:33:09.881389+00,2026-06-12 23:33:09.881389+00,,"{""fa"":""ويسي""}",12394,ويسي,
3144,2026-06-12 23:33:09.881389+00,2026-06-12 23:33:09.881389+00,,"{""fa"":""فولينگ""}",12395,فولينگ,
3145,2026-06-12 23:33:09.881389+00,2026-06-12 23:33:09.881389+00,,"{""fa"":""انيانگ""}",12396,انيانگ,
3146,2026-06-12 23:33:09.881389+00,2026-06-12 23:33:09.881389+00,,"{""fa"":""كيان""}",12397,كيان,
3147,2026-06-12 23:33:09.881389+00,2026-06-12 23:33:09.881389+00,,"{""fa"":""بائوشان""}",12398,بائوشان,
3148,2026-06-12 23:33:09.881389+00,2026-06-12 23:33:09.881389+00,,"{""fa"":""سيچانگ""}",12399,سيچانگ,
3149,2026-06-12 23:33:09.881389+00,2026-06-12 23:33:09.881389+00,,"{""fa"":""ليتانگ""}",12400,ليتانگ,
3150,2026-06-12 23:33:09.881389+00,2026-06-12 23:33:09.881389+00,,"{""fa"":""تسيتسيهار""}",12401,تسيتسيهار,
3151,2026-06-12 23:33:09.881389+00,2026-06-12 23:33:09.881389+00,,"{""fa"":""ووتونگ كيائو""}",12402,ووتونگ كيائو,
3152,2026-06-12 23:33:09.881389+00,2026-06-12 23:33:09.881389+00,,"{""fa"":""لشان""}",12403,لشان,
3153,2026-06-12 23:33:09.88645+00,2026-06-12 23:33:09.88645+00,,"{""fa"":""ياآن""}",12404,ياآن,
3154,2026-06-12 23:33:09.88645+00,2026-06-12 23:33:09.88645+00,,"{""fa"":""گازر""}",12405,گازر,
3155,2026-06-12 23:33:09.88645+00,2026-06-12 23:33:09.88645+00,,"{""fa"":""ونچوآن""}",12406,ونچوآن,
3156,2026-06-12 23:33:09.88645+00,2026-06-12 23:33:09.88645+00,,"{""fa"":""آبا""}",12407,آبا,
3157,2026-06-12 23:33:09.88645+00,2026-06-12 23:33:09.88645+00,,"{""fa"":""ايبين""}",12408,ايبين,
3158,2026-06-12 23:33:09.88645+00,2026-06-12 23:33:09.88645+00,,"{""fa"":""زيگونگ""}",12409,زيگونگ,
3159,2026-06-12 23:33:09.88645+00,2026-06-12 23:33:09.88645+00,,"{""fa"":""نيكيانگ""}",12410,نيكيانگ,
3160,2026-06-12 23:33:09.88645+00,2026-06-12 23:33:09.88645+00,,"{""fa"":""ميانيانگ""}",12411,ميانيانگ,
3161,2026-06-12 23:33:09.88645+00,2026-06-12 23:33:09.88645+00,,"{""fa"":""ايچون""}",12412,ايچون,
3162,2026-06-12 23:33:09.88645+00,2026-06-12 23:33:09.88645+00,,"{""fa"":""گوآنگ يوآن""}",12413,گوآنگ يوآن,
3163,2026-06-12 23:33:09.88645+00,2026-06-12 23:33:09.88645+00,,"{""fa"":""هانچونگ""}",12414,هانچونگ,
3164,2026-06-12 23:33:09.88645+00,2026-06-12 23:33:09.88645+00,,"{""fa"":""وانسيان""}",12415,وانسيان,
3165,2026-06-12 23:33:09.88645+00,2026-06-12 23:33:09.88645+00,,"{""fa"":""دوكو""}",12416,دوكو,
3166,2026-06-12 23:33:09.88645+00,2026-06-12 23:33:09.88645+00,,"{""fa"":""لايچو""}",12417,لايچو,
3167,2026-06-12 23:33:09.88645+00,2026-06-12 23:33:09.88645+00,,"{""fa"":""گجيو""}",12418,گجيو,
3168,2026-06-12 23:33:09.88645+00,2026-06-12 23:33:09.88645+00,,"{""fa"":""چوچو""}",12419,چوچو,
3169,2026-06-12 23:33:09.88645+00,2026-06-12 23:33:09.88645+00,,"{""fa"":""هنگيانگ""}",12420,هنگيانگ,
3170,2026-06-12 23:33:09.88645+00,2026-06-12 23:33:09.88645+00,,"{""fa"":""چنچو""}",12421,چنچو,
3171,2026-06-12 23:33:09.88645+00,2026-06-12 23:33:09.88645+00,,"{""fa"":""سيانگتان""}",12422,سيانگتان,
3172,2026-06-12 23:33:09.88645+00,2026-06-12 23:33:09.88645+00,,"{""fa"":""جيلين""}",12423,جيلين,
3173,2026-06-12 23:33:09.88645+00,2026-06-12 23:33:09.88645+00,,"{""fa"":""شائويانگ""}",12424,شائويانگ,
3174,2026-06-12 23:33:09.88645+00,2026-06-12 23:33:09.88645+00,,"{""fa"":""چانگده""}",12425,چانگده,
3175,2026-06-12 23:33:09.88645+00,2026-06-12 23:33:09.88645+00,,"{""fa"":""بييانگ""}",12426,بييانگ,
3176,2026-06-12 23:33:09.88645+00,2026-06-12 23:33:09.88645+00,,"{""fa"":""جينگمن""}",12427,جينگمن,
3177,2026-06-12 23:33:09.88645+00,2026-06-12 23:33:09.88645+00,,"{""fa"":""سياننينگ""}",12428,سياننينگ,
3178,2026-06-12 23:33:09.88645+00,2026-06-12 23:33:09.88645+00,,"{""fa"":""سيانگفان""}",12429,سيانگفان,
3179,2026-06-12 23:33:09.88645+00,2026-06-12 23:33:09.88645+00,,"{""fa"":""باندونگ""}",12430,باندونگ,
3180,2026-06-12 23:33:09.88645+00,2026-06-12 23:33:09.88645+00,,"{""fa"":""وينان""}",12431,وينان,
3181,2026-06-12 23:33:09.88645+00,2026-06-12 23:33:09.88645+00,,"{""fa"":""سيانيانگ""}",12432,سيانيانگ,
3182,2026-06-12 23:33:09.88645+00,2026-06-12 23:33:09.88645+00,,"{""fa"":""پينگليانگ""}",12433,پينگليانگ,
3183,2026-06-12 23:33:09.88645+00,2026-06-12 23:33:09.88645+00,,"{""fa"":""چانگچون""}",12434,چانگچون,
3184,2026-06-12 23:33:09.88645+00,2026-06-12 23:33:09.88645+00,,"{""fa"":""سويده""}",12435,سويده,
3185,2026-06-12 23:33:09.88645+00,2026-06-12 23:33:09.88645+00,,"{""fa"":""كينگيانگ""}",12436,كينگيانگ,
3186,2026-06-12 23:33:09.88645+00,2026-06-12 23:33:09.88645+00,,"{""fa"":""ووژونگ""}",12437,ووژونگ,
3187,2026-06-12 23:33:09.88645+00,2026-06-12 23:33:09.88645+00,,"{""fa"":""گوييان""}",12438,گوييان,
3188,2026-06-12 23:33:09.88645+00,2026-06-12 23:33:09.88645+00,,"{""fa"":""تيانشو""}",12439,تيانشو,
3189,2026-06-12 23:33:09.88645+00,2026-06-12 23:33:09.88645+00,,"{""fa"":""مينسيان""}",12440,مينسيان,
3190,2026-06-12 23:33:09.88645+00,2026-06-12 23:33:09.88645+00,,"{""fa"":""لينسيا""}",12441,لينسيا,
3191,2026-06-12 23:33:09.88645+00,2026-06-12 23:33:09.88645+00,,"{""fa"":""جينچانگ""}",12442,جينچانگ,
3192,2026-06-12 23:33:09.88645+00,2026-06-12 23:33:09.88645+00,,"{""fa"":""ووي""}",12443,ووي,
3193,2026-06-12 23:33:09.88645+00,2026-06-12 23:33:09.88645+00,,"{""fa"":""داقوآ""}",12444,داقوآ,
3194,2026-06-12 23:33:09.88645+00,2026-06-12 23:33:09.88645+00,,"{""fa"":""ليائونپنگ""}",12445,ليائونپنگ,
3195,2026-06-12 23:33:09.88645+00,2026-06-12 23:33:09.88645+00,,"{""fa"":""آنهسي""}",12446,آنهسي,
3196,2026-06-12 23:33:09.88645+00,2026-06-12 23:33:09.88645+00,,"{""fa"":""يومن""}",12447,يومن,
3197,2026-06-12 23:33:09.88645+00,2026-06-12 23:33:09.88645+00,,"{""fa"":""تيانجون""}",12448,تيانجون,
3198,2026-06-12 23:33:09.88645+00,2026-06-12 23:33:09.88645+00,,"{""fa"":""كاكا""}",12449,كاكا,
3199,2026-06-12 23:33:09.88645+00,2026-06-12 23:33:09.88645+00,,"{""fa"":""مانگناي""}",12450,مانگناي,
3200,2026-06-12 23:33:09.88645+00,2026-06-12 23:33:09.88645+00,,"{""fa"":""گلمد""}",12451,گلمد,
3201,2026-06-12 23:33:09.88645+00,2026-06-12 23:33:09.88645+00,,"{""fa"":""داكيدام""}",12452,داكيدام,
3202,2026-06-12 23:33:09.88645+00,2026-06-12 23:33:09.88645+00,,"{""fa"":""قمدو""}",12453,قمدو,
3203,2026-06-12 23:33:09.88645+00,2026-06-12 23:33:09.88645+00,,"{""fa"":""نينگچي""}",12454,نينگچي,
3204,2026-06-12 23:33:09.88645+00,2026-06-12 23:33:09.88645+00,,"{""fa"":""ندونگ""}",12455,ندونگ,
3205,2026-06-12 23:33:09.88645+00,2026-06-12 23:33:09.88645+00,,"{""fa"":""فوشون""}",12456,فوشون,
3206,2026-06-12 23:33:09.88645+00,2026-06-12 23:33:09.88645+00,,"{""fa"":""كيانگتسه""}",12457,كيانگتسه,
3207,2026-06-12 23:33:09.88645+00,2026-06-12 23:33:09.88645+00,,"{""fa"":""شيگاتسه""}",12458,شيگاتسه,
3208,2026-06-12 23:33:09.88645+00,2026-06-12 23:33:09.88645+00,,"{""fa"":""لاتسه""}",12459,لاتسه,
3209,2026-06-12 23:33:09.88645+00,2026-06-12 23:33:09.88645+00,,"{""fa"":""بارگا""}",12460,بارگا,
3210,2026-06-12 23:33:09.88645+00,2026-06-12 23:33:09.88645+00,,"{""fa"":""گيگياي""}",12461,گيگياي,
3211,2026-06-12 23:33:09.88645+00,2026-06-12 23:33:09.88645+00,,"{""fa"":""ناپوگ""}",12462,ناپوگ,
3212,2026-06-12 23:33:09.88645+00,2026-06-12 23:33:09.88645+00,,"{""fa"":""شيقوآنهه""}",12463,شيقوآنهه,
3213,2026-06-12 23:33:09.88645+00,2026-06-12 23:33:09.88645+00,,"{""fa"":""ناگقو""}",12464,ناگقو,
3214,2026-06-12 23:33:09.88645+00,2026-06-12 23:33:09.88645+00,,"{""fa"":""روقيانگ""}",12465,روقيانگ,
3215,2026-06-12 23:33:09.88645+00,2026-06-12 23:33:09.88645+00,,"{""fa"":""مينفنگ""}",12466,مينفنگ,
3216,2026-06-12 23:33:09.88645+00,2026-06-12 23:33:09.88645+00,,"{""fa"":""داليان""}",12467,داليان,
3217,2026-06-12 23:33:09.88645+00,2026-06-12 23:33:09.88645+00,,"{""fa"":""يچنگ""}",12468,يچنگ,
3218,2026-06-12 23:33:09.88645+00,2026-06-12 23:33:09.88645+00,,"{""fa"":""باچو""}",12469,باچو,
3219,2026-06-12 23:33:09.88645+00,2026-06-12 23:33:09.88645+00,,"{""fa"":""ياركند""}",12470,ياركند,
3220,2026-06-12 23:33:09.88645+00,2026-06-12 23:33:09.88645+00,,"{""fa"":""سوچه""}",12471,سوچه,
3221,2026-06-12 23:33:09.88645+00,2026-06-12 23:33:09.88645+00,,"{""fa"":""يانقي""}",12472,يانقي,
3222,2026-06-12 23:33:09.88645+00,2026-06-12 23:33:09.88645+00,,"{""fa"":""تورپان""}",12473,تورپان,
3223,2026-06-12 23:33:09.88645+00,2026-06-12 23:33:09.88645+00,,"{""fa"":""قيجيااوجينگ""}",12474,قيجيااوجينگ,
3224,2026-06-12 23:33:09.88645+00,2026-06-12 23:33:09.88645+00,,"{""fa"":""قيتاي""}",12475,قيتاي,
3225,2026-06-12 23:33:09.88645+00,2026-06-12 23:33:09.88645+00,,"{""fa"":""چانگ جي""}",12476,چانگ جي,
3226,2026-06-12 23:33:09.88645+00,2026-06-12 23:33:09.88645+00,,"{""fa"":""شيهزي""}",12477,شيهزي,
3227,2026-06-12 23:33:09.88645+00,2026-06-12 23:33:09.88645+00,,"{""fa"":""هبي""}",12478,هبي,
3228,2026-06-12 23:33:09.88645+00,2026-06-12 23:33:09.88645+00,,"{""fa"":""كويتون""}",12479,كويتون,
3229,2026-06-12 23:33:09.88645+00,2026-06-12 23:33:09.88645+00,,"{""fa"":""اينينگ""}",12480,اينينگ,
3230,2026-06-12 23:33:09.88645+00,2026-06-12 23:33:09.88645+00,,"{""fa"":""شيهچياچوانگ""}",12481,شيهچياچوانگ,
3231,2026-06-12 23:33:09.88645+00,2026-06-12 23:33:09.88645+00,,"{""fa"":""شنسي""}",12482,شنسي,
3232,2026-06-12 23:33:09.88645+00,2026-06-12 23:33:09.88645+00,,"{""fa"":""تييوآن""}",12483,تييوآن,
3233,2026-06-12 23:33:09.88645+00,2026-06-12 23:33:09.88645+00,,"{""fa"":""شاندونگ""}",12484,شاندونگ,
3234,2026-06-12 23:33:09.88645+00,2026-06-12 23:33:09.88645+00,,"{""fa"":""جينان""}",12485,جينان,
3235,2026-06-12 23:33:09.88645+00,2026-06-12 23:33:09.88645+00,,"{""fa"":""زيبو""}",12486,زيبو,
3236,2026-06-12 23:33:09.88645+00,2026-06-12 23:33:09.88645+00,,"{""fa"":""تسينگ تائو""}",12487,تسينگ تائو,
3237,2026-06-12 23:33:09.88645+00,2026-06-12 23:33:09.88645+00,,"{""fa"":""جيانگ سو""}",12488,جيانگ سو,
3238,2026-06-12 23:33:09.88645+00,2026-06-12 23:33:09.88645+00,,"{""fa"":""نانكن""}",12489,نانكن,
3239,2026-06-12 23:33:09.88645+00,2026-06-12 23:33:09.88645+00,,"{""fa"":""زههجيانگ""}",12490,زههجيانگ,
3240,2026-06-12 23:33:09.88645+00,2026-06-12 23:33:09.88645+00,,"{""fa"":""هانگچو""}",12491,هانگچو,
3241,2026-06-12 23:33:09.88645+00,2026-06-12 23:33:09.88645+00,,"{""fa"":""فوجيان""}",12492,فوجيان,
3242,2026-06-12 23:33:09.88645+00,2026-06-12 23:33:09.88645+00,,"{""fa"":""فوچو""}",12493,فوچو,
3243,2026-06-12 23:33:09.88645+00,2026-06-12 23:33:09.88645+00,,"{""fa"":""كوآنگ دونگ""}",12494,كوآنگ دونگ,
3244,2026-06-12 23:33:09.88645+00,2026-06-12 23:33:09.88645+00,,"{""fa"":""كانتون""}",12495,كانتون,
3245,2026-06-12 23:33:09.88645+00,2026-06-12 23:33:09.88645+00,,"{""fa"":""گوانگژو""}",12496,گوانگژو,
3246,2026-06-12 23:33:09.88645+00,2026-06-12 23:33:09.88645+00,,"{""fa"":""نانچانگ""}",12497,نانچانگ,
3247,2026-06-12 23:33:09.88645+00,2026-06-12 23:33:09.88645+00,,"{""fa"":""آنهوي""}",12498,آنهوي,
3248,2026-06-12 23:33:09.88645+00,2026-06-12 23:33:09.88645+00,,"{""fa"":""هفي""}",12499,هفي,
3249,2026-06-12 23:33:09.88645+00,2026-06-12 23:33:09.88645+00,,"{""fa"":""هونان""}",12500,هونان,
3250,2026-06-12 23:33:09.88645+00,2026-06-12 23:33:09.88645+00,,"{""fa"":""چانگشا""}",12501,چانگشا,
3251,2026-06-12 23:33:09.88645+00,2026-06-12 23:33:09.88645+00,,"{""fa"":""گوآنگسي""}",12502,گوآنگسي,
3252,2026-06-12 23:33:09.88645+00,2026-06-12 23:33:09.88645+00,,"{""fa"":""ناننينگ""}",12503,ناننينگ,
3253,2026-06-12 23:33:09.892364+00,2026-06-12 23:33:09.892364+00,,"{""fa"":""هاينان""}",12504,هاينان,
3254,2026-06-12 23:33:09.892364+00,2026-06-12 23:33:09.892364+00,,"{""fa"":""هايكو""}",12505,هايكو,
3255,2026-06-12 23:33:09.892364+00,2026-06-12 23:33:09.892364+00,,"{""fa"":""هنان""}",12506,هنان,
3256,2026-06-12 23:33:09.892364+00,2026-06-12 23:33:09.892364+00,,"{""fa"":""شاآنسي""}",12507,شاآنسي,
3257,2026-06-12 23:33:09.892364+00,2026-06-12 23:33:09.892364+00,,"{""fa"":""سيان""}",12508,سيان,
3258,2026-06-12 23:33:09.892364+00,2026-06-12 23:33:09.892364+00,,"{""fa"":""گانسو""}",12509,گانسو,
3259,2026-06-12 23:33:09.892364+00,2026-06-12 23:33:09.892364+00,,"{""fa"":""لان چو""}",12510,لان چو,
3260,2026-06-12 23:33:09.892364+00,2026-06-12 23:33:09.892364+00,,"{""fa"":""نينگ سيا""}",12511,نينگ سيا,
3261,2026-06-12 23:33:09.892364+00,2026-06-12 23:33:09.892364+00,,"{""fa"":""اينچوآن""}",12512,اينچوآن,
3262,2026-06-12 23:33:09.892364+00,2026-06-12 23:33:09.892364+00,,"{""fa"":""دينگبيان""}",12513,دينگبيان,
3263,2026-06-12 23:33:09.892364+00,2026-06-12 23:33:09.892364+00,,"{""fa"":""گوئيسو""}",12514,گوئيسو,
3264,2026-06-12 23:33:09.892364+00,2026-06-12 23:33:09.892364+00,,"{""fa"":""گويانگ""}",12515,گويانگ,
3265,2026-06-12 23:33:09.892364+00,2026-06-12 23:33:09.892364+00,,"{""fa"":""كون مينگ""}",12516,كون مينگ,
3266,2026-06-12 23:33:09.892364+00,2026-06-12 23:33:09.892364+00,,"{""fa"":""سيچوآن""}",12517,سيچوآن,
3267,2026-06-12 23:33:09.892364+00,2026-06-12 23:33:09.892364+00,,"{""fa"":""چنگتو""}",12518,چنگتو,
3268,2026-06-12 23:33:09.892364+00,2026-06-12 23:33:09.892364+00,,"{""fa"":""گينگ هاي""}",12519,گينگ هاي,
3269,2026-06-12 23:33:09.892364+00,2026-06-12 23:33:09.892364+00,,"{""fa"":""سينينگ""}",12520,سينينگ,
3270,2026-06-12 23:33:09.892364+00,2026-06-12 23:33:09.892364+00,,"{""fa"":""سين كيانگ""}",12521,سين كيانگ,
3271,2026-06-12 23:33:09.892364+00,2026-06-12 23:33:09.892364+00,,"{""fa"":""اورومقي""}",12522,اورومقي,
3272,2026-06-12 23:33:09.892364+00,2026-06-12 23:33:09.892364+00,,"{""fa"":""اورومچي""}",12523,اورومچي,
3273,2026-06-12 23:33:09.892364+00,2026-06-12 23:33:09.892364+00,,"{""fa"":""هامي""}",12524,هامي,
3274,2026-06-12 23:33:09.892364+00,2026-06-12 23:33:09.892364+00,,"{""fa"":""زنگريه""}",12525,زنگريه,
3275,2026-06-12 23:33:09.892364+00,2026-06-12 23:33:09.892364+00,,"{""fa"":""كاراماي""}",12526,كاراماي,
3276,2026-06-12 23:33:09.892364+00,2026-06-12 23:33:09.892364+00,,"{""fa"":""كورلا""}",12527,كورلا,
3277,2026-06-12 23:33:09.892364+00,2026-06-12 23:33:09.892364+00,,"{""fa"":""آقسو""}",12528,آقسو,
3278,2026-06-12 23:33:09.892364+00,2026-06-12 23:33:09.892364+00,,"{""fa"":""كاشغر""}",12529,كاشغر,
3279,2026-06-12 23:33:09.892364+00,2026-06-12 23:33:09.892364+00,,"{""fa"":""كاشي""}",12530,كاشي,
3280,2026-06-12 23:33:09.892364+00,2026-06-12 23:33:09.892364+00,,"{""fa"":""تبت""}",12531,تبت,
3281,2026-06-12 23:33:09.892364+00,2026-06-12 23:33:09.892364+00,,"{""fa"":""لاسا""}",12532,لاسا,
3282,2026-06-12 23:33:09.892364+00,2026-06-12 23:33:09.892364+00,,"{""fa"":""لهاسا""}",12533,لهاسا,
3283,2026-06-12 23:33:09.892364+00,2026-06-12 23:33:09.892364+00,,"{""fa"":""فويوآن""}",12534,فويوآن,
3284,2026-06-12 23:33:09.892364+00,2026-06-12 23:33:09.892364+00,,"{""fa"":""شوانگياشان""}",12535,شوانگياشان,
3285,2026-06-12 23:33:09.892364+00,2026-06-12 23:33:09.892364+00,,"{""fa"":""ژياموزي""}",12536,ژياموزي,
3286,2026-06-12 23:33:09.892364+00,2026-06-12 23:33:09.892364+00,,"{""fa"":""ميشان""}",12537,ميشان,
3287,2026-06-12 23:33:09.892364+00,2026-06-12 23:33:09.892364+00,,"{""fa"":""ژيكسي""}",12538,ژيكسي,
3288,2026-06-12 23:33:09.892364+00,2026-06-12 23:33:09.892364+00,,"{""fa"":""موتانكيانگ""}",12539,موتانكيانگ,
3289,2026-06-12 23:33:09.892364+00,2026-06-12 23:33:09.892364+00,,"{""fa"":""آچنگ""}",12540,آچنگ,
3290,2026-06-12 23:33:09.892364+00,2026-06-12 23:33:09.892364+00,,"{""fa"":""بولي""}",12541,بولي,
3291,2026-06-12 23:33:09.892364+00,2026-06-12 23:33:09.892364+00,,"{""fa"":""سويهوآ""}",12542,سويهوآ,
3292,2026-06-12 23:33:09.892364+00,2026-06-12 23:33:09.892364+00,,"{""fa"":""تيهلي""}",12543,تيهلي,
3293,2026-06-12 23:33:09.892364+00,2026-06-12 23:33:09.892364+00,,"{""fa"":""بيان""}",12544,بيان,
3294,2026-06-12 23:33:09.892364+00,2026-06-12 23:33:09.892364+00,,"{""fa"":""آندا""}",12545,آندا,
3295,2026-06-12 23:33:09.892364+00,2026-06-12 23:33:09.892364+00,,"{""fa"":""زائودونگ""}",12546,زائودونگ,
3296,2026-06-12 23:33:09.892364+00,2026-06-12 23:33:09.892364+00,,"{""fa"":""داكينگ""}",12547,داكينگ,
3297,2026-06-12 23:33:09.892364+00,2026-06-12 23:33:09.892364+00,,"{""fa"":""نونكيانگ""}",12548,نونكيانگ,
3298,2026-06-12 23:33:09.892364+00,2026-06-12 23:33:09.892364+00,,"{""fa"":""هيهه""}",12549,هيهه,
3299,2026-06-12 23:33:09.892364+00,2026-06-12 23:33:09.892364+00,,"{""fa"":""آيهوي""}",12550,آيهوي,
3300,2026-06-12 23:33:09.892364+00,2026-06-12 23:33:09.892364+00,,"{""fa"":""اوزاكا""}",12551,اوزاكا,
3301,2026-06-12 23:33:09.892364+00,2026-06-12 23:33:09.892364+00,,"{""fa"":""هيروشيما""}",12552,هيروشيما,
3302,2026-06-12 23:33:09.892364+00,2026-06-12 23:33:09.892364+00,,"{""fa"":""هيوگا""}",12553,هيوگا,
3303,2026-06-12 23:33:09.892364+00,2026-06-12 23:33:09.892364+00,,"{""fa"":""كيوشو""}",12554,كيوشو,
3304,2026-06-12 23:33:09.892364+00,2026-06-12 23:33:09.892364+00,,"{""fa"":""كيوتو""}",12555,كيوتو,
3305,2026-06-12 23:33:09.892364+00,2026-06-12 23:33:09.892364+00,,"{""fa"":""ناگويا""}",12556,ناگويا,
3306,2026-06-12 23:33:09.892364+00,2026-06-12 23:33:09.892364+00,,"{""fa"":""هوكايدو""}",12557,هوكايدو,
3307,2026-06-12 23:33:09.892364+00,2026-06-12 23:33:09.892364+00,,"{""fa"":""توتوري""}",12558,توتوري,
3308,2026-06-12 23:33:09.892364+00,2026-06-12 23:33:09.892364+00,,"{""fa"":""ساماني""}",12559,ساماني,
3309,2026-06-12 23:33:09.892364+00,2026-06-12 23:33:09.892364+00,,"{""fa"":""موروران""}",12560,موروران,
3310,2026-06-12 23:33:09.892364+00,2026-06-12 23:33:09.892364+00,,"{""fa"":""اوشامانبه""}",12561,اوشامانبه,
3311,2026-06-12 23:33:09.892364+00,2026-06-12 23:33:09.892364+00,,"{""fa"":""موري""}",12562,موري,
3312,2026-06-12 23:33:09.892364+00,2026-06-12 23:33:09.892364+00,,"{""fa"":""اوهاتا""}",12563,اوهاتا,
3313,2026-06-12 23:33:09.892364+00,2026-06-12 23:33:09.892364+00,,"{""fa"":""موتسو""}",12564,موتسو,
3314,2026-06-12 23:33:09.892364+00,2026-06-12 23:33:09.892364+00,,"{""fa"":""ميساوا""}",12565,ميساوا,
3315,2026-06-12 23:33:09.892364+00,2026-06-12 23:33:09.892364+00,,"{""fa"":""هاچينوهه""}",12566,هاچينوهه,
3316,2026-06-12 23:33:09.892364+00,2026-06-12 23:33:09.892364+00,,"{""fa"":""هيروساكي""}",12567,هيروساكي,
3317,2026-06-12 23:33:09.892364+00,2026-06-12 23:33:09.892364+00,,"{""fa"":""كوجي""}",12568,كوجي,
3318,2026-06-12 23:33:09.892364+00,2026-06-12 23:33:09.892364+00,,"{""fa"":""توكوشيما""}",12569,توكوشيما,
3319,2026-06-12 23:33:09.892364+00,2026-06-12 23:33:09.892364+00,,"{""fa"":""نينوهه""}",12570,نينوهه,
3320,2026-06-12 23:33:09.892364+00,2026-06-12 23:33:09.892364+00,,"{""fa"":""اوداته""}",12571,اوداته,
3321,2026-06-12 23:33:09.892364+00,2026-06-12 23:33:09.892364+00,,"{""fa"":""مياكو""}",12572,مياكو,
3322,2026-06-12 23:33:09.892364+00,2026-06-12 23:33:09.892364+00,,"{""fa"":""ناشيرو""}",12573,ناشيرو,
3323,2026-06-12 23:33:09.892364+00,2026-06-12 23:33:09.892364+00,,"{""fa"":""كاماايشي""}",12574,كاماايشي,
3324,2026-06-12 23:33:09.892364+00,2026-06-12 23:33:09.892364+00,,"{""fa"":""اوگا""}",12575,اوگا,
3325,2026-06-12 23:33:09.892364+00,2026-06-12 23:33:09.892364+00,,"{""fa"":""كيتاكامي""}",12576,كيتاكامي,
3326,2026-06-12 23:33:09.892364+00,2026-06-12 23:33:09.892364+00,,"{""fa"":""اوفوناتو""}",12577,اوفوناتو,
3327,2026-06-12 23:33:09.892364+00,2026-06-12 23:33:09.892364+00,,"{""fa"":""يوكوته""}",12578,يوكوته,
3328,2026-06-12 23:33:09.892364+00,2026-06-12 23:33:09.892364+00,,"{""fa"":""كاتاكامو""}",12579,كاتاكامو,
3329,2026-06-12 23:33:09.892364+00,2026-06-12 23:33:09.892364+00,,"{""fa"":""ساپورو""}",12580,ساپورو,
3330,2026-06-12 23:33:09.892364+00,2026-06-12 23:33:09.892364+00,,"{""fa"":""كزننوما""}",12581,كزننوما,
3331,2026-06-12 23:33:09.892364+00,2026-06-12 23:33:09.892364+00,,"{""fa"":""ايچينوركي""}",12582,ايچينوركي,
3332,2026-06-12 23:33:09.892364+00,2026-06-12 23:33:09.892364+00,,"{""fa"":""فوروكاوا""}",12583,فوروكاوا,
3333,2026-06-12 23:33:09.892364+00,2026-06-12 23:33:09.892364+00,,"{""fa"":""ايشينوماكي""}",12584,ايشينوماكي,
3334,2026-06-12 23:33:09.892364+00,2026-06-12 23:33:09.892364+00,,"{""fa"":""شينجو""}",12585,شينجو,
3335,2026-06-12 23:33:09.892364+00,2026-06-12 23:33:09.892364+00,,"{""fa"":""ساكاتا""}",12586,ساكاتا,
3336,2026-06-12 23:33:09.892364+00,2026-06-12 23:33:09.892364+00,,"{""fa"":""تسورواوكا""}",12587,تسورواوكا,
3337,2026-06-12 23:33:09.892364+00,2026-06-12 23:33:09.892364+00,,"{""fa"":""نانوئو""}",12588,نانوئو,
3338,2026-06-12 23:33:09.892364+00,2026-06-12 23:33:09.892364+00,,"{""fa"":""موراكامي""}",12589,موراكامي,
3339,2026-06-12 23:33:09.892364+00,2026-06-12 23:33:09.892364+00,,"{""fa"":""يونزاوا""}",12590,يونزاوا,
3340,2026-06-12 23:33:09.892364+00,2026-06-12 23:33:09.892364+00,,"{""fa"":""سنداي""}",12591,سنداي,
3341,2026-06-12 23:33:09.892364+00,2026-06-12 23:33:09.892364+00,,"{""fa"":""كورياما""}",12592,كورياما,
3342,2026-06-12 23:33:09.892364+00,2026-06-12 23:33:09.892364+00,,"{""fa"":""آيزوواكامائسو""}",12593,آيزوواكامائسو,
3343,2026-06-12 23:33:09.892364+00,2026-06-12 23:33:09.892364+00,,"{""fa"":""ريوتسو""}",12594,ريوتسو,
3344,2026-06-12 23:33:09.892364+00,2026-06-12 23:33:09.892364+00,,"{""fa"":""ايواكي""}",12595,ايواكي,
3345,2026-06-12 23:33:09.892364+00,2026-06-12 23:33:09.892364+00,,"{""fa"":""ناگائوكا""}",12596,ناگائوكا,
3346,2026-06-12 23:33:09.892364+00,2026-06-12 23:33:09.892364+00,,"{""fa"":""ايوانوما""}",12597,ايوانوما,
3347,2026-06-12 23:33:09.892364+00,2026-06-12 23:33:09.892364+00,,"{""fa"":""سوما""}",12598,سوما,
3348,2026-06-12 23:33:09.892364+00,2026-06-12 23:33:09.892364+00,,"{""fa"":""هيتاچي""}",12599,هيتاچي,
3349,2026-06-12 23:33:09.892364+00,2026-06-12 23:33:09.892364+00,,"{""fa"":""يايتا""}",12600,يايتا,
3350,2026-06-12 23:33:09.892364+00,2026-06-12 23:33:09.892364+00,,"{""fa"":""نيكو""}",12601,نيكو,
3351,2026-06-12 23:33:09.892364+00,2026-06-12 23:33:09.892364+00,,"{""fa"":""فوكوكا""}",12602,فوكوكا,
3352,2026-06-12 23:33:09.892364+00,2026-06-12 23:33:09.892364+00,,"{""fa"":""جوئتسو""}",12603,جوئتسو,
3353,2026-06-12 23:33:09.900044+00,2026-06-12 23:33:09.900044+00,,"{""fa"":""سوزو""}",12604,سوزو,
3354,2026-06-12 23:33:09.900044+00,2026-06-12 23:33:09.900044+00,,"{""fa"":""واجيما""}",12605,واجيما,
3355,2026-06-12 23:33:09.900044+00,2026-06-12 23:33:09.900044+00,,"{""fa"":""هاكوي""}",12606,هاكوي,
3356,2026-06-12 23:33:09.900044+00,2026-06-12 23:33:09.900044+00,,"{""fa"":""كوماتسو""}",12607,كوماتسو,
3357,2026-06-12 23:33:09.900044+00,2026-06-12 23:33:09.900044+00,,"{""fa"":""يوكوسوكا""}",12608,يوكوسوكا,
3358,2026-06-12 23:33:09.900044+00,2026-06-12 23:33:09.900044+00,,"{""fa"":""فويساوا""}",12609,فويساوا,
3359,2026-06-12 23:33:09.900044+00,2026-06-12 23:33:09.900044+00,,"{""fa"":""نومازو""}",12610,نومازو,
3360,2026-06-12 23:33:09.900044+00,2026-06-12 23:33:09.900044+00,,"{""fa"":""تسوروگا""}",12611,تسوروگا,
3361,2026-06-12 23:33:09.900044+00,2026-06-12 23:33:09.900044+00,,"{""fa"":""تويوتا""}",12612,تويوتا,
3362,2026-06-12 23:33:09.900044+00,2026-06-12 23:33:09.900044+00,,"{""fa"":""كاوازاكي""}",12613,كاوازاكي,
3363,2026-06-12 23:33:09.900044+00,2026-06-12 23:33:09.900044+00,,"{""fa"":""يوكايچي""}",12614,يوكايچي,
3364,2026-06-12 23:33:09.900044+00,2026-06-12 23:33:09.900044+00,,"{""fa"":""اوكازاكي""}",12615,اوكازاكي,
3365,2026-06-12 23:33:09.900044+00,2026-06-12 23:33:09.900044+00,,"{""fa"":""ميازو""}",12616,ميازو,
3366,2026-06-12 23:33:09.900044+00,2026-06-12 23:33:09.900044+00,,"{""fa"":""تسو""}",12617,تسو,
3367,2026-06-12 23:33:09.900044+00,2026-06-12 23:33:09.900044+00,,"{""fa"":""فوكوچيما""}",12618,فوكوچيما,
3368,2026-06-12 23:33:09.900044+00,2026-06-12 23:33:09.900044+00,,"{""fa"":""ايسه""}",12619,ايسه,
3369,2026-06-12 23:33:09.900044+00,2026-06-12 23:33:09.900044+00,,"{""fa"":""شينگو""}",12620,شينگو,
3370,2026-06-12 23:33:09.900044+00,2026-06-12 23:33:09.900044+00,,"{""fa"":""آكاشي""}",12621,آكاشي,
3371,2026-06-12 23:33:09.900044+00,2026-06-12 23:33:09.900044+00,,"{""fa"":""هيمهجي""}",12622,هيمهجي,
3372,2026-06-12 23:33:09.900044+00,2026-06-12 23:33:09.900044+00,,"{""fa"":""تسوياما""}",12623,تسوياما,
3373,2026-06-12 23:33:09.900044+00,2026-06-12 23:33:09.900044+00,,"{""fa"":""كوبه""}",12624,كوبه,
3374,2026-06-12 23:33:09.900044+00,2026-06-12 23:33:09.900044+00,,"{""fa"":""يوناگو""}",12625,يوناگو,
3375,2026-06-12 23:33:09.900044+00,2026-06-12 23:33:09.900044+00,,"{""fa"":""ايزومو""}",12626,ايزومو,
3376,2026-06-12 23:33:09.900044+00,2026-06-12 23:33:09.900044+00,,"{""fa"":""اودا""}",12627,اودا,
3377,2026-06-12 23:33:09.900044+00,2026-06-12 23:33:09.900044+00,,"{""fa"":""كوراشيكي""}",12628,كوراشيكي,
3378,2026-06-12 23:33:09.900044+00,2026-06-12 23:33:09.900044+00,,"{""fa"":""ميوشي""}",12629,ميوشي,
3379,2026-06-12 23:33:09.900044+00,2026-06-12 23:33:09.900044+00,,"{""fa"":""هامادا""}",12630,هامادا,
3380,2026-06-12 23:33:09.900044+00,2026-06-12 23:33:09.900044+00,,"{""fa"":""اونوميچي""}",12631,اونوميچي,
3381,2026-06-12 23:33:09.900044+00,2026-06-12 23:33:09.900044+00,,"{""fa"":""ماسودا""}",12632,ماسودا,
3382,2026-06-12 23:33:09.900044+00,2026-06-12 23:33:09.900044+00,,"{""fa"":""هاگي""}",12633,هاگي,
3383,2026-06-12 23:33:09.900044+00,2026-06-12 23:33:09.900044+00,,"{""fa"":""واكوتي""}",12634,واكوتي,
3384,2026-06-12 23:33:09.900044+00,2026-06-12 23:33:09.900044+00,,"{""fa"":""كوچي""}",12635,كوچي,
3385,2026-06-12 23:33:09.900044+00,2026-06-12 23:33:09.900044+00,,"{""fa"":""ايماباري""}",12636,ايماباري,
3386,2026-06-12 23:33:09.900044+00,2026-06-12 23:33:09.900044+00,,"{""fa"":""كوره""}",12637,كوره,
3387,2026-06-12 23:33:09.900044+00,2026-06-12 23:33:09.900044+00,,"{""fa"":""نيهاما""}",12638,نيهاما,
3388,2026-06-12 23:33:09.900044+00,2026-06-12 23:33:09.900044+00,,"{""fa"":""هوفو""}",12639,هوفو,
3389,2026-06-12 23:33:09.900044+00,2026-06-12 23:33:09.900044+00,,"{""fa"":""توكوياما""}",12640,توكوياما,
3390,2026-06-12 23:33:09.900044+00,2026-06-12 23:33:09.900044+00,,"{""fa"":""اوبه""}",12641,اوبه,
3391,2026-06-12 23:33:09.900044+00,2026-06-12 23:33:09.900044+00,,"{""fa"":""شيمونوزكي""}",12642,شيمونوزكي,
3392,2026-06-12 23:33:09.900044+00,2026-06-12 23:33:09.900044+00,,"{""fa"":""سوزاكي""}",12643,سوزاكي,
3393,2026-06-12 23:33:09.900044+00,2026-06-12 23:33:09.900044+00,,"{""fa"":""ياواتاهاما""}",12644,ياواتاهاما,
3394,2026-06-12 23:33:09.900044+00,2026-06-12 23:33:09.900044+00,,"{""fa"":""ناكامورا""}",12645,ناكامورا,
3395,2026-06-12 23:33:09.900044+00,2026-06-12 23:33:09.900044+00,,"{""fa"":""ناگازاگي""}",12646,ناگازاگي,
3396,2026-06-12 23:33:09.900044+00,2026-06-12 23:33:09.900044+00,,"{""fa"":""سوگومو""}",12647,سوگومو,
3397,2026-06-12 23:33:09.900044+00,2026-06-12 23:33:09.900044+00,,"{""fa"":""توساشيميزو""}",12648,توساشيميزو,
3398,2026-06-12 23:33:09.900044+00,2026-06-12 23:33:09.900044+00,,"{""fa"":""بپو""}",12649,بپو,
3399,2026-06-12 23:33:09.900044+00,2026-06-12 23:33:09.900044+00,,"{""fa"":""كورومه""}",12650,كورومه,
3400,2026-06-12 23:33:09.900044+00,2026-06-12 23:33:09.900044+00,,"{""fa"":""نوبهاوكا""}",12651,نوبهاوكا,
3401,2026-06-12 23:33:09.900044+00,2026-06-12 23:33:09.900044+00,,"{""fa"":""اوموتا""}",12652,اوموتا,
3402,2026-06-12 23:33:09.900044+00,2026-06-12 23:33:09.900044+00,,"{""fa"":""ساسبو""}",12653,ساسبو,
3403,2026-06-12 23:33:09.900044+00,2026-06-12 23:33:09.900044+00,,"{""fa"":""پاتسوشيرو""}",12654,پاتسوشيرو,
3404,2026-06-12 23:33:09.900044+00,2026-06-12 23:33:09.900044+00,,"{""fa"":""فوكوئه""}",12655,فوكوئه,
3405,2026-06-12 23:33:09.900044+00,2026-06-12 23:33:09.900044+00,,"{""fa"":""ابينو""}",12656,ابينو,
3406,2026-06-12 23:33:09.900044+00,2026-06-12 23:33:09.900044+00,,"{""fa"":""واكاياما""}",12657,واكاياما,
3407,2026-06-12 23:33:09.900044+00,2026-06-12 23:33:09.900044+00,,"{""fa"":""ايشيبوكا""}",12658,ايشيبوكا,
3408,2026-06-12 23:33:09.900044+00,2026-06-12 23:33:09.900044+00,,"{""fa"":""مياكونوجو""}",12659,مياكونوجو,
3409,2026-06-12 23:33:09.900044+00,2026-06-12 23:33:09.900044+00,,"{""fa"":""آكونه""}",12660,آكونه,
3410,2026-06-12 23:33:09.900044+00,2026-06-12 23:33:09.900044+00,,"{""fa"":""كانويا""}",12661,كانويا,
3411,2026-06-12 23:33:09.900044+00,2026-06-12 23:33:09.900044+00,,"{""fa"":""ايبوزوكي""}",12662,ايبوزوكي,
3412,2026-06-12 23:33:09.900044+00,2026-06-12 23:33:09.900044+00,,"{""fa"":""ساتا""}",12663,ساتا,
3413,2026-06-12 23:33:09.900044+00,2026-06-12 23:33:09.900044+00,,"{""fa"":""نيشينوموته""}",12664,نيشينوموته,
3414,2026-06-12 23:33:09.900044+00,2026-06-12 23:33:09.900044+00,,"{""fa"":""نوزه""}",12665,نوزه,
3415,2026-06-12 23:33:09.900044+00,2026-06-12 23:33:09.900044+00,,"{""fa"":""توماكوماي""}",12666,توماكوماي,
3416,2026-06-12 23:33:09.900044+00,2026-06-12 23:33:09.900044+00,,"{""fa"":""فوكوياما""}",12667,فوكوياما,
3417,2026-06-12 23:33:09.900044+00,2026-06-12 23:33:09.900044+00,,"{""fa"":""هاكوداته""}",12668,هاكوداته,
3418,2026-06-12 23:33:09.900044+00,2026-06-12 23:33:09.900044+00,,"{""fa"":""موروتو""}",12669,موروتو,
3419,2026-06-12 23:33:09.900044+00,2026-06-12 23:33:09.900044+00,,"{""fa"":""هاناماكي""}",12670,هاناماكي,
3420,2026-06-12 23:33:09.900044+00,2026-06-12 23:33:09.900044+00,,"{""fa"":""ياماگوچي""}",12671,ياماگوچي,
3421,2026-06-12 23:33:09.900044+00,2026-06-12 23:33:09.900044+00,,"{""fa"":""ياماناشي""}",12672,ياماناشي,
3422,2026-06-12 23:33:09.900044+00,2026-06-12 23:33:09.900044+00,,"{""fa"":""ايباراكي""}",12673,ايباراكي,
3423,2026-06-12 23:33:09.900044+00,2026-06-12 23:33:09.900044+00,,"{""fa"":""سايتما""}",12674,سايتما,
3424,2026-06-12 23:33:09.900044+00,2026-06-12 23:33:09.900044+00,,"{""fa"":""فوكوشيما""}",12675,فوكوشيما,
3425,2026-06-12 23:33:09.900044+00,2026-06-12 23:33:09.900044+00,,"{""fa"":""نيگاتا""}",12676,نيگاتا,
3426,2026-06-12 23:33:09.900044+00,2026-06-12 23:33:09.900044+00,,"{""fa"":""توهوكو""}",12678,توهوكو,
3427,2026-06-12 23:33:09.900044+00,2026-06-12 23:33:09.900044+00,,"{""fa"":""تويوكاوا""}",12679,تويوكاوا,
3428,2026-06-12 23:33:09.900044+00,2026-06-12 23:33:09.900044+00,,"{""fa"":""آئوموري""}",12680,آئوموري,
3429,2026-06-12 23:33:09.900044+00,2026-06-12 23:33:09.900044+00,,"{""fa"":""موريوكا""}",12681,موريوكا,
3430,2026-06-12 23:33:09.900044+00,2026-06-12 23:33:09.900044+00,,"{""fa"":""آكيتا""}",12682,آكيتا,
3431,2026-06-12 23:33:09.900044+00,2026-06-12 23:33:09.900044+00,,"{""fa"":""ياماگاتا""}",12683,ياماگاتا,
3432,2026-06-12 23:33:09.900044+00,2026-06-12 23:33:09.900044+00,,"{""fa"":""ساگا""}",12684,ساگا,
3433,2026-06-12 23:33:09.900044+00,2026-06-12 23:33:09.900044+00,,"{""fa"":""كوماموتو""}",12685,كوماموتو,
3434,2026-06-12 23:33:09.900044+00,2026-06-12 23:33:09.900044+00,,"{""fa"":""اويتا""}",12686,اويتا,
3435,2026-06-12 23:33:09.900044+00,2026-06-12 23:33:09.900044+00,,"{""fa"":""ميازاكي""}",12687,ميازاكي,
3436,2026-06-12 23:33:09.900044+00,2026-06-12 23:33:09.900044+00,,"{""fa"":""كاگوشيما""}",12688,كاگوشيما,
3437,2026-06-12 23:33:09.900044+00,2026-06-12 23:33:09.900044+00,,"{""fa"":""اوكيناوا""}",12689,اوكيناوا,
3438,2026-06-12 23:33:09.900044+00,2026-06-12 23:33:09.900044+00,,"{""fa"":""اوبيهيرو""}",12690,اوبيهيرو,
3439,2026-06-12 23:33:09.900044+00,2026-06-12 23:33:09.900044+00,,"{""fa"":""كانتو""}",12691,كانتو,
3440,2026-06-12 23:33:09.900044+00,2026-06-12 23:33:09.900044+00,,"{""fa"":""ميتو""}",12692,ميتو,
3441,2026-06-12 23:33:09.900044+00,2026-06-12 23:33:09.900044+00,,"{""fa"":""اوتسونوميا""}",12693,اوتسونوميا,
3442,2026-06-12 23:33:09.900044+00,2026-06-12 23:33:09.900044+00,,"{""fa"":""مائباشي""}",12694,مائباشي,
3443,2026-06-12 23:33:09.900044+00,2026-06-12 23:33:09.900044+00,,"{""fa"":""اوراوا""}",12695,اوراوا,
3444,2026-06-12 23:33:09.900044+00,2026-06-12 23:33:09.900044+00,,"{""fa"":""فوناباشي""}",12696,فوناباشي,
3445,2026-06-12 23:33:09.900044+00,2026-06-12 23:33:09.900044+00,,"{""fa"":""يوكوهاما""}",12697,يوكوهاما,
3446,2026-06-12 23:33:09.900044+00,2026-06-12 23:33:09.900044+00,,"{""fa"":""چيبا""}",12698,چيبا,
3447,2026-06-12 23:33:09.900044+00,2026-06-12 23:33:09.900044+00,,"{""fa"":""چيبو""}",12699,چيبو,
3448,2026-06-12 23:33:09.900044+00,2026-06-12 23:33:09.900044+00,,"{""fa"":""تويوهاشي""}",12700,تويوهاشي,
3449,2026-06-12 23:33:09.900044+00,2026-06-12 23:33:09.900044+00,,"{""fa"":""شيزوكا""}",12701,شيزوكا,
3450,2026-06-12 23:33:09.900044+00,2026-06-12 23:33:09.900044+00,,"{""fa"":""كوفو""}",12702,كوفو,
3451,2026-06-12 23:33:09.900044+00,2026-06-12 23:33:09.900044+00,,"{""fa"":""ناگانو""}",12703,ناگانو,
3452,2026-06-12 23:33:09.900044+00,2026-06-12 23:33:09.900044+00,,"{""fa"":""توياما""}",12704,توياما,
3453,2026-06-12 23:33:09.907183+00,2026-06-12 23:33:09.907183+00,,"{""fa"":""كانازاوا""}",12705,كانازاوا,
3454,2026-06-12 23:33:09.907183+00,2026-06-12 23:33:09.907183+00,,"{""fa"":""فوكوي""}",12706,فوكوي,
3455,2026-06-12 23:33:09.907183+00,2026-06-12 23:33:09.907183+00,,"{""fa"":""گيفو""}",12707,گيفو,
3456,2026-06-12 23:33:09.907183+00,2026-06-12 23:33:09.907183+00,,"{""fa"":""آيواته""}",12708,آيواته,
3457,2026-06-12 23:33:09.907183+00,2026-06-12 23:33:09.907183+00,,"{""fa"":""مياگي""}",12709,مياگي,
3458,2026-06-12 23:33:09.907183+00,2026-06-12 23:33:09.907183+00,,"{""fa"":""توچيگا""}",12710,توچيگا,
3459,2026-06-12 23:33:09.907183+00,2026-06-12 23:33:09.907183+00,,"{""fa"":""گونما""}",12711,گونما,
3460,2026-06-12 23:33:09.907183+00,2026-06-12 23:33:09.907183+00,,"{""fa"":""كاناگاوا""}",12712,كاناگاوا,
3461,2026-06-12 23:33:09.907183+00,2026-06-12 23:33:09.907183+00,,"{""fa"":""ايشيكاوا""}",12713,ايشيكاوا,
3462,2026-06-12 23:33:09.907183+00,2026-06-12 23:33:09.907183+00,,"{""fa"":""فوكوري""}",12714,فوكوري,
3463,2026-06-12 23:33:09.907183+00,2026-06-12 23:33:09.907183+00,,"{""fa"":""آيچي""}",12715,آيچي,
3464,2026-06-12 23:33:09.907183+00,2026-06-12 23:33:09.907183+00,,"{""fa"":""ميه""}",12716,ميه,
3465,2026-06-12 23:33:09.907183+00,2026-06-12 23:33:09.907183+00,,"{""fa"":""شيگا""}",12717,شيگا,
3466,2026-06-12 23:33:09.907183+00,2026-06-12 23:33:09.907183+00,,"{""fa"":""نارا""}",12718,نارا,
3467,2026-06-12 23:33:09.907183+00,2026-06-12 23:33:09.907183+00,,"{""fa"":""شيمانه""}",12719,شيمانه,
3468,2026-06-12 23:33:09.907183+00,2026-06-12 23:33:09.907183+00,,"{""fa"":""اوكاياما""}",12720,اوكاياما,
3469,2026-06-12 23:33:09.907183+00,2026-06-12 23:33:09.907183+00,,"{""fa"":""كاگاوا""}",12721,كاگاوا,
3470,2026-06-12 23:33:09.907183+00,2026-06-12 23:33:09.907183+00,,"{""fa"":""اهيمه""}",12722,اهيمه,
3471,2026-06-12 23:33:09.907183+00,2026-06-12 23:33:09.907183+00,,"{""fa"":""كينكي""}",12723,كينكي,
3472,2026-06-12 23:33:09.907183+00,2026-06-12 23:33:09.907183+00,,"{""fa"":""نيوتو""}",12724,نيوتو,
3473,2026-06-12 23:33:09.907183+00,2026-06-12 23:33:09.907183+00,,"{""fa"":""ساكاي""}",12725,ساكاي,
3474,2026-06-12 23:33:09.907183+00,2026-06-12 23:33:09.907183+00,,"{""fa"":""آماگاساكي""}",12726,آماگاساكي,
3475,2026-06-12 23:33:09.907183+00,2026-06-12 23:33:09.907183+00,,"{""fa"":""چوگوكو""}",12727,چوگوكو,
3476,2026-06-12 23:33:09.907183+00,2026-06-12 23:33:09.907183+00,,"{""fa"":""ماتسوئه""}",12728,ماتسوئه,
3477,2026-06-12 23:33:09.907183+00,2026-06-12 23:33:09.907183+00,,"{""fa"":""شيكوكو""}",12729,شيكوكو,
3478,2026-06-12 23:33:09.907183+00,2026-06-12 23:33:09.907183+00,,"{""fa"":""ماتسوياما""}",12730,ماتسوياما,
3479,2026-06-12 23:33:09.907183+00,2026-06-12 23:33:09.907183+00,,"{""fa"":""تاكاماتسو""}",12731,تاكاماتسو,
3480,2026-06-12 23:33:09.907183+00,2026-06-12 23:33:09.907183+00,,"{""fa"":""فوكوئوكا""}",12732,فوكوئوكا,
3481,2026-06-12 23:33:09.907183+00,2026-06-12 23:33:09.907183+00,,"{""fa"":""كيتاكيوشو""}",12733,كيتاكيوشو,
3482,2026-06-12 23:33:09.907183+00,2026-06-12 23:33:09.907183+00,,"{""fa"":""ناگازاكي""}",12734,ناگازاكي,
3483,2026-06-12 23:33:09.907183+00,2026-06-12 23:33:09.907183+00,,"{""fa"":""كوماماتو""}",12735,كوماماتو,
3484,2026-06-12 23:33:09.907183+00,2026-06-12 23:33:09.907183+00,,"{""fa"":""نمورو""}",12736,نمورو,
3485,2026-06-12 23:33:09.907183+00,2026-06-12 23:33:09.907183+00,,"{""fa"":""شاري""}",12737,شاري,
3486,2026-06-12 23:33:09.907183+00,2026-06-12 23:33:09.907183+00,,"{""fa"":""آباشيري""}",12738,آباشيري,
3487,2026-06-12 23:33:09.907183+00,2026-06-12 23:33:09.907183+00,,"{""fa"":""منبتسو""}",12739,منبتسو,
3488,2026-06-12 23:33:09.907183+00,2026-06-12 23:33:09.907183+00,,"{""fa"":""كيتامي""}",12740,كيتامي,
3489,2026-06-12 23:33:09.907183+00,2026-06-12 23:33:09.907183+00,,"{""fa"":""نايورو""}",12741,نايورو,
3490,2026-06-12 23:33:09.907183+00,2026-06-12 23:33:09.907183+00,,"{""fa"":""آساهيكاوا""}",12742,آساهيكاوا,
3491,2026-06-12 23:33:09.907183+00,2026-06-12 23:33:09.907183+00,,"{""fa"":""كوشيرو""}",12743,كوشيرو,
3492,2026-06-12 23:33:09.907183+00,2026-06-12 23:33:09.907183+00,,"{""fa"":""تاكيكاوا""}",12744,تاكيكاوا,
3493,2026-06-12 23:33:09.907183+00,2026-06-12 23:33:09.907183+00,,"{""fa"":""فورانو""}",12745,فورانو,
3494,2026-06-12 23:33:09.907183+00,2026-06-12 23:33:09.907183+00,,"{""fa"":""تائيكي""}",12746,تائيكي,
3495,2026-06-12 23:33:09.907183+00,2026-06-12 23:33:09.907183+00,,"{""fa"":""اوتارو""}",12747,اوتارو,
3496,2026-06-12 23:33:09.907183+00,2026-06-12 23:33:09.907183+00,,"{""fa"":""جورانگ""}",12748,جورانگ,
3497,2026-06-12 23:33:09.907183+00,2026-06-12 23:33:09.907183+00,,"{""fa"":""كرانچي""}",12749,كرانچي,
3498,2026-06-12 23:33:09.907183+00,2026-06-12 23:33:09.907183+00,,"{""fa"":""پادانگ""}",12750,پادانگ,
3499,2026-06-12 23:33:09.907183+00,2026-06-12 23:33:09.907183+00,,"{""fa"":""ساگا""}",12751,ساگا,
3500,2026-06-12 23:33:09.907183+00,2026-06-12 23:33:09.907183+00,,"{""fa"":""سرانگون""}",12752,سرانگون,
3501,2026-06-12 23:33:09.907183+00,2026-06-12 23:33:09.907183+00,,"{""fa"":""چانگي""}",12753,چانگي,
3502,2026-06-12 23:33:09.907183+00,2026-06-12 23:33:09.907183+00,,"{""fa"":""تنگا""}",12754,تنگا,
3503,2026-06-12 23:33:09.907183+00,2026-06-12 23:33:09.907183+00,,"{""fa"":""لام سان""}",12755,لام سان,
3504,2026-06-12 23:33:09.907183+00,2026-06-12 23:33:09.907183+00,,"{""fa"":""توآپاپو""}",12756,توآپاپو,
3505,2026-06-12 23:33:09.907183+00,2026-06-12 23:33:09.907183+00,,"{""fa"":""بوليم""}",12757,بوليم,
3506,2026-06-12 23:33:09.907183+00,2026-06-12 23:33:09.907183+00,,"{""fa"":""تونگ هم""}",12758,تونگ هم,
3507,2026-06-12 23:33:09.907183+00,2026-06-12 23:33:09.907183+00,,"{""fa"":""شام""}",12759,شام,
3508,2026-06-12 23:33:09.907183+00,2026-06-12 23:33:09.907183+00,,"{""fa"":""حلب""}",12760,حلب,
3509,2026-06-12 23:33:09.907183+00,2026-06-12 23:33:09.907183+00,,"{""fa"":""آليپو""}",12761,آليپو,
3510,2026-06-12 23:33:09.907183+00,2026-06-12 23:33:09.907183+00,,"{""fa"":""حمص""}",12762,حمص,
3511,2026-06-12 23:33:09.907183+00,2026-06-12 23:33:09.907183+00,,"{""fa"":""لاذقيه""}",12763,لاذقيه,
3512,2026-06-12 23:33:09.907183+00,2026-06-12 23:33:09.907183+00,,"{""fa"":""ديرالزور""}",12764,ديرالزور,
3513,2026-06-12 23:33:09.907183+00,2026-06-12 23:33:09.907183+00,,"{""fa"":""سفيره""}",12765,سفيره,
3514,2026-06-12 23:33:09.907183+00,2026-06-12 23:33:09.907183+00,,"{""fa"":""رياض""}",12766,رياض,
3515,2026-06-12 23:33:09.907183+00,2026-06-12 23:33:09.907183+00,,"{""fa"":""مكه""}",12767,مكه,
3516,2026-06-12 23:33:09.907183+00,2026-06-12 23:33:09.907183+00,,"{""fa"":""القطيف""}",12768,القطيف,
3517,2026-06-12 23:33:09.907183+00,2026-06-12 23:33:09.907183+00,,"{""fa"":""دهبان""}",12769,دهبان,
3518,2026-06-12 23:33:09.907183+00,2026-06-12 23:33:09.907183+00,,"{""fa"":""طائف""}",12770,طائف,
3519,2026-06-12 23:33:09.907183+00,2026-06-12 23:33:09.907183+00,,"{""fa"":""ظهران""}",12771,ظهران,
3520,2026-06-12 23:33:09.907183+00,2026-06-12 23:33:09.907183+00,,"{""fa"":""السالميه""}",12772,السالميه,
3521,2026-06-12 23:33:09.907183+00,2026-06-12 23:33:09.907183+00,,"{""fa"":""الوجه""}",12773,الوجه,
3522,2026-06-12 23:33:09.907183+00,2026-06-12 23:33:09.907183+00,,"{""fa"":""تبوك""}",12774,تبوك,
3523,2026-06-12 23:33:09.907183+00,2026-06-12 23:33:09.907183+00,,"{""fa"":""الخوريبه""}",12775,الخوريبه,
3524,2026-06-12 23:33:09.907183+00,2026-06-12 23:33:09.907183+00,,"{""fa"":""حلي""}",12776,حلي,
3525,2026-06-12 23:33:09.907183+00,2026-06-12 23:33:09.907183+00,,"{""fa"":""حلبان""}",12777,حلبان,
3526,2026-06-12 23:33:09.907183+00,2026-06-12 23:33:09.907183+00,,"{""fa"":""مسقط""}",12778,مسقط,
3527,2026-06-12 23:33:09.907183+00,2026-06-12 23:33:09.907183+00,,"{""fa"":""رمله""}",12779,رمله,
3528,2026-06-12 23:33:09.907183+00,2026-06-12 23:33:09.907183+00,,"{""fa"":""صور""}",12780,صور,
3529,2026-06-12 23:33:09.907183+00,2026-06-12 23:33:09.907183+00,,"{""fa"":""مطرح""}",12781,مطرح,
3530,2026-06-12 23:33:09.907183+00,2026-06-12 23:33:09.907183+00,,"{""fa"":""صحم""}",12782,صحم,
3531,2026-06-12 23:33:09.907183+00,2026-06-12 23:33:09.907183+00,,"{""fa"":""صحار""}",12783,صحار,
3532,2026-06-12 23:33:09.907183+00,2026-06-12 23:33:09.907183+00,,"{""fa"":""قلحات""}",12784,قلحات,
3533,2026-06-12 23:33:09.907183+00,2026-06-12 23:33:09.907183+00,,"{""fa"":""سويح""}",12785,سويح,
3534,2026-06-12 23:33:09.907183+00,2026-06-12 23:33:09.907183+00,,"{""fa"":""دوا""}",12786,دوا,
3535,2026-06-12 23:33:09.907183+00,2026-06-12 23:33:09.907183+00,,"{""fa"":""الخلوف""}",12787,الخلوف,
3536,2026-06-12 23:33:09.907183+00,2026-06-12 23:33:09.907183+00,,"{""fa"":""صوقره""}",12788,صوقره,
3537,2026-06-12 23:33:09.907183+00,2026-06-12 23:33:09.907183+00,,"{""fa"":""نزوي""}",12789,نزوي,
3538,2026-06-12 23:33:09.907183+00,2026-06-12 23:33:09.907183+00,,"{""fa"":""آدم""}",12790,آدم,
3539,2026-06-12 23:33:09.907183+00,2026-06-12 23:33:09.907183+00,,"{""fa"":""عبري""}",12791,عبري,
3540,2026-06-12 23:33:09.907183+00,2026-06-12 23:33:09.907183+00,,"{""fa"":""ابرا""}",12792,ابرا,
3541,2026-06-12 23:33:09.907183+00,2026-06-12 23:33:09.907183+00,,"{""fa"":""شناص""}",12793,شناص,
3542,2026-06-12 23:33:09.907183+00,2026-06-12 23:33:09.907183+00,,"{""fa"":""مرباط""}",12794,مرباط,
3543,2026-06-12 23:33:09.907183+00,2026-06-12 23:33:09.907183+00,,"{""fa"":""كاگاياندياورو""}",12795,كاگاياندياورو,
3544,2026-06-12 23:33:09.907183+00,2026-06-12 23:33:09.907183+00,,"{""fa"":""مانيل""}",12796,مانيل,
3545,2026-06-12 23:33:09.907183+00,2026-06-12 23:33:09.907183+00,,"{""fa"":""داگوپان""}",12797,داگوپان,
3546,2026-06-12 23:33:09.907183+00,2026-06-12 23:33:09.907183+00,,"{""fa"":""بالر""}",12798,بالر,
3547,2026-06-12 23:33:09.907183+00,2026-06-12 23:33:09.907183+00,,"{""fa"":""اولونگاپو""}",12799,اولونگاپو,
3548,2026-06-12 23:33:09.907183+00,2026-06-12 23:33:09.907183+00,,"{""fa"":""ايبا""}",12800,ايبا,
3549,2026-06-12 23:33:09.907183+00,2026-06-12 23:33:09.907183+00,,"{""fa"":""تاكلوبان""}",12801,تاكلوبان,
3550,2026-06-12 23:33:09.907183+00,2026-06-12 23:33:09.907183+00,,"{""fa"":""ژنرالسانتوز""}",12802,ژنرالسانتوز,
3551,2026-06-12 23:33:09.907183+00,2026-06-12 23:33:09.907183+00,,"{""fa"":""سن كارلوس""}",12803,سن كارلوس,
3552,2026-06-12 23:33:09.907183+00,2026-06-12 23:33:09.907183+00,,"{""fa"":""زامبوآنگا""}",12804,زامبوآنگا,
3553,2026-06-12 23:33:09.914684+00,2026-06-12 23:33:09.914684+00,,"{""fa"":""لياگان""}",12805,لياگان,
3554,2026-06-12 23:33:09.914684+00,2026-06-12 23:33:09.914684+00,,"{""fa"":""ليگان""}",12806,ليگان,
3555,2026-06-12 23:33:09.914684+00,2026-06-12 23:33:09.914684+00,,"{""fa"":""كاسيگوران""}",12807,كاسيگوران,
3556,2026-06-12 23:33:09.914684+00,2026-06-12 23:33:09.914684+00,,"{""fa"":""ديت""}",12808,ديت,
3557,2026-06-12 23:33:09.914684+00,2026-06-12 23:33:09.914684+00,,"{""fa"":""ويراك""}",12809,ويراك,
3558,2026-06-12 23:33:09.914684+00,2026-06-12 23:33:09.914684+00,,"{""fa"":""پاندان""}",12810,پاندان,
3559,2026-06-12 23:33:09.914684+00,2026-06-12 23:33:09.914684+00,,"{""fa"":""لگاسپي""}",12811,لگاسپي,
3560,2026-06-12 23:33:09.914684+00,2026-06-12 23:33:09.914684+00,,"{""fa"":""لائوآنگ""}",12812,لائوآنگ,
3561,2026-06-12 23:33:09.914684+00,2026-06-12 23:33:09.914684+00,,"{""fa"":""سورسوگون""}",12813,سورسوگون,
3562,2026-06-12 23:33:09.914684+00,2026-06-12 23:33:09.914684+00,,"{""fa"":""ايروسين""}",12814,ايروسين,
3563,2026-06-12 23:33:09.914684+00,2026-06-12 23:33:09.914684+00,,"{""fa"":""مولاناي""}",12815,مولاناي,
3564,2026-06-12 23:33:09.914684+00,2026-06-12 23:33:09.914684+00,,"{""fa"":""درآس""}",12816,درآس,
3565,2026-06-12 23:33:09.914684+00,2026-06-12 23:33:09.914684+00,,"{""fa"":""كالبايوگ""}",12817,كالبايوگ,
3566,2026-06-12 23:33:09.914684+00,2026-06-12 23:33:09.914684+00,,"{""fa"":""آلن""}",12818,آلن,
3567,2026-06-12 23:33:09.914684+00,2026-06-12 23:33:09.914684+00,,"{""fa"":""ماس بات""}",12819,ماس بات,
3568,2026-06-12 23:33:09.914684+00,2026-06-12 23:33:09.914684+00,,"{""fa"":""كات بلوگان""}",12820,كات بلوگان,
3569,2026-06-12 23:33:09.914684+00,2026-06-12 23:33:09.914684+00,,"{""fa"":""بورونگان""}",12821,بورونگان,
3570,2026-06-12 23:33:09.914684+00,2026-06-12 23:33:09.914684+00,,"{""fa"":""گوئي يوان""}",12822,گوئي يوان,
3571,2026-06-12 23:33:09.914684+00,2026-06-12 23:33:09.914684+00,,"{""fa"":""ناوال""}",12823,ناوال,
3572,2026-06-12 23:33:09.914684+00,2026-06-12 23:33:09.914684+00,,"{""fa"":""كاتااينگال""}",12824,كاتااينگال,
3573,2026-06-12 23:33:09.914684+00,2026-06-12 23:33:09.914684+00,,"{""fa"":""پلاسر""}",12825,پلاسر,
3574,2026-06-12 23:33:09.914684+00,2026-06-12 23:33:09.914684+00,,"{""fa"":""مانداتون""}",12826,مانداتون,
3575,2026-06-12 23:33:09.914684+00,2026-06-12 23:33:09.914684+00,,"{""fa"":""آروروي""}",12827,آروروي,
3576,2026-06-12 23:33:09.914684+00,2026-06-12 23:33:09.914684+00,,"{""fa"":""سن وينسنت""}",12828,سن وينسنت,
3577,2026-06-12 23:33:09.914684+00,2026-06-12 23:33:09.914684+00,,"{""fa"":""آپاري""}",12829,آپاري,
3578,2026-06-12 23:33:09.914684+00,2026-06-12 23:33:09.914684+00,,"{""fa"":""بان گوي""}",12830,بان گوي,
3579,2026-06-12 23:33:09.914684+00,2026-06-12 23:33:09.914684+00,,"{""fa"":""لوئوآگ""}",12831,لوئوآگ,
3580,2026-06-12 23:33:09.914684+00,2026-06-12 23:33:09.914684+00,,"{""fa"":""ويگان""}",12832,ويگان,
3581,2026-06-12 23:33:09.914684+00,2026-06-12 23:33:09.914684+00,,"{""fa"":""تاگودين""}",12833,تاگودين,
3582,2026-06-12 23:33:09.914684+00,2026-06-12 23:33:09.914684+00,,"{""fa"":""بون توك""}",12834,بون توك,
3583,2026-06-12 23:33:09.914684+00,2026-06-12 23:33:09.914684+00,,"{""fa"":""توگوگارائو""}",12835,توگوگارائو,
3584,2026-06-12 23:33:09.914684+00,2026-06-12 23:33:09.914684+00,,"{""fa"":""بايوم بونگ""}",12836,بايوم بونگ,
3585,2026-06-12 23:33:09.914684+00,2026-06-12 23:33:09.914684+00,,"{""fa"":""باگويو""}",12837,باگويو,
3586,2026-06-12 23:33:09.914684+00,2026-06-12 23:33:09.914684+00,,"{""fa"":""بولينائو""}",12838,بولينائو,
3587,2026-06-12 23:33:09.914684+00,2026-06-12 23:33:09.914684+00,,"{""fa"":""لينگاين""}",12839,لينگاين,
3588,2026-06-12 23:33:09.914684+00,2026-06-12 23:33:09.914684+00,,"{""fa"":""كاباناتوان""}",12840,كاباناتوان,
3589,2026-06-12 23:33:09.914684+00,2026-06-12 23:33:09.914684+00,,"{""fa"":""سن فرناندو""}",12841,سن فرناندو,
3590,2026-06-12 23:33:09.914684+00,2026-06-12 23:33:09.914684+00,,"{""fa"":""والنزوئلا""}",12842,والنزوئلا,
3591,2026-06-12 23:33:09.914684+00,2026-06-12 23:33:09.914684+00,,"{""fa"":""پاسيگ""}",12843,پاسيگ,
3592,2026-06-12 23:33:09.914684+00,2026-06-12 23:33:09.914684+00,,"{""fa"":""سن پابلو""}",12844,سن پابلو,
3593,2026-06-12 23:33:09.914684+00,2026-06-12 23:33:09.914684+00,,"{""fa"":""ليپا""}",12845,ليپا,
3594,2026-06-12 23:33:09.914684+00,2026-06-12 23:33:09.914684+00,,"{""fa"":""لوستا""}",12846,لوستا,
3595,2026-06-12 23:33:09.914684+00,2026-06-12 23:33:09.914684+00,,"{""fa"":""باتانگاس""}",12847,باتانگاس,
3596,2026-06-12 23:33:09.914684+00,2026-06-12 23:33:09.914684+00,,"{""fa"":""مام بورائو""}",12848,مام بورائو,
3597,2026-06-12 23:33:09.914684+00,2026-06-12 23:33:09.914684+00,,"{""fa"":""بونگ بونگ""}",12849,بونگ بونگ,
3598,2026-06-12 23:33:09.914684+00,2026-06-12 23:33:09.914684+00,,"{""fa"":""سن خوزه""}",12850,سن خوزه,
3599,2026-06-12 23:33:09.914684+00,2026-06-12 23:33:09.914684+00,,"{""fa"":""روكساس""}",12851,روكساس,
3600,2026-06-12 23:33:09.914684+00,2026-06-12 23:33:09.914684+00,,"{""fa"":""لوي لو""}",12852,لوي لو,
3601,2026-06-12 23:33:09.914684+00,2026-06-12 23:33:09.914684+00,,"{""fa"":""باكولود""}",12853,باكولود,
3602,2026-06-12 23:33:09.914684+00,2026-06-12 23:33:09.914684+00,,"{""fa"":""كاويز""}",12854,كاويز,
3603,2026-06-12 23:33:09.914684+00,2026-06-12 23:33:09.914684+00,,"{""fa"":""سيبو""}",12855,سيبو,
3604,2026-06-12 23:33:09.914684+00,2026-06-12 23:33:09.914684+00,,"{""fa"":""تالي ساي""}",12856,تالي ساي,
3605,2026-06-12 23:33:09.914684+00,2026-06-12 23:33:09.914684+00,,"{""fa"":""سوگود""}",12857,سوگود,
3606,2026-06-12 23:33:09.914684+00,2026-06-12 23:33:09.914684+00,,"{""fa"":""ماسين""}",12858,ماسين,
3607,2026-06-12 23:33:09.914684+00,2026-06-12 23:33:09.914684+00,,"{""fa"":""سوري گائو""}",12859,سوري گائو,
3608,2026-06-12 23:33:09.914684+00,2026-06-12 23:33:09.914684+00,,"{""fa"":""تان داگ""}",12860,تان داگ,
3609,2026-06-12 23:33:09.914684+00,2026-06-12 23:33:09.914684+00,,"{""fa"":""بيس ليگ""}",12861,بيس ليگ,
3610,2026-06-12 23:33:09.914684+00,2026-06-12 23:33:09.914684+00,,"{""fa"":""بوتوآن""}",12862,بوتوآن,
3611,2026-06-12 23:33:09.914684+00,2026-06-12 23:33:09.914684+00,,"{""fa"":""اولوب""}",12863,اولوب,
3612,2026-06-12 23:33:09.914684+00,2026-06-12 23:33:09.914684+00,,"{""fa"":""تاگ بيلاران""}",12864,تاگ بيلاران,
3613,2026-06-12 23:33:09.914684+00,2026-06-12 23:33:09.914684+00,,"{""fa"":""دوماگوته""}",12865,دوماگوته,
3614,2026-06-12 23:33:09.914684+00,2026-06-12 23:33:09.914684+00,,"{""fa"":""سيپالاي""}",12866,سيپالاي,
3615,2026-06-12 23:33:09.914684+00,2026-06-12 23:33:09.914684+00,,"{""fa"":""تاگيوم""}",12867,تاگيوم,
3616,2026-06-12 23:33:09.914684+00,2026-06-12 23:33:09.914684+00,,"{""fa"":""ماتي""}",12868,ماتي,
3617,2026-06-12 23:33:09.914684+00,2026-06-12 23:33:09.914684+00,,"{""fa"":""داوائو""}",12869,داوائو,
3618,2026-06-12 23:33:09.914684+00,2026-06-12 23:33:09.914684+00,,"{""fa"":""كيام با""}",12870,كيام با,
3619,2026-06-12 23:33:09.914684+00,2026-06-12 23:33:09.914684+00,,"{""fa"":""لبانگ""}",12871,لبانگ,
3620,2026-06-12 23:33:09.914684+00,2026-06-12 23:33:09.914684+00,,"{""fa"":""داتوپيانگ""}",12872,داتوپيانگ,
3621,2026-06-12 23:33:09.914684+00,2026-06-12 23:33:09.914684+00,,"{""fa"":""پاگاديان""}",12873,پاگاديان,
3622,2026-06-12 23:33:09.914684+00,2026-06-12 23:33:09.914684+00,,"{""fa"":""مالاي بالاي""}",12874,مالاي بالاي,
3623,2026-06-12 23:33:09.914684+00,2026-06-12 23:33:09.914684+00,,"{""fa"":""لايگان""}",12875,لايگان,
3624,2026-06-12 23:33:09.914684+00,2026-06-12 23:33:09.914684+00,,"{""fa"":""اوروكوئيتا""}",12876,اوروكوئيتا,
3625,2026-06-12 23:33:09.914684+00,2026-06-12 23:33:09.914684+00,,"{""fa"":""ديپولوگ""}",12877,ديپولوگ,
3626,2026-06-12 23:33:09.914684+00,2026-06-12 23:33:09.914684+00,,"{""fa"":""ايلوايلو""}",12878,ايلوايلو,
3627,2026-06-12 23:33:09.914684+00,2026-06-12 23:33:09.914684+00,,"{""fa"":""سيوكون""}",12879,سيوكون,
3628,2026-06-12 23:33:09.914684+00,2026-06-12 23:33:09.914684+00,,"{""fa"":""باسي لان""}",12880,باسي لان,
3629,2026-06-12 23:33:09.914684+00,2026-06-12 23:33:09.914684+00,,"{""fa"":""جولو""}",12881,جولو,
3630,2026-06-12 23:33:09.914684+00,2026-06-12 23:33:09.914684+00,,"{""fa"":""تاي تاي""}",12882,تاي تاي,
3631,2026-06-12 23:33:09.914684+00,2026-06-12 23:33:09.914684+00,,"{""fa"":""ال يندو""}",12883,ال يندو,
3632,2026-06-12 23:33:09.914684+00,2026-06-12 23:33:09.914684+00,,"{""fa"":""بارتون""}",12884,بارتون,
3633,2026-06-12 23:33:09.914684+00,2026-06-12 23:33:09.914684+00,,"{""fa"":""بابويان""}",12885,بابويان,
3634,2026-06-12 23:33:09.914684+00,2026-06-12 23:33:09.914684+00,,"{""fa"":""پورتوپرني""}",12886,پورتوپرني,
3635,2026-06-12 23:33:09.914684+00,2026-06-12 23:33:09.914684+00,,"{""fa"":""آبورلان""}",12887,آبورلان,
3636,2026-06-12 23:33:09.914684+00,2026-06-12 23:33:09.914684+00,,"{""fa"":""بوتوبوتو""}",12888,بوتوبوتو,
3637,2026-06-12 23:33:09.914684+00,2026-06-12 23:33:09.914684+00,,"{""fa"":""باليم بينگ""}",12889,باليم بينگ,
3638,2026-06-12 23:33:09.914684+00,2026-06-12 23:33:09.914684+00,,"{""fa"":""مونيتن لوپا""}",12890,مونيتن لوپا,
3639,2026-06-12 23:33:09.914684+00,2026-06-12 23:33:09.914684+00,,"{""fa"":""ناگا""}",12891,ناگا,
3640,2026-06-12 23:33:09.914684+00,2026-06-12 23:33:09.914684+00,,"{""fa"":""كالاپان""}",12892,كالاپان,
3641,2026-06-12 23:33:09.914684+00,2026-06-12 23:33:09.914684+00,,"{""fa"":""پورتوپرنس""}",12893,پورتوپرنس,
3642,2026-06-12 23:33:09.914684+00,2026-06-12 23:33:09.914684+00,,"{""fa"":""بيشكك""}",12894,بيشكك,
3643,2026-06-12 23:33:09.914684+00,2026-06-12 23:33:09.914684+00,,"{""fa"":""اوش""}",12895,اوش,
3644,2026-06-12 23:33:09.914684+00,2026-06-12 23:33:09.914684+00,,"{""fa"":""تك ماك""}",12896,تك ماك,
3645,2026-06-12 23:33:09.914684+00,2026-06-12 23:33:09.914684+00,,"{""fa"":""قراكول""}",12897,قراكول,
3646,2026-06-12 23:33:09.914684+00,2026-06-12 23:33:09.914684+00,,"{""fa"":""نارين""}",12898,نارين,
3647,2026-06-12 23:33:09.914684+00,2026-06-12 23:33:09.914684+00,,"{""fa"":""حيدركن""}",12899,حيدركن,
3648,2026-06-12 23:33:09.914684+00,2026-06-12 23:33:09.914684+00,,"{""fa"":""دارائوت قرغان""}",12900,دارائوت قرغان,
3649,2026-06-12 23:33:09.914684+00,2026-06-12 23:33:09.914684+00,,"{""fa"":""انيلتشك""}",12901,انيلتشك,
3650,2026-06-12 23:33:09.914684+00,2026-06-12 23:33:09.914684+00,,"{""fa"":""پرژوالسك""}",12902,پرژوالسك,
3651,2026-06-12 23:33:09.914684+00,2026-06-12 23:33:09.914684+00,,"{""fa"":""پوكروفكا""}",12903,پوكروفكا,
3652,2026-06-12 23:33:09.914684+00,2026-06-12 23:33:09.914684+00,,"{""fa"":""بارسكائون""}",12904,بارسكائون,
3653,2026-06-12 23:33:09.923579+00,2026-06-12 23:33:09.923579+00,,"{""fa"":""آقچراغ""}",12905,آقچراغ,
3654,2026-06-12 23:33:09.923579+00,2026-06-12 23:33:09.923579+00,,"{""fa"":""قرهكولكا""}",12906,قرهكولكا,
3655,2026-06-12 23:33:09.923579+00,2026-06-12 23:33:09.923579+00,,"{""fa"":""قراساي""}",12907,قراساي,
3656,2026-06-12 23:33:09.923579+00,2026-06-12 23:33:09.923579+00,,"{""fa"":""كاجيساي""}",12908,كاجيساي,
3657,2026-06-12 23:33:09.923579+00,2026-06-12 23:33:09.923579+00,,"{""fa"":""تشاتيرتاش""}",12909,تشاتيرتاش,
3658,2026-06-12 23:33:09.923579+00,2026-06-12 23:33:09.923579+00,,"{""fa"":""قرهاولتبه""}",12910,قرهاولتبه,
3659,2026-06-12 23:33:09.923579+00,2026-06-12 23:33:09.923579+00,,"{""fa"":""قورمنتيآنانيوو""}",12911,قورمنتيآنانيوو,
3660,2026-06-12 23:33:09.923579+00,2026-06-12 23:33:09.923579+00,,"{""fa"":""چولپونآتا""}",12912,چولپونآتا,
3661,2026-06-12 23:33:09.923579+00,2026-06-12 23:33:09.923579+00,,"{""fa"":""اتوك""}",12913,اتوك,
3662,2026-06-12 23:33:09.923579+00,2026-06-12 23:33:09.923579+00,,"{""fa"":""جرتشكيو""}",12914,جرتشكيو,
3663,2026-06-12 23:33:09.923579+00,2026-06-12 23:33:09.923579+00,,"{""fa"":""ايسيككول""}",12915,ايسيككول,
3664,2026-06-12 23:33:09.923579+00,2026-06-12 23:33:09.923579+00,,"{""fa"":""اورتوتوكوي""}",12916,اورتوتوكوي,
3665,2026-06-12 23:33:09.923579+00,2026-06-12 23:33:09.923579+00,,"{""fa"":""تچولپون""}",12917,تچولپون,
3666,2026-06-12 23:33:09.923579+00,2026-06-12 23:33:09.923579+00,,"{""fa"":""باشكوگاندي""}",12918,باشكوگاندي,
3667,2026-06-12 23:33:09.923579+00,2026-06-12 23:33:09.923579+00,,"{""fa"":""كولاناك""}",12919,كولاناك,
3668,2026-06-12 23:33:09.923579+00,2026-06-12 23:33:09.923579+00,,"{""fa"":""قرابولون""}",12920,قرابولون,
3669,2026-06-12 23:33:09.923579+00,2026-06-12 23:33:09.923579+00,,"{""fa"":""قيزيلاوي""}",12921,قيزيلاوي,
3670,2026-06-12 23:33:09.923579+00,2026-06-12 23:33:09.923579+00,,"{""fa"":""آتباشي""}",12922,آتباشي,
3671,2026-06-12 23:33:09.923579+00,2026-06-12 23:33:09.923579+00,,"{""fa"":""كيكايگير""}",12923,كيكايگير,
3672,2026-06-12 23:33:09.923579+00,2026-06-12 23:33:09.923579+00,,"{""fa"":""كازارمان""}",12924,كازارمان,
3673,2026-06-12 23:33:09.923579+00,2026-06-12 23:33:09.923579+00,,"{""fa"":""تالاس""}",12925,تالاس,
3674,2026-06-12 23:33:09.923579+00,2026-06-12 23:33:09.923579+00,,"{""fa"":""توكتوگول""}",12926,توكتوگول,
3675,2026-06-12 23:33:09.923579+00,2026-06-12 23:33:09.923579+00,,"{""fa"":""قوقيانغاك""}",12927,قوقيانغاك,
3676,2026-06-12 23:33:09.923579+00,2026-06-12 23:33:09.923579+00,,"{""fa"":""گولچا""}",12928,گولچا,
3677,2026-06-12 23:33:09.923579+00,2026-06-12 23:33:09.923579+00,,"{""fa"":""تاشكومير""}",12929,تاشكومير,
3678,2026-06-12 23:33:09.923579+00,2026-06-12 23:33:09.923579+00,,"{""fa"":""ايسكينائوكات""}",12930,ايسكينائوكات,
3679,2026-06-12 23:33:09.923579+00,2026-06-12 23:33:09.923579+00,,"{""fa"":""اوچقرغان""}",12931,اوچقرغان,
3680,2026-06-12 23:33:09.923579+00,2026-06-12 23:33:09.923579+00,,"{""fa"":""ووآديلووروخ""}",12932,ووآديلووروخ,
3681,2026-06-12 23:33:09.923579+00,2026-06-12 23:33:09.923579+00,,"{""fa"":""ساريتاش""}",12933,ساريتاش,
3682,2026-06-12 23:33:09.923579+00,2026-06-12 23:33:09.923579+00,,"{""fa"":""قراقاباق""}",12934,قراقاباق,
3683,2026-06-12 23:33:09.923579+00,2026-06-12 23:33:09.923579+00,,"{""fa"":""زاردلي""}",12935,زاردلي,
3684,2026-06-12 23:33:09.923579+00,2026-06-12 23:33:09.923579+00,,"{""fa"":""ايسفانا""}",12936,ايسفانا,
3685,2026-06-12 23:33:09.923579+00,2026-06-12 23:33:09.923579+00,,"{""fa"":""يشتيك""}",12937,يشتيك,
3686,2026-06-12 23:33:09.923579+00,2026-06-12 23:33:09.923579+00,,"{""fa"":""آلماآتا""}",12938,آلماآتا,
3687,2026-06-12 23:33:09.923579+00,2026-06-12 23:33:09.923579+00,,"{""fa"":""آتيراو""}",12939,آتيراو,
3688,2026-06-12 23:33:09.923579+00,2026-06-12 23:33:09.923579+00,,"{""fa"":""چيمكنت""}",12940,چيمكنت,
3689,2026-06-12 23:33:09.923579+00,2026-06-12 23:33:09.923579+00,,"{""fa"":""قزلاوردا""}",12941,قزلاوردا,
3690,2026-06-12 23:33:09.923579+00,2026-06-12 23:33:09.923579+00,,"{""fa"":""آستانه""}",12942,آستانه,
3691,2026-06-12 23:33:09.923579+00,2026-06-12 23:33:09.923579+00,,"{""fa"":""آق ملا""}",12943,آق ملا,
3692,2026-06-12 23:33:09.923579+00,2026-06-12 23:33:09.923579+00,,"{""fa"":""پاولودار""}",12944,پاولودار,
3693,2026-06-12 23:33:09.923579+00,2026-06-12 23:33:09.923579+00,,"{""fa"":""قستاناي""}",12945,قستاناي,
3694,2026-06-12 23:33:09.923579+00,2026-06-12 23:33:09.923579+00,,"{""fa"":""كوستاناي""}",12946,كوستاناي,
3695,2026-06-12 23:33:09.923579+00,2026-06-12 23:33:09.923579+00,,"{""fa"":""آق تويه""}",12947,آق تويه,
3696,2026-06-12 23:33:09.923579+00,2026-06-12 23:33:09.923579+00,,"{""fa"":""اويل""}",12948,اويل,
3697,2026-06-12 23:33:09.923579+00,2026-06-12 23:33:09.923579+00,,"{""fa"":""كوريف""}",12949,كوريف,
3698,2026-06-12 23:33:09.923579+00,2026-06-12 23:33:09.923579+00,,"{""fa"":""آرالسك""}",12950,آرالسك,
3699,2026-06-12 23:33:09.923579+00,2026-06-12 23:33:09.923579+00,,"{""fa"":""اسميپالاتينسك""}",12951,اسميپالاتينسك,
3700,2026-06-12 23:33:09.923579+00,2026-06-12 23:33:09.923579+00,,"{""fa"":""كاچيري""}",12952,كاچيري,
3701,2026-06-12 23:33:09.923579+00,2026-06-12 23:33:09.923579+00,,"{""fa"":""كوكچتاو""}",12953,كوكچتاو,
3702,2026-06-12 23:33:09.923579+00,2026-06-12 23:33:09.923579+00,,"{""fa"":""پتروپاولوفسك""}",12954,پتروپاولوفسك,
3703,2026-06-12 23:33:09.923579+00,2026-06-12 23:33:09.923579+00,,"{""fa"":""توبول""}",12955,توبول,
3704,2026-06-12 23:33:09.923579+00,2026-06-12 23:33:09.923579+00,,"{""fa"":""الگا""}",12956,الگا,
3705,2026-06-12 23:33:09.923579+00,2026-06-12 23:33:09.923579+00,,"{""fa"":""اورالسك""}",12957,اورالسك,
3706,2026-06-12 23:33:09.923579+00,2026-06-12 23:33:09.923579+00,,"{""fa"":""بندرشوچنكو""}",12958,بندرشوچنكو,
3707,2026-06-12 23:33:09.923579+00,2026-06-12 23:33:09.923579+00,,"{""fa"":""آتاسو""}",12959,آتاسو,
3708,2026-06-12 23:33:09.923579+00,2026-06-12 23:33:09.923579+00,,"{""fa"":""شوميكشول""}",12960,شوميكشول,
3709,2026-06-12 23:33:09.923579+00,2026-06-12 23:33:09.923579+00,,"{""fa"":""ايزندي""}",12961,ايزندي,
3710,2026-06-12 23:33:09.923579+00,2026-06-12 23:33:09.923579+00,,"{""fa"":""نارينكول""}",12962,نارينكول,
3711,2026-06-12 23:33:09.923579+00,2026-06-12 23:33:09.923579+00,,"{""fa"":""انباسار""}",12963,انباسار,
3712,2026-06-12 23:33:09.923579+00,2026-06-12 23:33:09.923579+00,,"{""fa"":""كيما""}",12964,كيما,
3713,2026-06-12 23:33:09.923579+00,2026-06-12 23:33:09.923579+00,,"{""fa"":""كارگاندا""}",12965,كارگاندا,
3714,2026-06-12 23:33:09.923579+00,2026-06-12 23:33:09.923579+00,,"{""fa"":""كاركارالينسك""}",12966,كاركارالينسك,
3715,2026-06-12 23:33:09.923579+00,2026-06-12 23:33:09.923579+00,,"{""fa"":""تمير""}",12967,تمير,
3716,2026-06-12 23:33:09.923579+00,2026-06-12 23:33:09.923579+00,,"{""fa"":""دوسور""}",12968,دوسور,
3717,2026-06-12 23:33:09.923579+00,2026-06-12 23:33:09.923579+00,,"{""fa"":""كومسومولسكي""}",12969,كومسومولسكي,
3718,2026-06-12 23:33:09.923579+00,2026-06-12 23:33:09.923579+00,,"{""fa"":""كولساري""}",12970,كولساري,
3719,2026-06-12 23:33:09.923579+00,2026-06-12 23:33:09.923579+00,,"{""fa"":""تورغاي""}",12971,تورغاي,
3720,2026-06-12 23:33:09.923579+00,2026-06-12 23:33:09.923579+00,,"{""fa"":""ايرگيز""}",12972,ايرگيز,
3721,2026-06-12 23:33:09.923579+00,2026-06-12 23:33:09.923579+00,,"{""fa"":""چلكار""}",12973,چلكار,
3722,2026-06-12 23:33:09.923579+00,2026-06-12 23:33:09.923579+00,,"{""fa"":""جزقازغان""}",12974,جزقازغان,
3723,2026-06-12 23:33:09.923579+00,2026-06-12 23:33:09.923579+00,,"{""fa"":""كارساكپاي""}",12975,كارساكپاي,
3724,2026-06-12 23:33:09.923579+00,2026-06-12 23:33:09.923579+00,,"{""fa"":""نووكازالينسك""}",12976,نووكازالينسك,
3725,2026-06-12 23:33:09.923579+00,2026-06-12 23:33:09.923579+00,,"{""fa"":""جوسالي""}",12977,جوسالي,
3726,2026-06-12 23:33:09.923579+00,2026-06-12 23:33:09.923579+00,,"{""fa"":""اوستيكامنوگورسك""}",12978,اوستيكامنوگورسك,
3727,2026-06-12 23:33:09.923579+00,2026-06-12 23:33:09.923579+00,,"{""fa"":""آكژال""}",12979,آكژال,
3728,2026-06-12 23:33:09.923579+00,2026-06-12 23:33:09.923579+00,,"{""fa"":""اكتوگي""}",12980,اكتوگي,
3729,2026-06-12 23:33:09.923579+00,2026-06-12 23:33:09.923579+00,,"{""fa"":""شوميشكول""}",12981,شوميشكول,
3730,2026-06-12 23:33:09.923579+00,2026-06-12 23:33:09.923579+00,,"{""fa"":""آياگوز""}",12982,آياگوز,
3731,2026-06-12 23:33:09.923579+00,2026-06-12 23:33:09.923579+00,,"{""fa"":""زايسان""}",12983,زايسان,
3732,2026-06-12 23:33:09.923579+00,2026-06-12 23:33:09.923579+00,,"{""fa"":""اورجار""}",12984,اورجار,
3733,2026-06-12 23:33:09.923579+00,2026-06-12 23:33:09.923579+00,,"{""fa"":""آكتوگاج""}",12985,آكتوگاج,
3734,2026-06-12 23:33:09.923579+00,2026-06-12 23:33:09.923579+00,,"{""fa"":""اوشتوب""}",12986,اوشتوب,
3735,2026-06-12 23:33:09.923579+00,2026-06-12 23:33:09.923579+00,,"{""fa"":""پانفيلوف""}",12987,پانفيلوف,
3736,2026-06-12 23:33:09.923579+00,2026-06-12 23:33:09.923579+00,,"{""fa"":""كاپچاگاي""}",12988,كاپچاگاي,
3737,2026-06-12 23:33:09.923579+00,2026-06-12 23:33:09.923579+00,,"{""fa"":""لوگووي""}",12989,لوگووي,
3738,2026-06-12 23:33:09.923579+00,2026-06-12 23:33:09.923579+00,,"{""fa"":""تالديكورگان""}",12990,تالديكورگان,
3739,2026-06-12 23:33:09.923579+00,2026-06-12 23:33:09.923579+00,,"{""fa"":""آقسويك""}",12991,آقسويك,
3740,2026-06-12 23:33:09.923579+00,2026-06-12 23:33:09.923579+00,,"{""fa"":""خانتائو""}",12992,خانتائو,
3741,2026-06-12 23:33:09.923579+00,2026-06-12 23:33:09.923579+00,,"{""fa"":""چو""}",12993,چو,
3742,2026-06-12 23:33:09.923579+00,2026-06-12 23:33:09.923579+00,,"{""fa"":""ژاناتاس""}",12994,ژاناتاس,
3743,2026-06-12 23:33:09.923579+00,2026-06-12 23:33:09.923579+00,,"{""fa"":""چولاكورگان""}",12995,چولاكورگان,
3744,2026-06-12 23:33:09.923579+00,2026-06-12 23:33:09.923579+00,,"{""fa"":""بالخاش""}",12996,بالخاش,
3745,2026-06-12 23:33:09.923579+00,2026-06-12 23:33:09.923579+00,,"{""fa"":""آرال""}",12997,آرال,
3746,2026-06-12 23:33:09.923579+00,2026-06-12 23:33:09.923579+00,,"{""fa"":""مين""}",12998,مين,
3747,2026-06-12 23:33:09.923579+00,2026-06-12 23:33:09.923579+00,,"{""fa"":""تركستان""}",12999,تركستان,
3748,2026-06-12 23:33:09.923579+00,2026-06-12 23:33:09.923579+00,,"{""fa"":""كوكتاس""}",13000,كوكتاس,
3749,2026-06-12 23:33:09.923579+00,2026-06-12 23:33:09.923579+00,,"{""fa"":""نوعيجه""}",13001,نوعيجه,
3750,2026-06-12 23:33:09.923579+00,2026-06-12 23:33:09.923579+00,,"{""fa"":""ادوحيل""}",13002,ادوحيل,
3751,2026-06-12 23:33:09.923579+00,2026-06-12 23:33:09.923579+00,,"{""fa"":""المقران""}",13003,المقران,
3752,2026-06-12 23:33:09.923579+00,2026-06-12 23:33:09.923579+00,,"{""fa"":""امازوبر""}",13004,امازوبر,
3753,2026-06-12 23:33:09.929673+00,2026-06-12 23:33:09.929673+00,,"{""fa"":""الخيسه""}",13005,الخيسه,
3754,2026-06-12 23:33:09.929673+00,2026-06-12 23:33:09.929673+00,,"{""fa"":""امجوم""}",13006,امجوم,
3755,2026-06-12 23:33:09.929673+00,2026-06-12 23:33:09.929673+00,,"{""fa"":""ابوحوصيه""}",13007,ابوحوصيه,
3756,2026-06-12 23:33:09.929673+00,2026-06-12 23:33:09.929673+00,,"{""fa"":""الخوريب""}",13008,الخوريب,
3757,2026-06-12 23:33:09.929673+00,2026-06-12 23:33:09.929673+00,,"{""fa"":""اماشوبروم""}",13009,اماشوبروم,
3758,2026-06-12 23:33:09.929673+00,2026-06-12 23:33:09.929673+00,,"{""fa"":""موعسكرالبوصير""}",13010,موعسكرالبوصير,
3759,2026-06-12 23:33:09.929673+00,2026-06-12 23:33:09.929673+00,,"{""fa"":""امسعيد""}",13011,امسعيد,
3760,2026-06-12 23:33:09.929673+00,2026-06-12 23:33:09.929673+00,,"{""fa"":""الشترا""}",13012,الشترا,
3761,2026-06-12 23:33:09.929673+00,2026-06-12 23:33:09.929673+00,,"{""fa"":""الكراره""}",13013,الكراره,
3762,2026-06-12 23:33:09.929673+00,2026-06-12 23:33:09.929673+00,,"{""fa"":""الكيرعانه""}",13014,الكيرعانه,
3763,2026-06-12 23:33:09.929673+00,2026-06-12 23:33:09.929673+00,,"{""fa"":""خورسعاتالبهات""}",13015,خورسعاتالبهات,
3764,2026-06-12 23:33:09.929673+00,2026-06-12 23:33:09.929673+00,,"{""fa"":""العووينه""}",13016,العووينه,
3765,2026-06-12 23:33:09.929673+00,2026-06-12 23:33:09.929673+00,,"{""fa"":""بئرزيكريت""}",13017,بئرزيكريت,
3766,2026-06-12 23:33:09.929673+00,2026-06-12 23:33:09.929673+00,,"{""fa"":""اصنع""}",13018,اصنع,
3767,2026-06-12 23:33:09.929673+00,2026-06-12 23:33:09.929673+00,,"{""fa"":""اروفيق""}",13019,اروفيق,
3768,2026-06-12 23:33:09.929673+00,2026-06-12 23:33:09.929673+00,,"{""fa"":""صيدا""}",13020,صيدا,
3769,2026-06-12 23:33:09.929673+00,2026-06-12 23:33:09.929673+00,,"{""fa"":""بعلبك""}",13021,بعلبك,
3770,2026-06-12 23:33:09.929673+00,2026-06-12 23:33:09.929673+00,,"{""fa"":""القليله""}",13022,القليله,
3771,2026-06-12 23:33:09.929673+00,2026-06-12 23:33:09.929673+00,,"{""fa"":""جزين""}",13023,جزين,
3772,2026-06-12 23:33:09.929673+00,2026-06-12 23:33:09.929673+00,,"{""fa"":""دمور""}",13024,دمور,
3773,2026-06-12 23:33:09.929673+00,2026-06-12 23:33:09.929673+00,,"{""fa"":""شتيلا""}",13025,شتيلا,
3774,2026-06-12 23:33:09.929673+00,2026-06-12 23:33:09.929673+00,,"{""fa"":""زحله""}",13026,زحله,
3775,2026-06-12 23:33:09.929673+00,2026-06-12 23:33:09.929673+00,,"{""fa"":""جوب جنين""}",13027,جوب جنين,
3776,2026-06-12 23:33:09.929673+00,2026-06-12 23:33:09.929673+00,,"{""fa"":""بعبدا""}",13028,بعبدا,
3777,2026-06-12 23:33:09.929673+00,2026-06-12 23:33:09.929673+00,,"{""fa"":""عليه""}",13029,عليه,
3778,2026-06-12 23:33:09.929673+00,2026-06-12 23:33:09.929673+00,,"{""fa"":""كوآلالومپور""}",13030,كوآلالومپور,
3779,2026-06-12 23:33:09.929673+00,2026-06-12 23:33:09.929673+00,,"{""fa"":""سرمبان""}",13031,سرمبان,
3780,2026-06-12 23:33:09.929673+00,2026-06-12 23:33:09.929673+00,,"{""fa"":""جهوربهارو""}",13032,جهوربهارو,
3781,2026-06-12 23:33:09.929673+00,2026-06-12 23:33:09.929673+00,,"{""fa"":""سونگخالا""}",13033,سونگخالا,
3782,2026-06-12 23:33:09.929673+00,2026-06-12 23:33:09.929673+00,,"{""fa"":""هاتياي""}",13034,هاتياي,
3783,2026-06-12 23:33:09.929673+00,2026-06-12 23:33:09.929673+00,,"{""fa"":""كوتاباهارو""}",13035,كوتاباهارو,
3784,2026-06-12 23:33:09.929673+00,2026-06-12 23:33:09.929673+00,,"{""fa"":""كوالاترنگانو""}",13036,كوالاترنگانو,
3785,2026-06-12 23:33:09.929673+00,2026-06-12 23:33:09.929673+00,,"{""fa"":""كوانتان""}",13037,كوانتان,
3786,2026-06-12 23:33:09.929673+00,2026-06-12 23:33:09.929673+00,,"{""fa"":""جوهرباهارو""}",13038,جوهرباهارو,
3787,2026-06-12 23:33:09.929673+00,2026-06-12 23:33:09.929673+00,,"{""fa"":""دهلينو""}",13039,دهلينو,
3788,2026-06-12 23:33:09.929673+00,2026-06-12 23:33:09.929673+00,,"{""fa"":""كلكته""}",13040,كلكته,
3789,2026-06-12 23:33:09.929673+00,2026-06-12 23:33:09.929673+00,,"{""fa"":""حيدرآباد""}",13041,حيدرآباد,
3790,2026-06-12 23:33:09.929673+00,2026-06-12 23:33:09.929673+00,,"{""fa"":""اجمر""}",13042,اجمر,
3791,2026-06-12 23:33:09.929673+00,2026-06-12 23:33:09.929673+00,,"{""fa"":""اوجين""}",13043,اوجين,
3792,2026-06-12 23:33:09.929673+00,2026-06-12 23:33:09.929673+00,,"{""fa"":""آركات""}",13044,آركات,
3793,2026-06-12 23:33:09.929673+00,2026-06-12 23:33:09.929673+00,,"{""fa"":""آسانسول""}",13045,آسانسول,
3794,2026-06-12 23:33:09.929673+00,2026-06-12 23:33:09.929673+00,,"{""fa"":""امريتسر""}",13046,امريتسر,
3795,2026-06-12 23:33:09.929673+00,2026-06-12 23:33:09.929673+00,,"{""fa"":""جايپور""}",13047,جايپور,
3796,2026-06-12 23:33:09.929673+00,2026-06-12 23:33:09.929673+00,,"{""fa"":""واراناسي""}",13048,واراناسي,
3797,2026-06-12 23:33:09.929673+00,2026-06-12 23:33:09.929673+00,,"{""fa"":""ويجايانگر""}",13049,ويجايانگر,
3798,2026-06-12 23:33:09.929673+00,2026-06-12 23:33:09.929673+00,,"{""fa"":""پونا""}",13050,پونا,
3799,2026-06-12 23:33:09.929673+00,2026-06-12 23:33:09.929673+00,,"{""fa"":""پونه""}",13051,پونه,
3800,2026-06-12 23:33:09.929673+00,2026-06-12 23:33:09.929673+00,,"{""fa"":""بوپال""}",13052,بوپال,
3801,2026-06-12 23:33:09.929673+00,2026-06-12 23:33:09.929673+00,,"{""fa"":""بنگلور""}",13053,بنگلور,
3802,2026-06-12 23:33:09.929673+00,2026-06-12 23:33:09.929673+00,,"{""fa"":""آندراپارادش""}",13054,آندراپارادش,
3803,2026-06-12 23:33:09.929673+00,2026-06-12 23:33:09.929673+00,,"{""fa"":""كرلا""}",13055,كرلا,
3804,2026-06-12 23:33:09.929673+00,2026-06-12 23:33:09.929673+00,,"{""fa"":""الهآباد""}",13056,الهآباد,
3805,2026-06-12 23:33:09.929673+00,2026-06-12 23:33:09.929673+00,,"{""fa"":""چنديگر""}",13057,چنديگر,
3806,2026-06-12 23:33:09.929673+00,2026-06-12 23:33:09.929673+00,,"{""fa"":""بنارس""}",13058,بنارس,
3807,2026-06-12 23:33:09.929673+00,2026-06-12 23:33:09.929673+00,,"{""fa"":""داروار""}",13059,داروار,
3808,2026-06-12 23:33:09.929673+00,2026-06-12 23:33:09.929673+00,,"{""fa"":""آرناچل پرادش""}",13060,آرناچل پرادش,
3809,2026-06-12 23:33:09.929673+00,2026-06-12 23:33:09.929673+00,,"{""fa"":""ايتانگر""}",13061,ايتانگر,
3810,2026-06-12 23:33:09.929673+00,2026-06-12 23:33:09.929673+00,,"{""fa"":""آسام""}",13062,آسام,
3811,2026-06-12 23:33:09.929673+00,2026-06-12 23:33:09.929673+00,,"{""fa"":""ديس پور""}",13063,ديس پور,
3812,2026-06-12 23:33:09.929673+00,2026-06-12 23:33:09.929673+00,,"{""fa"":""ناگالند""}",13064,ناگالند,
3813,2026-06-12 23:33:09.929673+00,2026-06-12 23:33:09.929673+00,,"{""fa"":""كوهيما""}",13065,كوهيما,
3814,2026-06-12 23:33:09.929673+00,2026-06-12 23:33:09.929673+00,,"{""fa"":""مگاليا""}",13066,مگاليا,
3815,2026-06-12 23:33:09.929673+00,2026-06-12 23:33:09.929673+00,,"{""fa"":""شيلونگ""}",13067,شيلونگ,
3816,2026-06-12 23:33:09.929673+00,2026-06-12 23:33:09.929673+00,,"{""fa"":""مانيپور""}",13068,مانيپور,
3817,2026-06-12 23:33:09.929673+00,2026-06-12 23:33:09.929673+00,,"{""fa"":""ايمپهل""}",13069,ايمپهل,
3818,2026-06-12 23:33:09.929673+00,2026-06-12 23:33:09.929673+00,,"{""fa"":""ميزورام""}",13070,ميزورام,
3819,2026-06-12 23:33:09.929673+00,2026-06-12 23:33:09.929673+00,,"{""fa"":""ايجال""}",13071,ايجال,
3820,2026-06-12 23:33:09.929673+00,2026-06-12 23:33:09.929673+00,,"{""fa"":""تري پورا""}",13072,تري پورا,
3821,2026-06-12 23:33:09.929673+00,2026-06-12 23:33:09.929673+00,,"{""fa"":""اگرتلا""}",13073,اگرتلا,
3822,2026-06-12 23:33:09.929673+00,2026-06-12 23:33:09.929673+00,,"{""fa"":""سيكيم""}",13074,سيكيم,
3823,2026-06-12 23:33:09.929673+00,2026-06-12 23:33:09.929673+00,,"{""fa"":""گنگ توك""}",13075,گنگ توك,
3824,2026-06-12 23:33:09.929673+00,2026-06-12 23:33:09.929673+00,,"{""fa"":""بنگال غربي""}",13076,بنگال غربي,
3825,2026-06-12 23:33:09.929673+00,2026-06-12 23:33:09.929673+00,,"{""fa"":""بيهار""}",13077,بيهار,
3826,2026-06-12 23:33:09.929673+00,2026-06-12 23:33:09.929673+00,,"{""fa"":""پتنا""}",13078,پتنا,
3827,2026-06-12 23:33:09.929673+00,2026-06-12 23:33:09.929673+00,,"{""fa"":""اوترپرادش""}",13079,اوترپرادش,
3828,2026-06-12 23:33:09.929673+00,2026-06-12 23:33:09.929673+00,,"{""fa"":""لكهنو""}",13080,لكهنو,
3829,2026-06-12 23:33:09.929673+00,2026-06-12 23:33:09.929673+00,,"{""fa"":""لوكنو""}",13081,لوكنو,
3830,2026-06-12 23:33:09.929673+00,2026-06-12 23:33:09.929673+00,,"{""fa"":""كانپور""}",13082,كانپور,
3831,2026-06-12 23:33:09.929673+00,2026-06-12 23:33:09.929673+00,,"{""fa"":""جامووكشمير""}",13083,جامووكشمير,
3832,2026-06-12 23:33:09.929673+00,2026-06-12 23:33:09.929673+00,,"{""fa"":""سرينگر""}",13084,سرينگر,
3833,2026-06-12 23:33:09.929673+00,2026-06-12 23:33:09.929673+00,,"{""fa"":""هيماچال پرادش""}",13085,هيماچال پرادش,
3834,2026-06-12 23:33:09.929673+00,2026-06-12 23:33:09.929673+00,,"{""fa"":""سيملا""}",13086,سيملا,
3835,2026-06-12 23:33:09.929673+00,2026-06-12 23:33:09.929673+00,,"{""fa"":""پنجاب""}",13087,پنجاب,
3836,2026-06-12 23:33:09.929673+00,2026-06-12 23:33:09.929673+00,,"{""fa"":""هريانا""}",13088,هريانا,
3837,2026-06-12 23:33:09.929673+00,2026-06-12 23:33:09.929673+00,,"{""fa"":""اشعيبه""}",13089,اشعيبه,
3838,2026-06-12 23:33:09.929673+00,2026-06-12 23:33:09.929673+00,,"{""fa"":""ام قصبه""}",13090,ام قصبه,
3839,2026-06-12 23:33:09.929673+00,2026-06-12 23:33:09.929673+00,,"{""fa"":""نامي""}",13091,نامي,
3840,2026-06-12 23:33:09.929673+00,2026-06-12 23:33:09.929673+00,,"{""fa"":""البحر""}",13092,البحر,
3841,2026-06-12 23:33:09.929673+00,2026-06-12 23:33:09.929673+00,,"{""fa"":""ژوهانسبورگ""}",13093,ژوهانسبورگ,
3842,2026-06-12 23:33:09.929673+00,2026-06-12 23:33:09.929673+00,,"{""fa"":""پرتوريا""}",13094,پرتوريا,
3843,2026-06-12 23:33:09.929673+00,2026-06-12 23:33:09.929673+00,,"{""fa"":""پورتاليزابت""}",13095,پورتاليزابت,
3844,2026-06-12 23:33:09.929673+00,2026-06-12 23:33:09.929673+00,,"{""fa"":""اپينگتون""}",13096,اپينگتون,
3845,2026-06-12 23:33:09.929673+00,2026-06-12 23:33:09.929673+00,,"{""fa"":""ويتهانك""}",13097,ويتهانك,
3846,2026-06-12 23:33:09.929673+00,2026-06-12 23:33:09.929673+00,,"{""fa"":""كروگرسدورپ""}",13098,كروگرسدورپ,
3847,2026-06-12 23:33:09.929673+00,2026-06-12 23:33:09.929673+00,,"{""fa"":""درنيگيئك""}",13099,درنيگيئك,
3848,2026-06-12 23:33:09.929673+00,2026-06-12 23:33:09.929673+00,,"{""fa"":""پوتچفس تروم""}",13100,پوتچفس تروم,
3849,2026-06-12 23:33:09.929673+00,2026-06-12 23:33:09.929673+00,,"{""fa"":""كلركسدورپ""}",13101,كلركسدورپ,
3850,2026-06-12 23:33:09.929673+00,2026-06-12 23:33:09.929673+00,,"{""fa"":""ولگام""}",13102,ولگام,
3851,2026-06-12 23:33:09.929673+00,2026-06-12 23:33:09.929673+00,,"{""fa"":""پيترماريسبورگ""}",13103,پيترماريسبورگ,
3852,2026-06-12 23:33:09.929673+00,2026-06-12 23:33:09.929673+00,,"{""fa"":""دوربان""}",13104,دوربان,
3853,2026-06-12 23:33:09.93454+00,2026-06-12 23:33:09.93454+00,,"{""fa"":""كيمبرلي""}",13105,كيمبرلي,
3854,2026-06-12 23:33:09.93454+00,2026-06-12 23:33:09.93454+00,,"{""fa"":""ايست لندن""}",13106,ايست لندن,
3930,2026-06-12 23:33:09.93454+00,2026-06-12 23:33:09.93454+00,,"{""fa"":""شاين""}",13183,شاين,
3855,2026-06-12 23:33:09.93454+00,2026-06-12 23:33:09.93454+00,,"{""fa"":""داويتن هاگ""}",13107,داويتن هاگ,
3856,2026-06-12 23:33:09.93454+00,2026-06-12 23:33:09.93454+00,,"{""fa"":""كيپ تاون""}",13108,كيپ تاون,
3857,2026-06-12 23:33:09.93454+00,2026-06-12 23:33:09.93454+00,,"{""fa"":""نيويورك""}",13109,نيويورك,
3858,2026-06-12 23:33:09.93454+00,2026-06-12 23:33:09.93454+00,,"{""fa"":""واشينگتن""}",13110,واشينگتن,
3859,2026-06-12 23:33:09.93454+00,2026-06-12 23:33:09.93454+00,,"{""fa"":""كاليفرنيا""}",13111,كاليفرنيا,
3860,2026-06-12 23:33:09.93454+00,2026-06-12 23:33:09.93454+00,,"{""fa"":""سانفرانسيسكو""}",13112,سانفرانسيسكو,
3861,2026-06-12 23:33:09.93454+00,2026-06-12 23:33:09.93454+00,,"{""fa"":""ويرجينيا""}",13113,ويرجينيا,
3862,2026-06-12 23:33:09.93454+00,2026-06-12 23:33:09.93454+00,,"{""fa"":""هوستون""}",13114,هوستون,
3863,2026-06-12 23:33:09.93454+00,2026-06-12 23:33:09.93454+00,,"{""fa"":""ميسيسيپي""}",13115,ميسيسيپي,
3864,2026-06-12 23:33:09.93454+00,2026-06-12 23:33:09.93454+00,,"{""fa"":""ميشيگان""}",13116,ميشيگان,
3865,2026-06-12 23:33:09.93454+00,2026-06-12 23:33:09.93454+00,,"{""fa"":""نيوجرسي""}",13117,نيوجرسي,
3866,2026-06-12 23:33:09.93454+00,2026-06-12 23:33:09.93454+00,,"{""fa"":""فيلادلفيا""}",13118,فيلادلفيا,
3867,2026-06-12 23:33:09.93454+00,2026-06-12 23:33:09.93454+00,,"{""fa"":""ويرجينيايغربي""}",13119,ويرجينيايغربي,
3868,2026-06-12 23:33:09.93454+00,2026-06-12 23:33:09.93454+00,,"{""fa"":""چارلستون""}",13120,چارلستون,
3869,2026-06-12 23:33:09.93454+00,2026-06-12 23:33:09.93454+00,,"{""fa"":""كارولينايشمالي""}",13121,كارولينايشمالي,
3870,2026-06-12 23:33:09.93454+00,2026-06-12 23:33:09.93454+00,,"{""fa"":""رالي""}",13122,رالي,
3871,2026-06-12 23:33:09.93454+00,2026-06-12 23:33:09.93454+00,,"{""fa"":""كارولينايجنوبي""}",13123,كارولينايجنوبي,
3872,2026-06-12 23:33:09.93454+00,2026-06-12 23:33:09.93454+00,,"{""fa"":""سونه""}",13125,سونه,
3873,2026-06-12 23:33:09.93454+00,2026-06-12 23:33:09.93454+00,,"{""fa"":""كلمبوس""}",13126,كلمبوس,
3874,2026-06-12 23:33:09.93454+00,2026-06-12 23:33:09.93454+00,,"{""fa"":""تالاهاسي""}",13127,تالاهاسي,
3875,2026-06-12 23:33:09.93454+00,2026-06-12 23:33:09.93454+00,,"{""fa"":""ديتون""}",13128,ديتون,
3876,2026-06-12 23:33:09.93454+00,2026-06-12 23:33:09.93454+00,,"{""fa"":""فلوريدا""}",13129,فلوريدا,
3877,2026-06-12 23:33:09.93454+00,2026-06-12 23:33:09.93454+00,,"{""fa"":""كليولند""}",13130,كليولند,
3878,2026-06-12 23:33:09.93454+00,2026-06-12 23:33:09.93454+00,,"{""fa"":""توليدو""}",13131,توليدو,
3879,2026-06-12 23:33:09.93454+00,2026-06-12 23:33:09.93454+00,,"{""fa"":""كنتاكي""}",13132,كنتاكي,
3880,2026-06-12 23:33:09.93454+00,2026-06-12 23:33:09.93454+00,,"{""fa"":""فرانكفورت""}",13133,فرانكفورت,
3881,2026-06-12 23:33:09.93454+00,2026-06-12 23:33:09.93454+00,,"{""fa"":""ناشويل""}",13134,ناشويل,
3882,2026-06-12 23:33:09.93454+00,2026-06-12 23:33:09.93454+00,,"{""fa"":""ناكسويل""}",13135,ناكسويل,
3883,2026-06-12 23:33:09.93454+00,2026-06-12 23:33:09.93454+00,,"{""fa"":""ممفيس""}",13136,ممفيس,
3884,2026-06-12 23:33:09.93454+00,2026-06-12 23:33:09.93454+00,,"{""fa"":""مونتگومري""}",13137,مونتگومري,
3885,2026-06-12 23:33:09.93454+00,2026-06-12 23:33:09.93454+00,,"{""fa"":""اينديانا""}",13138,اينديانا,
3886,2026-06-12 23:33:09.93454+00,2026-06-12 23:33:09.93454+00,,"{""fa"":""ايندياناپليس""}",13139,ايندياناپليس,
3887,2026-06-12 23:33:09.93454+00,2026-06-12 23:33:09.93454+00,,"{""fa"":""شيكاگو""}",13140,شيكاگو,
3888,2026-06-12 23:33:09.93454+00,2026-06-12 23:33:09.93454+00,,"{""fa"":""فورثوين""}",13141,فورثوين,
3889,2026-06-12 23:33:09.93454+00,2026-06-12 23:33:09.93454+00,,"{""fa"":""اونزويل""}",13142,اونزويل,
3890,2026-06-12 23:33:09.93454+00,2026-06-12 23:33:09.93454+00,,"{""fa"":""لانسينگ""}",13143,لانسينگ,
3891,2026-06-12 23:33:09.93454+00,2026-06-12 23:33:09.93454+00,,"{""fa"":""ويسكانسين""}",13144,ويسكانسين,
3892,2026-06-12 23:33:09.93454+00,2026-06-12 23:33:09.93454+00,,"{""fa"":""مديسن""}",13145,مديسن,
3893,2026-06-12 23:33:09.93454+00,2026-06-12 23:33:09.93454+00,,"{""fa"":""ميلواكي""}",13146,ميلواكي,
3894,2026-06-12 23:33:09.93454+00,2026-06-12 23:33:09.93454+00,,"{""fa"":""پيوريا""}",13147,پيوريا,
3895,2026-06-12 23:33:09.93454+00,2026-06-12 23:33:09.93454+00,,"{""fa"":""راكفورد""}",13148,راكفورد,
3896,2026-06-12 23:33:09.93454+00,2026-06-12 23:33:09.93454+00,,"{""fa"":""جكسون""}",13149,جكسون,
3897,2026-06-12 23:33:09.93454+00,2026-06-12 23:33:09.93454+00,,"{""fa"":""لوئيزيانا""}",13150,لوئيزيانا,
3898,2026-06-12 23:33:09.93454+00,2026-06-12 23:33:09.93454+00,,"{""fa"":""كانزاسسيتي""}",13151,كانزاسسيتي,
3899,2026-06-12 23:33:09.93454+00,2026-06-12 23:33:09.93454+00,,"{""fa"":""باتنروژ""}",13152,باتنروژ,
3900,2026-06-12 23:33:09.93454+00,2026-06-12 23:33:09.93454+00,,"{""fa"":""نيواورلئان""}",13153,نيواورلئان,
3901,2026-06-12 23:33:09.93454+00,2026-06-12 23:33:09.93454+00,,"{""fa"":""شريوپورت""}",13154,شريوپورت,
3902,2026-06-12 23:33:09.93454+00,2026-06-12 23:33:09.93454+00,,"{""fa"":""آركانزاس""}",13155,آركانزاس,
3903,2026-06-12 23:33:09.93454+00,2026-06-12 23:33:09.93454+00,,"{""fa"":""ليتلراك""}",13156,ليتلراك,
3904,2026-06-12 23:33:09.93454+00,2026-06-12 23:33:09.93454+00,,"{""fa"":""ميزوري""}",13157,ميزوري,
3905,2026-06-12 23:33:09.93454+00,2026-06-12 23:33:09.93454+00,,"{""fa"":""جفرسونسيتي""}",13158,جفرسونسيتي,
3906,2026-06-12 23:33:09.93454+00,2026-06-12 23:33:09.93454+00,,"{""fa"":""آيوا""}",13159,آيوا,
3907,2026-06-12 23:33:09.93454+00,2026-06-12 23:33:09.93454+00,,"{""fa"":""دمونيز""}",13160,دمونيز,
3908,2026-06-12 23:33:09.93454+00,2026-06-12 23:33:09.93454+00,,"{""fa"":""داونيورت""}",13161,داونيورت,
3909,2026-06-12 23:33:09.93454+00,2026-06-12 23:33:09.93454+00,,"{""fa"":""لسآنجلس""}",13162,لسآنجلس,
3910,2026-06-12 23:33:09.93454+00,2026-06-12 23:33:09.93454+00,,"{""fa"":""مينهسوتا""}",13163,مينهسوتا,
3911,2026-06-12 23:33:09.93454+00,2026-06-12 23:33:09.93454+00,,"{""fa"":""سنت پل""}",13164,سنت پل,
3912,2026-06-12 23:33:09.93454+00,2026-06-12 23:33:09.93454+00,,"{""fa"":""داكوتايشمالي""}",13165,داكوتايشمالي,
3913,2026-06-12 23:33:09.93454+00,2026-06-12 23:33:09.93454+00,,"{""fa"":""داكوتايجنوبي""}",13166,داكوتايجنوبي,
3914,2026-06-12 23:33:09.93454+00,2026-06-12 23:33:09.93454+00,,"{""fa"":""بيسمارك""}",13167,بيسمارك,
3915,2026-06-12 23:33:09.93454+00,2026-06-12 23:33:09.93454+00,,"{""fa"":""پير""}",13168,پير,
3916,2026-06-12 23:33:09.93454+00,2026-06-12 23:33:09.93454+00,,"{""fa"":""نبراسكا""}",13169,نبراسكا,
3917,2026-06-12 23:33:09.93454+00,2026-06-12 23:33:09.93454+00,,"{""fa"":""لينكلن""}",13170,لينكلن,
3918,2026-06-12 23:33:09.93454+00,2026-06-12 23:33:09.93454+00,,"{""fa"":""اوهاما""}",13171,اوهاما,
3919,2026-06-12 23:33:09.93454+00,2026-06-12 23:33:09.93454+00,,"{""fa"":""توپيكا""}",13172,توپيكا,
3920,2026-06-12 23:33:09.93454+00,2026-06-12 23:33:09.93454+00,,"{""fa"":""تگزاس""}",13173,تگزاس,
3921,2026-06-12 23:33:09.93454+00,2026-06-12 23:33:09.93454+00,,"{""fa"":""اوكلاهما""}",13174,اوكلاهما,
3922,2026-06-12 23:33:09.93454+00,2026-06-12 23:33:09.93454+00,,"{""fa"":""آستين""}",13175,آستين,
3923,2026-06-12 23:33:09.93454+00,2026-06-12 23:33:09.93454+00,,"{""fa"":""آماريو""}",13176,آماريو,
3924,2026-06-12 23:33:09.93454+00,2026-06-12 23:33:09.93454+00,,"{""fa"":""سانآنتونيو""}",13177,سانآنتونيو,
3925,2026-06-12 23:33:09.93454+00,2026-06-12 23:33:09.93454+00,,"{""fa"":""سانتافه""}",13178,سانتافه,
3926,2026-06-12 23:33:09.93454+00,2026-06-12 23:33:09.93454+00,,"{""fa"":""آلبوكرك""}",13179,آلبوكرك,
3927,2026-06-12 23:33:09.93454+00,2026-06-12 23:33:09.93454+00,,"{""fa"":""اورورا""}",13180,اورورا,
3928,2026-06-12 23:33:09.93454+00,2026-06-12 23:33:09.93454+00,,"{""fa"":""كلرادواسپرينگر""}",13181,كلرادواسپرينگر,
3929,2026-06-12 23:33:09.93454+00,2026-06-12 23:33:09.93454+00,,"{""fa"":""وايومينگ""}",13182,وايومينگ,
3931,2026-06-12 23:33:09.93454+00,2026-06-12 23:33:09.93454+00,,"{""fa"":""جورجيا""}",13184,جورجيا,
3932,2026-06-12 23:33:09.93454+00,2026-06-12 23:33:09.93454+00,,"{""fa"":""مونتانا""}",13185,مونتانا,
3933,2026-06-12 23:33:09.93454+00,2026-06-12 23:33:09.93454+00,,"{""fa"":""هلنا""}",13186,هلنا,
3934,2026-06-12 23:33:09.93454+00,2026-06-12 23:33:09.93454+00,,"{""fa"":""اولمپيا""}",13187,اولمپيا,
3935,2026-06-12 23:33:09.93454+00,2026-06-12 23:33:09.93454+00,,"{""fa"":""تاكوما""}",13188,تاكوما,
3936,2026-06-12 23:33:09.93454+00,2026-06-12 23:33:09.93454+00,,"{""fa"":""اسپوكن""}",13189,اسپوكن,
3937,2026-06-12 23:33:09.93454+00,2026-06-12 23:33:09.93454+00,,"{""fa"":""آيداهو""}",13190,آيداهو,
3938,2026-06-12 23:33:09.93454+00,2026-06-12 23:33:09.93454+00,,"{""fa"":""بويزي""}",13191,بويزي,
3939,2026-06-12 23:33:09.93454+00,2026-06-12 23:33:09.93454+00,,"{""fa"":""يوتا""}",13192,يوتا,
3940,2026-06-12 23:33:09.93454+00,2026-06-12 23:33:09.93454+00,,"{""fa"":""سالتليك سيتي""}",13193,سالتليك سيتي,
3941,2026-06-12 23:33:09.93454+00,2026-06-12 23:33:09.93454+00,,"{""fa"":""اورگن""}",13194,اورگن,
3942,2026-06-12 23:33:09.93454+00,2026-06-12 23:33:09.93454+00,,"{""fa"":""آتلانتا""}",13195,آتلانتا,
3943,2026-06-12 23:33:09.93454+00,2026-06-12 23:33:09.93454+00,,"{""fa"":""سيلم""}",13196,سيلم,
3944,2026-06-12 23:33:09.93454+00,2026-06-12 23:33:09.93454+00,,"{""fa"":""نوادا""}",13197,نوادا,
3945,2026-06-12 23:33:09.93454+00,2026-06-12 23:33:09.93454+00,,"{""fa"":""كارسونسيتي""}",13198,كارسونسيتي,
3946,2026-06-12 23:33:09.93454+00,2026-06-12 23:33:09.93454+00,,"{""fa"":""رنو""}",13199,رنو,
3947,2026-06-12 23:33:09.93454+00,2026-06-12 23:33:09.93454+00,,"{""fa"":""ساكرامنتو""}",13200,ساكرامنتو,
3948,2026-06-12 23:33:09.93454+00,2026-06-12 23:33:09.93454+00,,"{""fa"":""بركلي""}",13201,بركلي,
3949,2026-06-12 23:33:09.93454+00,2026-06-12 23:33:09.93454+00,,"{""fa"":""اوكلند""}",13202,اوكلند,
3950,2026-06-12 23:33:09.93454+00,2026-06-12 23:33:09.93454+00,,"{""fa"":""ميامي""}",13203,ميامي,
3951,2026-06-12 23:33:09.93454+00,2026-06-12 23:33:09.93454+00,,"{""fa"":""جكسونويل""}",13204,جكسونويل,
3952,2026-06-12 23:33:09.93454+00,2026-06-12 23:33:09.93454+00,,"{""fa"":""كاسپر""}",13205,كاسپر,
3953,2026-06-12 23:33:09.942344+00,2026-06-12 23:33:09.942344+00,,"{""fa"":""بستون""}",13206,بستون,
3954,2026-06-12 23:33:09.942344+00,2026-06-12 23:33:09.942344+00,,"{""fa"":""واترلو""}",13207,واترلو,
3955,2026-06-12 23:33:09.942344+00,2026-06-12 23:33:09.942344+00,,"{""fa"":""آرلينگتن""}",13208,آرلينگتن,
3956,2026-06-12 23:33:09.942344+00,2026-06-12 23:33:09.942344+00,,"{""fa"":""آريزونا""}",13209,آريزونا,
3957,2026-06-12 23:33:09.942344+00,2026-06-12 23:33:09.942344+00,,"{""fa"":""فلگستف""}",13210,فلگستف,
3958,2026-06-12 23:33:09.942344+00,2026-06-12 23:33:09.942344+00,,"{""fa"":""مسا""}",13211,مسا,
3959,2026-06-12 23:33:09.942344+00,2026-06-12 23:33:09.942344+00,,"{""fa"":""يوما""}",13212,يوما,
3960,2026-06-12 23:33:09.942344+00,2026-06-12 23:33:09.942344+00,,"{""fa"":""نوگالس""}",13213,نوگالس,
3961,2026-06-12 23:33:09.942344+00,2026-06-12 23:33:09.942344+00,,"{""fa"":""پرسكآيل""}",13214,پرسكآيل,
3962,2026-06-12 23:33:09.942344+00,2026-06-12 23:33:09.942344+00,,"{""fa"":""پرتلند""}",13215,پرتلند,
3963,2026-06-12 23:33:09.942344+00,2026-06-12 23:33:09.942344+00,,"{""fa"":""منچستر""}",13216,منچستر,
3964,2026-06-12 23:33:09.942344+00,2026-06-12 23:33:09.942344+00,,"{""fa"":""ايلينويز""}",13217,ايلينويز,
3965,2026-06-12 23:33:09.942344+00,2026-06-12 23:33:09.942344+00,,"{""fa"":""لين""}",13218,لين,
3966,2026-06-12 23:33:09.942344+00,2026-06-12 23:33:09.942344+00,,"{""fa"":""نيوبدفورد""}",13219,نيوبدفورد,
3967,2026-06-12 23:33:09.942344+00,2026-06-12 23:33:09.942344+00,,"{""fa"":""واتربري""}",13220,واتربري,
3968,2026-06-12 23:33:09.942344+00,2026-06-12 23:33:09.942344+00,,"{""fa"":""بريجپورت""}",13221,بريجپورت,
3969,2026-06-12 23:33:09.942344+00,2026-06-12 23:33:09.942344+00,,"{""fa"":""بونكرز""}",13222,بونكرز,
3970,2026-06-12 23:33:09.942344+00,2026-06-12 23:33:09.942344+00,,"{""fa"":""پاترسون""}",13223,پاترسون,
3971,2026-06-12 23:33:09.942344+00,2026-06-12 23:33:09.942344+00,,"{""fa"":""جرزيسيتي""}",13224,جرزيسيتي,
3972,2026-06-12 23:33:09.942344+00,2026-06-12 23:33:09.942344+00,,"{""fa"":""آتلانتيكسيتي""}",13225,آتلانتيكسيتي,
3973,2026-06-12 23:33:09.942344+00,2026-06-12 23:33:09.942344+00,,"{""fa"":""كامدن""}",13226,كامدن,
3974,2026-06-12 23:33:09.942344+00,2026-06-12 23:33:09.942344+00,,"{""fa"":""هريسبرگ""}",13227,هريسبرگ,
3975,2026-06-12 23:33:09.942344+00,2026-06-12 23:33:09.942344+00,,"{""fa"":""ريچموند""}",13228,ريچموند,
3976,2026-06-12 23:33:09.942344+00,2026-06-12 23:33:09.942344+00,,"{""fa"":""آلنتاون""}",13229,آلنتاون,
3977,2026-06-12 23:33:09.942344+00,2026-06-12 23:33:09.942344+00,,"{""fa"":""اسكرانتون""}",13230,اسكرانتون,
3978,2026-06-12 23:33:09.942344+00,2026-06-12 23:33:09.942344+00,,"{""fa"":""سيراكيوز""}",13231,سيراكيوز,
3979,2026-06-12 23:33:09.942344+00,2026-06-12 23:33:09.942344+00,,"{""fa"":""بينگهامتون""}",13232,بينگهامتون,
3980,2026-06-12 23:33:09.942344+00,2026-06-12 23:33:09.942344+00,,"{""fa"":""ويليامزپورت""}",13233,ويليامزپورت,
3981,2026-06-12 23:33:09.942344+00,2026-06-12 23:33:09.942344+00,,"{""fa"":""پيتسبرگ""}",13234,پيتسبرگ,
3982,2026-06-12 23:33:09.942344+00,2026-06-12 23:33:09.942344+00,,"{""fa"":""نياگارافالز""}",13235,نياگارافالز,
3983,2026-06-12 23:33:09.942344+00,2026-06-12 23:33:09.942344+00,,"{""fa"":""آناپليس""}",13236,آناپليس,
3984,2026-06-12 23:33:09.942344+00,2026-06-12 23:33:09.942344+00,,"{""fa"":""الكساندريا""}",13237,الكساندريا,
3985,2026-06-12 23:33:09.942344+00,2026-06-12 23:33:09.942344+00,,"{""fa"":""ويرجينيابيچ""}",13238,ويرجينيابيچ,
3986,2026-06-12 23:33:09.942344+00,2026-06-12 23:33:09.942344+00,,"{""fa"":""پنسيلوانيا""}",13239,پنسيلوانيا,
3987,2026-06-12 23:33:09.942344+00,2026-06-12 23:33:09.942344+00,,"{""fa"":""نيوپورتنيور""}",13240,نيوپورتنيور,
3988,2026-06-12 23:33:09.942344+00,2026-06-12 23:33:09.942344+00,,"{""fa"":""پورتسموت""}",13241,پورتسموت,
3989,2026-06-12 23:33:09.942344+00,2026-06-12 23:33:09.942344+00,,"{""fa"":""چسابيك""}",13242,چسابيك,
3990,2026-06-12 23:33:09.942344+00,2026-06-12 23:33:09.942344+00,,"{""fa"":""استانتون""}",13243,استانتون,
3991,2026-06-12 23:33:09.942344+00,2026-06-12 23:33:09.942344+00,,"{""fa"":""رونوك""}",13244,رونوك,
3992,2026-06-12 23:33:09.942344+00,2026-06-12 23:33:09.942344+00,,"{""fa"":""دورهام""}",13245,دورهام,
3993,2026-06-12 23:33:09.942344+00,2026-06-12 23:33:09.942344+00,,"{""fa"":""گرينزبره""}",13246,گرينزبره,
3994,2026-06-12 23:33:09.942344+00,2026-06-12 23:33:09.942344+00,,"{""fa"":""وينستونسيلم""}",13247,وينستونسيلم,
3995,2026-06-12 23:33:09.942344+00,2026-06-12 23:33:09.942344+00,,"{""fa"":""اشويل""}",13248,اشويل,
3996,2026-06-12 23:33:09.942344+00,2026-06-12 23:33:09.942344+00,,"{""fa"":""ويلمينگتون""}",13249,ويلمينگتون,
3997,2026-06-12 23:33:09.942344+00,2026-06-12 23:33:09.942344+00,,"{""fa"":""هانتينگتون""}",13250,هانتينگتون,
3998,2026-06-12 23:33:09.942344+00,2026-06-12 23:33:09.942344+00,,"{""fa"":""گرينويل""}",13251,گرينويل,
3999,2026-06-12 23:33:09.942344+00,2026-06-12 23:33:09.942344+00,,"{""fa"":""يانگاستون""}",13252,يانگاستون,
4000,2026-06-12 23:33:09.942344+00,2026-06-12 23:33:09.942344+00,,"{""fa"":""كانتون""}",13253,كانتون,
4001,2026-06-12 23:33:09.942344+00,2026-06-12 23:33:09.942344+00,,"{""fa"":""ليما""}",13254,ليما,
4002,2026-06-12 23:33:09.942344+00,2026-06-12 23:33:09.942344+00,,"{""fa"":""هاميلتون""}",13255,هاميلتون,
4003,2026-06-12 23:33:09.942344+00,2026-06-12 23:33:09.942344+00,,"{""fa"":""آلپينا""}",13256,آلپينا,
4004,2026-06-12 23:33:09.942344+00,2026-06-12 23:33:09.942344+00,,"{""fa"":""بيسيتي""}",13257,بيسيتي,
4005,2026-06-12 23:33:09.942344+00,2026-06-12 23:33:09.942344+00,,"{""fa"":""فلينت""}",13258,فلينت,
4006,2026-06-12 23:33:09.942344+00,2026-06-12 23:33:09.942344+00,,"{""fa"":""پونتياك""}",13259,پونتياك,
4007,2026-06-12 23:33:09.942344+00,2026-06-12 23:33:09.942344+00,,"{""fa"":""آكرون""}",13260,آكرون,
4008,2026-06-12 23:33:09.942344+00,2026-06-12 23:33:09.942344+00,,"{""fa"":""استرلينگ""}",13261,استرلينگ,
4009,2026-06-12 23:33:09.942344+00,2026-06-12 23:33:09.942344+00,,"{""fa"":""وارن""}",13262,وارن,
4010,2026-06-12 23:33:09.942344+00,2026-06-12 23:33:09.942344+00,,"{""fa"":""ليوونيا""}",13263,ليوونيا,
4011,2026-06-12 23:33:09.942344+00,2026-06-12 23:33:09.942344+00,,"{""fa"":""آنآربور""}",13264,آنآربور,
4012,2026-06-12 23:33:09.942344+00,2026-06-12 23:33:09.942344+00,,"{""fa"":""كالامازو""}",13265,كالامازو,
4013,2026-06-12 23:33:09.942344+00,2026-06-12 23:33:09.942344+00,,"{""fa"":""گراندراپيدز""}",13266,گراندراپيدز,
4014,2026-06-12 23:33:09.942344+00,2026-06-12 23:33:09.942344+00,,"{""fa"":""سوتبند""}",13267,سوتبند,
4015,2026-06-12 23:33:09.942344+00,2026-06-12 23:33:09.942344+00,,"{""fa"":""گاري""}",13268,گاري,
4016,2026-06-12 23:33:09.942344+00,2026-06-12 23:33:09.942344+00,,"{""fa"":""هاموند""}",13269,هاموند,
4017,2026-06-12 23:33:09.942344+00,2026-06-12 23:33:09.942344+00,,"{""fa"":""ترهوت""}",13270,ترهوت,
4018,2026-06-12 23:33:09.942344+00,2026-06-12 23:33:09.942344+00,,"{""fa"":""سينسيناتي""}",13271,سينسيناتي,
4019,2026-06-12 23:33:09.942344+00,2026-06-12 23:33:09.942344+00,,"{""fa"":""كووينگتون""}",13272,كووينگتون,
4020,2026-06-12 23:33:09.942344+00,2026-06-12 23:33:09.942344+00,,"{""fa"":""لوئيويل""}",13273,لوئيويل,
4021,2026-06-12 23:33:09.942344+00,2026-06-12 23:33:09.942344+00,,"{""fa"":""ميكن""}",13274,ميكن,
4022,2026-06-12 23:33:09.942344+00,2026-06-12 23:33:09.942344+00,,"{""fa"":""گينسويل""}",13275,گينسويل,
4023,2026-06-12 23:33:09.942344+00,2026-06-12 23:33:09.942344+00,,"{""fa"":""سنتپيترزبورگ""}",13276,سنتپيترزبورگ,
4024,2026-06-12 23:33:09.942344+00,2026-06-12 23:33:09.942344+00,,"{""fa"":""پالمبيچ""}",13277,پالمبيچ,
4025,2026-06-12 23:33:09.942344+00,2026-06-12 23:33:09.942344+00,,"{""fa"":""فورتلودردال""}",13278,فورتلودردال,
4026,2026-06-12 23:33:09.942344+00,2026-06-12 23:33:09.942344+00,,"{""fa"":""هاليوود""}",13279,هاليوود,
4027,2026-06-12 23:33:09.942344+00,2026-06-12 23:33:09.942344+00,,"{""fa"":""پنساكولا""}",13280,پنساكولا,
4028,2026-06-12 23:33:09.942344+00,2026-06-12 23:33:09.942344+00,,"{""fa"":""اورلاندو""}",13281,اورلاندو,
4029,2026-06-12 23:33:09.942344+00,2026-06-12 23:33:09.942344+00,,"{""fa"":""گادسدن""}",13282,گادسدن,
4030,2026-06-12 23:33:09.942344+00,2026-06-12 23:33:09.942344+00,,"{""fa"":""تاسكالوزا""}",13283,تاسكالوزا,
4031,2026-06-12 23:33:09.942344+00,2026-06-12 23:33:09.942344+00,,"{""fa"":""موبيل""}",13284,موبيل,
4032,2026-06-12 23:33:09.942344+00,2026-06-12 23:33:09.942344+00,,"{""fa"":""مريدين""}",13285,مريدين,
4033,2026-06-12 23:33:09.942344+00,2026-06-12 23:33:09.942344+00,,"{""fa"":""بيلوكسي""}",13286,بيلوكسي,
4034,2026-06-12 23:33:09.942344+00,2026-06-12 23:33:09.942344+00,,"{""fa"":""مونرو""}",13287,مونرو,
4035,2026-06-12 23:33:09.942344+00,2026-06-12 23:33:09.942344+00,,"{""fa"":""ليكچارلز""}",13288,ليكچارلز,
4036,2026-06-12 23:33:09.942344+00,2026-06-12 23:33:09.942344+00,,"{""fa"":""سوپريور""}",13289,سوپريور,
4037,2026-06-12 23:33:09.942344+00,2026-06-12 23:33:09.942344+00,,"{""fa"":""گرينبي""}",13290,گرينبي,
4038,2026-06-12 23:33:09.942344+00,2026-06-12 23:33:09.942344+00,,"{""fa"":""اپلتون""}",13291,اپلتون,
4039,2026-06-12 23:33:09.942344+00,2026-06-12 23:33:09.942344+00,,"{""fa"":""اوكلاهماسيتي""}",13292,اوكلاهماسيتي,
4040,2026-06-12 23:33:09.942344+00,2026-06-12 23:33:09.942344+00,,"{""fa"":""راسين""}",13293,راسين,
4041,2026-06-12 23:33:09.942344+00,2026-06-12 23:33:09.942344+00,,"{""fa"":""راكآيلند""}",13294,راكآيلند,
4042,2026-06-12 23:33:09.942344+00,2026-06-12 23:33:09.942344+00,,"{""fa"":""ديكيچر""}",13295,ديكيچر,
4043,2026-06-12 23:33:09.942344+00,2026-06-12 23:33:09.942344+00,,"{""fa"":""ايستسنتلوئيس""}",13296,ايستسنتلوئيس,
4044,2026-06-12 23:33:09.942344+00,2026-06-12 23:33:09.942344+00,,"{""fa"":""دولوت""}",13297,دولوت,
4045,2026-06-12 23:33:09.942344+00,2026-06-12 23:33:09.942344+00,,"{""fa"":""دوبوكوئه""}",13298,دوبوكوئه,
4046,2026-06-12 23:33:09.942344+00,2026-06-12 23:33:09.942344+00,,"{""fa"":""سيداررابيدز""}",13299,سيداررابيدز,
4047,2026-06-12 23:33:09.942344+00,2026-06-12 23:33:09.942344+00,,"{""fa"":""سيوسيتي""}",13300,سيوسيتي,
4048,2026-06-12 23:33:09.942344+00,2026-06-12 23:33:09.942344+00,,"{""fa"":""سنتژوزف""}",13301,سنتژوزف,
4049,2026-06-12 23:33:09.942344+00,2026-06-12 23:33:09.942344+00,,"{""fa"":""ايندپندنس""}",13302,ايندپندنس,
4050,2026-06-12 23:33:09.942344+00,2026-06-12 23:33:09.942344+00,,"{""fa"":""بيرمنگام""}",13303,بيرمنگام,
4051,2026-06-12 23:33:09.942344+00,2026-06-12 23:33:09.942344+00,,"{""fa"":""كپگيراردئو""}",13304,كپگيراردئو,
4052,2026-06-12 23:33:09.942344+00,2026-06-12 23:33:09.942344+00,,"{""fa"":""فورتاسميت""}",13305,فورتاسميت,
4053,2026-06-12 23:33:09.948243+00,2026-06-12 23:33:09.948243+00,,"{""fa"":""الدورادو""}",13306,الدورادو,
4054,2026-06-12 23:33:09.948243+00,2026-06-12 23:33:09.948243+00,,"{""fa"":""گراندفوركس""}",13307,گراندفوركس,
4055,2026-06-12 23:33:09.948243+00,2026-06-12 23:33:09.948243+00,,"{""fa"":""فارگو""}",13308,فارگو,
4056,2026-06-12 23:33:09.948243+00,2026-06-12 23:33:09.948243+00,,"{""fa"":""مينوت""}",13309,مينوت,
4057,2026-06-12 23:33:09.948243+00,2026-06-12 23:33:09.948243+00,,"{""fa"":""ويلينستون""}",13310,ويلينستون,
4058,2026-06-12 23:33:09.948243+00,2026-06-12 23:33:09.948243+00,,"{""fa"":""ابردين""}",13311,ابردين,
4059,2026-06-12 23:33:09.948243+00,2026-06-12 23:33:09.948243+00,,"{""fa"":""راپيدسيتي""}",13312,راپيدسيتي,
4060,2026-06-12 23:33:09.948243+00,2026-06-12 23:33:09.948243+00,,"{""fa"":""سيوفالز""}",13313,سيوفالز,
4061,2026-06-12 23:33:09.948243+00,2026-06-12 23:33:09.948243+00,,"{""fa"":""پورتلند""}",13314,پورتلند,
4062,2026-06-12 23:33:09.948243+00,2026-06-12 23:33:09.948243+00,,"{""fa"":""بلدلند""}",13315,بلدلند,
4063,2026-06-12 23:33:09.948243+00,2026-06-12 23:33:09.948243+00,,"{""fa"":""شادرن""}",13316,شادرن,
4064,2026-06-12 23:33:09.948243+00,2026-06-12 23:33:09.948243+00,,"{""fa"":""نورتپلات""}",13317,نورتپلات,
4065,2026-06-12 23:33:09.948243+00,2026-06-12 23:33:09.948243+00,,"{""fa"":""گراندآيلند""}",13318,گراندآيلند,
4066,2026-06-12 23:33:09.948243+00,2026-06-12 23:33:09.948243+00,,"{""fa"":""ويچيتا""}",13319,ويچيتا,
4067,2026-06-12 23:33:09.948243+00,2026-06-12 23:33:09.948243+00,,"{""fa"":""داجسيتي""}",13320,داجسيتي,
4068,2026-06-12 23:33:09.948243+00,2026-06-12 23:33:09.948243+00,,"{""fa"":""لاوتون""}",13321,لاوتون,
4069,2026-06-12 23:33:09.948243+00,2026-06-12 23:33:09.948243+00,,"{""fa"":""ايروينگ""}",13322,ايروينگ,
4070,2026-06-12 23:33:09.948243+00,2026-06-12 23:33:09.948243+00,,"{""fa"":""گارلند""}",13323,گارلند,
4071,2026-06-12 23:33:09.948243+00,2026-06-12 23:33:09.948243+00,,"{""fa"":""فورتورت""}",13324,فورتورت,
4072,2026-06-12 23:33:09.948243+00,2026-06-12 23:33:09.948243+00,,"{""fa"":""تامپا""}",13325,تامپا,
4073,2026-06-12 23:33:09.948243+00,2026-06-12 23:33:09.948243+00,,"{""fa"":""تايلر""}",13326,تايلر,
4074,2026-06-12 23:33:09.948243+00,2026-06-12 23:33:09.948243+00,,"{""fa"":""بومونت""}",13327,بومونت,
4075,2026-06-12 23:33:09.948243+00,2026-06-12 23:33:09.948243+00,,"{""fa"":""پورتآرتور""}",13328,پورتآرتور,
4076,2026-06-12 23:33:09.948243+00,2026-06-12 23:33:09.948243+00,,"{""fa"":""پاسادنا""}",13329,پاسادنا,
4077,2026-06-12 23:33:09.948243+00,2026-06-12 23:33:09.948243+00,,"{""fa"":""گالوستون""}",13330,گالوستون,
4078,2026-06-12 23:33:09.948243+00,2026-06-12 23:33:09.948243+00,,"{""fa"":""واكو""}",13331,واكو,
4079,2026-06-12 23:33:09.948243+00,2026-06-12 23:33:09.948243+00,,"{""fa"":""آبلين""}",13332,آبلين,
4080,2026-06-12 23:33:09.948243+00,2026-06-12 23:33:09.948243+00,,"{""fa"":""كورپوسكريستي""}",13333,كورپوسكريستي,
4081,2026-06-12 23:33:09.948243+00,2026-06-12 23:33:09.948243+00,,"{""fa"":""براونسويل""}",13334,براونسويل,
4082,2026-06-12 23:33:09.948243+00,2026-06-12 23:33:09.948243+00,,"{""fa"":""لاردو""}",13335,لاردو,
4083,2026-06-12 23:33:09.948243+00,2026-06-12 23:33:09.948243+00,,"{""fa"":""توسان""}",13336,توسان,
4084,2026-06-12 23:33:09.948243+00,2026-06-12 23:33:09.948243+00,,"{""fa"":""سانآنجلو""}",13337,سانآنجلو,
4085,2026-06-12 23:33:09.948243+00,2026-06-12 23:33:09.948243+00,,"{""fa"":""اودسا""}",13338,اودسا,
4086,2026-06-12 23:33:09.948243+00,2026-06-12 23:33:09.948243+00,,"{""fa"":""ميدلند""}",13339,ميدلند,
4087,2026-06-12 23:33:09.948243+00,2026-06-12 23:33:09.948243+00,,"{""fa"":""لوبك""}",13340,لوبك,
4088,2026-06-12 23:33:09.948243+00,2026-06-12 23:33:09.948243+00,,"{""fa"":""گلاسكو""}",13341,گلاسكو,
4089,2026-06-12 23:33:09.948243+00,2026-06-12 23:33:09.948243+00,,"{""fa"":""هاور""}",13342,هاور,
4090,2026-06-12 23:33:09.948243+00,2026-06-12 23:33:09.948243+00,,"{""fa"":""گريتفالز""}",13343,گريتفالز,
4091,2026-06-12 23:33:09.948243+00,2026-06-12 23:33:09.948243+00,,"{""fa"":""بيلينگز""}",13344,بيلينگز,
4092,2026-06-12 23:33:09.948243+00,2026-06-12 23:33:09.948243+00,,"{""fa"":""اورت""}",13345,اورت,
4093,2026-06-12 23:33:09.948243+00,2026-06-12 23:33:09.948243+00,,"{""fa"":""ياكيما""}",13346,ياكيما,
4094,2026-06-12 23:33:09.948243+00,2026-06-12 23:33:09.948243+00,,"{""fa"":""تولسا""}",13347,تولسا,
4095,2026-06-12 23:33:09.948243+00,2026-06-12 23:33:09.948243+00,,"{""fa"":""بيكر""}",13348,بيكر,
4096,2026-06-12 23:33:09.948243+00,2026-06-12 23:33:09.948243+00,,"{""fa"":""كلاماتفالز""}",13349,كلاماتفالز,
4097,2026-06-12 23:33:09.948243+00,2026-06-12 23:33:09.948243+00,,"{""fa"":""پوكاتلو""}",13350,پوكاتلو,
4098,2026-06-12 23:33:09.948243+00,2026-06-12 23:33:09.948243+00,,"{""fa"":""توينفالز""}",13351,توينفالز,
4099,2026-06-12 23:33:09.948243+00,2026-06-12 23:33:09.948243+00,,"{""fa"":""فورتكالينز""}",13352,فورتكالينز,
4100,2026-06-12 23:33:09.948243+00,2026-06-12 23:33:09.948243+00,,"{""fa"":""ليكوود""}",13353,ليكوود,
4101,2026-06-12 23:33:09.948243+00,2026-06-12 23:33:09.948243+00,,"{""fa"":""پوئبلو""}",13354,پوئبلو,
4102,2026-06-12 23:33:09.948243+00,2026-06-12 23:33:09.948243+00,,"{""fa"":""گراندجانكشن""}",13355,گراندجانكشن,
4103,2026-06-12 23:33:09.948243+00,2026-06-12 23:33:09.948243+00,,"{""fa"":""آگدن""}",13356,آگدن,
4104,2026-06-12 23:33:09.948243+00,2026-06-12 23:33:09.948243+00,,"{""fa"":""دالاس""}",13358,دالاس,
4105,2026-06-12 23:33:09.948243+00,2026-06-12 23:33:09.948243+00,,"{""fa"":""كدارسيتي""}",13359,كدارسيتي,
4106,2026-06-12 23:33:09.948243+00,2026-06-12 23:33:09.948243+00,,"{""fa"":""گالاپ""}",13360,گالاپ,
4107,2026-06-12 23:33:09.948243+00,2026-06-12 23:33:09.948243+00,,"{""fa"":""راسول""}",13361,راسول,
4108,2026-06-12 23:33:09.948243+00,2026-06-12 23:33:09.948243+00,,"{""fa"":""دمينگ""}",13362,دمينگ,
4109,2026-06-12 23:33:09.948243+00,2026-06-12 23:33:09.948243+00,,"{""fa"":""الكو""}",13363,الكو,
4110,2026-06-12 23:33:09.948243+00,2026-06-12 23:33:09.948243+00,,"{""fa"":""وينهموكا""}",13364,وينهموكا,
4111,2026-06-12 23:33:09.948243+00,2026-06-12 23:33:09.948243+00,,"{""fa"":""ايلي""}",13365,ايلي,
4112,2026-06-12 23:33:09.948243+00,2026-06-12 23:33:09.948243+00,,"{""fa"":""يوركا""}",13366,يوركا,
4113,2026-06-12 23:33:09.948243+00,2026-06-12 23:33:09.948243+00,,"{""fa"":""استاكتون""}",13367,استاكتون,
4114,2026-06-12 23:33:09.948243+00,2026-06-12 23:33:09.948243+00,,"{""fa"":""مودستو""}",13368,مودستو,
4115,2026-06-12 23:33:09.948243+00,2026-06-12 23:33:09.948243+00,,"{""fa"":""فرمانت""}",13369,فرمانت,
4116,2026-06-12 23:33:09.948243+00,2026-06-12 23:33:09.948243+00,,"{""fa"":""سانيوال""}",13370,سانيوال,
4117,2026-06-12 23:33:09.948243+00,2026-06-12 23:33:09.948243+00,,"{""fa"":""فرسنو""}",13371,فرسنو,
4118,2026-06-12 23:33:09.948243+00,2026-06-12 23:33:09.948243+00,,"{""fa"":""بيكرزفيلد""}",13372,بيكرزفيلد,
4119,2026-06-12 23:33:09.948243+00,2026-06-12 23:33:09.948243+00,,"{""fa"":""سانتاباربارا""}",13373,سانتاباربارا,
4120,2026-06-12 23:33:09.948243+00,2026-06-12 23:33:09.948243+00,,"{""fa"":""سانتامونيكا""}",13374,سانتامونيكا,
4121,2026-06-12 23:33:09.948243+00,2026-06-12 23:33:09.948243+00,,"{""fa"":""سانتاآنا""}",13375,سانتاآنا,
4122,2026-06-12 23:33:09.948243+00,2026-06-12 23:33:09.948243+00,,"{""fa"":""گلندال""}",13376,گلندال,
4123,2026-06-12 23:33:09.948243+00,2026-06-12 23:33:09.948243+00,,"{""fa"":""سانبرناردينو""}",13377,سانبرناردينو,
4124,2026-06-12 23:33:09.948243+00,2026-06-12 23:33:09.948243+00,,"{""fa"":""لانگبيچ""}",13378,لانگبيچ,
4125,2026-06-12 23:33:09.948243+00,2026-06-12 23:33:09.948243+00,,"{""fa"":""دنور""}",13379,دنور,
4126,2026-06-12 23:33:09.948243+00,2026-06-12 23:33:09.948243+00,,"{""fa"":""بولدرسيتي""}",13380,بولدرسيتي,
4127,2026-06-12 23:33:09.948243+00,2026-06-12 23:33:09.948243+00,,"{""fa"":""ايري""}",13381,ايري,
4128,2026-06-12 23:33:09.948243+00,2026-06-12 23:33:09.948243+00,,"{""fa"":""نيوجرزي""}",13382,نيوجرزي,
4129,2026-06-12 23:33:09.948243+00,2026-06-12 23:33:09.948243+00,,"{""fa"":""ترنتون""}",13383,ترنتون,
4130,2026-06-12 23:33:09.948243+00,2026-06-12 23:33:09.948243+00,,"{""fa"":""الپاسو""}",13384,الپاسو,
4131,2026-06-12 23:33:09.948243+00,2026-06-12 23:33:09.948243+00,,"{""fa"":""اليزابت""}",13385,اليزابت,
4132,2026-06-12 23:33:09.948243+00,2026-06-12 23:33:09.948243+00,,"{""fa"":""راكاسپرينگز""}",13386,راكاسپرينگز,
4133,2026-06-12 23:33:09.948243+00,2026-06-12 23:33:09.948243+00,,"{""fa"":""هيالت""}",13387,هيالت,
4134,2026-06-12 23:33:09.948243+00,2026-06-12 23:33:09.948243+00,,"{""fa"":""ديترويت""}",13388,ديترويت,
4135,2026-06-12 23:33:09.948243+00,2026-06-12 23:33:09.948243+00,,"{""fa"":""راچستر""}",13389,راچستر,
4136,2026-06-12 23:33:09.948243+00,2026-06-12 23:33:09.948243+00,,"{""fa"":""سنتلوئيس""}",13390,سنتلوئيس,
4137,2026-06-12 23:33:09.948243+00,2026-06-12 23:33:09.948243+00,,"{""fa"":""سانخوزه""}",13391,سانخوزه,
4138,2026-06-12 23:33:09.948243+00,2026-06-12 23:33:09.948243+00,,"{""fa"":""سياتل""}",13392,سياتل,
4139,2026-06-12 23:33:09.948243+00,2026-06-12 23:33:09.948243+00,,"{""fa"":""فينيكس""}",13393,فينيكس,
4140,2026-06-12 23:33:09.948243+00,2026-06-12 23:33:09.948243+00,,"{""fa"":""لاسوگاس""}",13394,لاسوگاس,
4141,2026-06-12 23:33:09.948243+00,2026-06-12 23:33:09.948243+00,,"{""fa"":""نيوارك""}",13395,نيوارك,
4142,2026-06-12 23:33:09.948243+00,2026-06-12 23:33:09.948243+00,,"{""fa"":""والاوالا""}",13396,والاوالا,
4143,2026-06-12 23:33:09.948243+00,2026-06-12 23:33:09.948243+00,,"{""fa"":""هاوائي""}",13397,هاوائي,
4144,2026-06-12 23:33:09.948243+00,2026-06-12 23:33:09.948243+00,,"{""fa"":""نيوهيون""}",13398,نيوهيون,
4145,2026-06-12 23:33:09.948243+00,2026-06-12 23:33:09.948243+00,,"{""fa"":""يورك""}",13399,يورك,
4146,2026-06-12 23:33:09.948243+00,2026-06-12 23:33:09.948243+00,,"{""fa"":""استامفورد""}",13400,استامفورد,
4147,2026-06-12 23:33:09.948243+00,2026-06-12 23:33:09.948243+00,,"{""fa"":""ماساچوست""}",13401,ماساچوست,
4148,2026-06-12 23:33:09.948243+00,2026-06-12 23:33:09.948243+00,,"{""fa"":""تمپي""}",13402,تمپي,
4149,2026-06-12 23:33:09.948243+00,2026-06-12 23:33:09.948243+00,,"{""fa"":""اودميرا""}",13403,اودميرا,
4150,2026-06-12 23:33:09.948243+00,2026-06-12 23:33:09.948243+00,,"{""fa"":""شريدان""}",13404,شريدان,
4151,2026-06-12 23:33:09.948243+00,2026-06-12 23:33:09.948243+00,,"{""fa"":""هانتسويل""}",13405,هانتسويل,
4152,2026-06-12 23:33:09.948243+00,2026-06-12 23:33:09.948243+00,,"{""fa"":""تنسي""}",13406,تنسي,
4153,2026-06-12 23:33:09.953619+00,2026-06-12 23:33:09.953619+00,,"{""fa"":""مينياپليس""}",13407,مينياپليس,
4154,2026-06-12 23:33:09.953619+00,2026-06-12 23:33:09.953619+00,,"{""fa"":""اوهايو""}",13408,اوهايو,
4155,2026-06-12 23:33:09.953619+00,2026-06-12 23:33:09.953619+00,,"{""fa"":""يوجين""}",13409,يوجين,
4156,2026-06-12 23:33:09.953619+00,2026-06-12 23:33:09.953619+00,,"{""fa"":""كارولينا""}",13410,كارولينا,
4157,2026-06-12 23:33:09.953619+00,2026-06-12 23:33:09.953619+00,,"{""fa"":""مريلند""}",13411,مريلند,
4158,2026-06-12 23:33:09.953619+00,2026-06-12 23:33:09.953619+00,,"{""fa"":""لكسينگتون""}",13412,لكسينگتون,
4159,2026-06-12 23:33:09.953619+00,2026-06-12 23:33:09.953619+00,,"{""fa"":""لافايت""}",13413,لافايت,
4160,2026-06-12 23:33:09.953619+00,2026-06-12 23:33:09.953619+00,,"{""fa"":""نيومكزيكو""}",13414,نيومكزيكو,
4161,2026-06-12 23:33:09.953619+00,2026-06-12 23:33:09.953619+00,,"{""fa"":""سانديگو""}",13415,سانديگو,
4162,2026-06-12 23:33:09.953619+00,2026-06-12 23:33:09.953619+00,,"{""fa"":""رودآيلند""}",13416,رودآيلند,
4163,2026-06-12 23:33:09.953619+00,2026-06-12 23:33:09.953619+00,,"{""fa"":""چاتانوگا""}",13417,چاتانوگا,
4164,2026-06-12 23:33:09.953619+00,2026-06-12 23:33:09.953619+00,,"{""fa"":""ووستر""}",13418,ووستر,
4165,2026-06-12 23:33:09.953619+00,2026-06-12 23:33:09.953619+00,,"{""fa"":""آلاباما""}",13419,آلاباما,
4166,2026-06-12 23:33:09.953619+00,2026-06-12 23:33:09.953619+00,,"{""fa"":""كونكتيكت""}",13420,كونكتيكت,
4167,2026-06-12 23:33:09.953619+00,2026-06-12 23:33:09.953619+00,,"{""fa"":""فورت كالنيز""}",13421,فورت كالنيز,
4168,2026-06-12 23:33:09.953619+00,2026-06-12 23:33:09.953619+00,,"{""fa"":""كلرادو""}",13422,كلرادو,
4169,2026-06-12 23:33:09.953619+00,2026-06-12 23:33:09.953619+00,,"{""fa"":""بوفالو""}",13423,بوفالو,
4170,2026-06-12 23:33:09.953619+00,2026-06-12 23:33:09.953619+00,,"{""fa"":""مين""}",13424,مين,
4171,2026-06-12 23:33:09.953619+00,2026-06-12 23:33:09.953619+00,,"{""fa"":""اوگوستا""}",13425,اوگوستا,
4172,2026-06-12 23:33:09.953619+00,2026-06-12 23:33:09.953619+00,,"{""fa"":""اسپرينگ فيلد""}",13426,اسپرينگ فيلد,
4173,2026-06-12 23:33:09.953619+00,2026-06-12 23:33:09.953619+00,,"{""fa"":""پروويدنس""}",13427,پروويدنس,
4174,2026-06-12 23:33:09.953619+00,2026-06-12 23:33:09.953619+00,,"{""fa"":""هارتفورد""}",13428,هارتفورد,
4175,2026-06-12 23:33:09.953619+00,2026-06-12 23:33:09.953619+00,,"{""fa"":""نيوهمپشير""}",13429,نيوهمپشير,
4176,2026-06-12 23:33:09.953619+00,2026-06-12 23:33:09.953619+00,,"{""fa"":""كنكورد""}",13430,كنكورد,
4177,2026-06-12 23:33:09.953619+00,2026-06-12 23:33:09.953619+00,,"{""fa"":""ورمونت""}",13431,ورمونت,
4178,2026-06-12 23:33:09.953619+00,2026-06-12 23:33:09.953619+00,,"{""fa"":""مونتپلير""}",13432,مونتپلير,
4179,2026-06-12 23:33:09.953619+00,2026-06-12 23:33:09.953619+00,,"{""fa"":""دلاوير""}",13434,دلاوير,
4180,2026-06-12 23:33:09.953619+00,2026-06-12 23:33:09.953619+00,,"{""fa"":""دوور""}",13435,دوور,
4181,2026-06-12 23:33:09.953619+00,2026-06-12 23:33:09.953619+00,,"{""fa"":""بالتيمور""}",13436,بالتيمور,
4182,2026-06-12 23:33:09.953619+00,2026-06-12 23:33:09.953619+00,,"{""fa"":""همپتون""}",13437,همپتون,
4183,2026-06-12 23:33:09.953619+00,2026-06-12 23:33:09.953619+00,,"{""fa"":""نورفولك""}",13438,نورفولك,
4184,2026-06-12 23:33:09.953619+00,2026-06-12 23:33:09.953619+00,,"{""fa"":""وانكوور""}",13439,وانكوور,
4185,2026-06-12 23:33:09.953619+00,2026-06-12 23:33:09.953619+00,,"{""fa"":""مونترئال""}",13440,مونترئال,
4186,2026-06-12 23:33:09.953619+00,2026-06-12 23:33:09.953619+00,,"{""fa"":""تورنتو""}",13441,تورنتو,
4187,2026-06-12 23:33:09.953619+00,2026-06-12 23:33:09.953619+00,,"{""fa"":""اتاوا""}",13442,اتاوا,
4188,2026-06-12 23:33:09.953619+00,2026-06-12 23:33:09.953619+00,,"{""fa"":""ادمونتون""}",13443,ادمونتون,
4189,2026-06-12 23:33:09.953619+00,2026-06-12 23:33:09.953619+00,,"{""fa"":""اوشاوا""}",13444,اوشاوا,
4190,2026-06-12 23:33:09.953619+00,2026-06-12 23:33:09.953619+00,,"{""fa"":""وايتهورس""}",13445,وايتهورس,
4191,2026-06-12 23:33:09.953619+00,2026-06-12 23:33:09.953619+00,,"{""fa"":""ونكوور""}",13446,ونكوور,
4192,2026-06-12 23:33:09.953619+00,2026-06-12 23:33:09.953619+00,,"{""fa"":""ويكتوريا""}",13447,ويكتوريا,
4193,2026-06-12 23:33:09.953619+00,2026-06-12 23:33:09.953619+00,,"{""fa"":""ويليامزليك""}",13448,ويليامزليك,
4194,2026-06-12 23:33:09.953619+00,2026-06-12 23:33:09.953619+00,,"{""fa"":""بلاكولا""}",13449,بلاكولا,
4195,2026-06-12 23:33:09.953619+00,2026-06-12 23:33:09.953619+00,,"{""fa"":""ماريلا""}",13450,ماريلا,
4196,2026-06-12 23:33:09.953619+00,2026-06-12 23:33:09.953619+00,,"{""fa"":""كيتيمات""}",13451,كيتيمات,
4197,2026-06-12 23:33:09.953619+00,2026-06-12 23:33:09.953619+00,,"{""fa"":""پرنس روبرت""}",13452,پرنس روبرت,
4198,2026-06-12 23:33:09.953619+00,2026-06-12 23:33:09.953619+00,,"{""fa"":""داوسون كريك""}",13453,داوسون كريك,
4199,2026-06-12 23:33:09.953619+00,2026-06-12 23:33:09.953619+00,,"{""fa"":""گراندپرري""}",13454,گراندپرري,
4200,2026-06-12 23:33:09.953619+00,2026-06-12 23:33:09.953619+00,,"{""fa"":""نيوهيزلتون""}",13455,نيوهيزلتون,
4201,2026-06-12 23:33:09.953619+00,2026-06-12 23:33:09.953619+00,,"{""fa"":""استوارت""}",13456,استوارت,
4202,2026-06-12 23:33:09.953619+00,2026-06-12 23:33:09.953619+00,,"{""fa"":""ديزليك""}",13457,ديزليك,
4203,2026-06-12 23:33:09.953619+00,2026-06-12 23:33:09.953619+00,,"{""fa"":""هاليفاكس""}",13458,هاليفاكس,
4204,2026-06-12 23:33:09.953619+00,2026-06-12 23:33:09.953619+00,,"{""fa"":""فورت نلسون""}",13459,فورت نلسون,
4205,2026-06-12 23:33:09.953619+00,2026-06-12 23:33:09.953619+00,,"{""fa"":""رينبوليك""}",13460,رينبوليك,
4206,2026-06-12 23:33:09.953619+00,2026-06-12 23:33:09.953619+00,,"{""fa"":""واتسون ليك""}",13461,واتسون ليك,
4207,2026-06-12 23:33:09.953619+00,2026-06-12 23:33:09.953619+00,,"{""fa"":""راس ريور""}",13462,راس ريور,
4208,2026-06-12 23:33:09.953619+00,2026-06-12 23:33:09.953619+00,,"{""fa"":""كنوهيل""}",13463,كنوهيل,
4209,2026-06-12 23:33:09.953619+00,2026-06-12 23:33:09.953619+00,,"{""fa"":""مايو""}",13464,مايو,
4210,2026-06-12 23:33:09.953619+00,2026-06-12 23:33:09.953619+00,,"{""fa"":""داوسون""}",13465,داوسون,
4211,2026-06-12 23:33:09.953619+00,2026-06-12 23:33:09.953619+00,,"{""fa"":""بوركريك""}",13466,بوركريك,
4212,2026-06-12 23:33:09.953619+00,2026-06-12 23:33:09.953619+00,,"{""fa"":""اولدكراو""}",13467,اولدكراو,
4213,2026-06-12 23:33:09.953619+00,2026-06-12 23:33:09.953619+00,,"{""fa"":""فورت ليارد""}",13468,فورت ليارد,
4214,2026-06-12 23:33:09.953619+00,2026-06-12 23:33:09.953619+00,,"{""fa"":""فورت سيمپسون""}",13469,فورت سيمپسون,
4215,2026-06-12 23:33:09.953619+00,2026-06-12 23:33:09.953619+00,,"{""fa"":""فورت پروويدنس""}",13470,فورت پروويدنس,
4216,2026-06-12 23:33:09.953619+00,2026-06-12 23:33:09.953619+00,,"{""fa"":""فورت رزلوشن""}",13471,فورت رزلوشن,
4217,2026-06-12 23:33:09.953619+00,2026-06-12 23:33:09.953619+00,,"{""fa"":""پاين پوينت""}",13472,پاين پوينت,
4218,2026-06-12 23:33:09.953619+00,2026-06-12 23:33:09.953619+00,,"{""fa"":""هي ريور""}",13473,هي ريور,
4219,2026-06-12 23:33:09.953619+00,2026-06-12 23:33:09.953619+00,,"{""fa"":""ريلاينس""}",13474,ريلاينس,
4220,2026-06-12 23:33:09.953619+00,2026-06-12 23:33:09.953619+00,,"{""fa"":""اكوبي""}",13475,اكوبي,
4221,2026-06-12 23:33:09.953619+00,2026-06-12 23:33:09.953619+00,,"{""fa"":""فورت فرانكلين""}",13476,فورت فرانكلين,
4222,2026-06-12 23:33:09.953619+00,2026-06-12 23:33:09.953619+00,,"{""fa"":""نورمن ولز""}",13477,نورمن ولز,
4223,2026-06-12 23:33:09.953619+00,2026-06-12 23:33:09.953619+00,,"{""fa"":""فورت گودهوپ""}",13478,فورت گودهوپ,
4224,2026-06-12 23:33:09.953619+00,2026-06-12 23:33:09.953619+00,,"{""fa"":""ملويل""}",13479,ملويل,
4225,2026-06-12 23:33:09.953619+00,2026-06-12 23:33:09.953619+00,,"{""fa"":""كوگلوكتوك""}",13480,كوگلوكتوك,
4226,2026-06-12 23:33:09.953619+00,2026-06-12 23:33:09.953619+00,,"{""fa"":""آروپات""}",13481,آروپات,
4227,2026-06-12 23:33:09.953619+00,2026-06-12 23:33:09.953619+00,,"{""fa"":""چيسترفيلداينلت""}",13482,چيسترفيلداينلت,
4228,2026-06-12 23:33:09.953619+00,2026-06-12 23:33:09.953619+00,,"{""fa"":""بيكرليك""}",13483,بيكرليك,
4229,2026-06-12 23:33:09.953619+00,2026-06-12 23:33:09.953619+00,,"{""fa"":""جاسپر""}",13484,جاسپر,
4230,2026-06-12 23:33:09.953619+00,2026-06-12 23:33:09.953619+00,,"{""fa"":""رددير""}",13485,رددير,
4231,2026-06-12 23:33:09.953619+00,2026-06-12 23:33:09.953619+00,,"{""fa"":""بانف""}",13486,بانف,
4232,2026-06-12 23:33:09.953619+00,2026-06-12 23:33:09.953619+00,,"{""fa"":""لتبريج""}",13487,لتبريج,
4233,2026-06-12 23:33:09.953619+00,2026-06-12 23:33:09.953619+00,,"{""fa"":""ويتاسكيوين""}",13488,ويتاسكيوين,
4234,2026-06-12 23:33:09.953619+00,2026-06-12 23:33:09.953619+00,,"{""fa"":""لويدمينستر""}",13489,لويدمينستر,
4235,2026-06-12 23:33:09.953619+00,2026-06-12 23:33:09.953619+00,,"{""fa"":""پيس ريور""}",13490,پيس ريور,
4236,2026-06-12 23:33:09.953619+00,2026-06-12 23:33:09.953619+00,,"{""fa"":""هاي لول""}",13491,هاي لول,
4237,2026-06-12 23:33:09.953619+00,2026-06-12 23:33:09.953619+00,,"{""fa"":""ورميليون""}",13492,ورميليون,
4238,2026-06-12 23:33:09.953619+00,2026-06-12 23:33:09.953619+00,,"{""fa"":""پيس پوينت""}",13493,پيس پوينت,
4239,2026-06-12 23:33:09.953619+00,2026-06-12 23:33:09.953619+00,,"{""fa"":""اورانيوم سيتي""}",13494,اورانيوم سيتي,
4240,2026-06-12 23:33:09.953619+00,2026-06-12 23:33:09.953619+00,,"{""fa"":""استوني راپيدز""}",13495,استوني راپيدز,
4241,2026-06-12 23:33:09.953619+00,2026-06-12 23:33:09.953619+00,,"{""fa"":""كلوف ليك""}",13496,كلوف ليك,
4242,2026-06-12 23:33:09.953619+00,2026-06-12 23:33:09.953619+00,,"{""fa"":""پوينت نوردلندينگ""}",13497,پوينت نوردلندينگ,
4243,2026-06-12 23:33:09.953619+00,2026-06-12 23:33:09.953619+00,,"{""fa"":""كي ليك مين""}",13498,كي ليك مين,
4244,2026-06-12 23:33:09.953619+00,2026-06-12 23:33:09.953619+00,,"{""fa"":""لالوچ""}",13499,لالوچ,
4245,2026-06-12 23:33:09.953619+00,2026-06-12 23:33:09.953619+00,,"{""fa"":""ميسيساگا""}",13500,ميسيساگا,
4246,2026-06-12 23:33:09.953619+00,2026-06-12 23:33:09.953619+00,,"{""fa"":""ميسينيپ""}",13501,ميسينيپ,
4247,2026-06-12 23:33:09.953619+00,2026-06-12 23:33:09.953619+00,,"{""fa"":""لارونژ""}",13502,لارونژ,
4248,2026-06-12 23:33:09.953619+00,2026-06-12 23:33:09.953619+00,,"{""fa"":""ميداوليك""}",13503,ميداوليك,
4249,2026-06-12 23:33:09.953619+00,2026-06-12 23:33:09.953619+00,,"{""fa"":""پرنس البرت""}",13504,پرنس البرت,
4250,2026-06-12 23:33:09.953619+00,2026-06-12 23:33:09.953619+00,,"{""fa"":""چرچيل""}",13505,چرچيل,
4251,2026-06-12 23:33:09.953619+00,2026-06-12 23:33:09.953619+00,,"{""fa"":""بروچت""}",13506,بروچت,
4252,2026-06-12 23:33:09.953619+00,2026-06-12 23:33:09.953619+00,,"{""fa"":""كينوسائو""}",13507,كينوسائو,
4253,2026-06-12 23:33:09.960563+00,2026-06-12 23:33:09.960563+00,,"{""fa"":""لين ليك""}",13508,لين ليك,
4254,2026-06-12 23:33:09.960563+00,2026-06-12 23:33:09.960563+00,,"{""fa"":""تومپسون""}",13509,تومپسون,
4255,2026-06-12 23:33:09.960563+00,2026-06-12 23:33:09.960563+00,,"{""fa"":""گيلام""}",13510,گيلام,
4256,2026-06-12 23:33:09.960563+00,2026-06-12 23:33:09.960563+00,,"{""fa"":""هاميلتون""}",13511,هاميلتون,
4257,2026-06-12 23:33:09.960563+00,2026-06-12 23:33:09.960563+00,,"{""fa"":""نوروي هاوس""}",13512,نوروي هاوس,
4258,2026-06-12 23:33:09.960563+00,2026-06-12 23:33:09.960563+00,,"{""fa"":""لي يس""}",13513,لي يس,
4259,2026-06-12 23:33:09.960563+00,2026-06-12 23:33:09.960563+00,,"{""fa"":""وينيسك""}",13514,وينيسك,
4260,2026-06-12 23:33:09.960563+00,2026-06-12 23:33:09.960563+00,,"{""fa"":""فورت سورن""}",13515,فورت سورن,
4261,2026-06-12 23:33:09.960563+00,2026-06-12 23:33:09.960563+00,,"{""fa"":""گراندراپيدز""}",13516,گراندراپيدز,
4262,2026-06-12 23:33:09.960563+00,2026-06-12 23:33:09.960563+00,,"{""fa"":""يوآهاون""}",13517,يوآهاون,
4263,2026-06-12 23:33:09.960563+00,2026-06-12 23:33:09.960563+00,,"{""fa"":""ريپولزبي""}",13518,ريپولزبي,
4264,2026-06-12 23:33:09.960563+00,2026-06-12 23:33:09.960563+00,,"{""fa"":""سالويت""}",13519,سالويت,
4265,2026-06-12 23:33:09.960563+00,2026-06-12 23:33:09.960563+00,,"{""fa"":""اينوك جاك""}",13520,اينوك جاك,
4266,2026-06-12 23:33:09.960563+00,2026-06-12 23:33:09.960563+00,,"{""fa"":""كنگيرسوك""}",13521,كنگيرسوك,
4267,2026-06-12 23:33:09.960563+00,2026-06-12 23:33:09.960563+00,,"{""fa"":""پوويرنيتوك""}",13522,پوويرنيتوك,
4268,2026-06-12 23:33:09.960563+00,2026-06-12 23:33:09.960563+00,,"{""fa"":""كانياپيسكو""}",13523,كانياپيسكو,
4269,2026-06-12 23:33:09.960563+00,2026-06-12 23:33:09.960563+00,,"{""fa"":""هاپدال""}",13524,هاپدال,
4270,2026-06-12 23:33:09.960563+00,2026-06-12 23:33:09.960563+00,,"{""fa"":""نيوفوندلند""}",13525,نيوفوندلند,
4271,2026-06-12 23:33:09.960563+00,2026-06-12 23:33:09.960563+00,,"{""fa"":""نين""}",13526,نين,
4272,2026-06-12 23:33:09.960563+00,2026-06-12 23:33:09.960563+00,,"{""fa"":""هبرون""}",13527,هبرون,
4273,2026-06-12 23:33:09.960563+00,2026-06-12 23:33:09.960563+00,,"{""fa"":""سنت جونز""}",13528,سنت جونز,
4274,2026-06-12 23:33:09.960563+00,2026-06-12 23:33:09.960563+00,,"{""fa"":""شارلوتتاون""}",13529,شارلوتتاون,
4275,2026-06-12 23:33:09.960563+00,2026-06-12 23:33:09.960563+00,,"{""fa"":""فردريكتون""}",13530,فردريكتون,
4276,2026-06-12 23:33:09.960563+00,2026-06-12 23:33:09.960563+00,,"{""fa"":""اونتاريو""}",13531,اونتاريو,
4277,2026-06-12 23:33:09.960563+00,2026-06-12 23:33:09.960563+00,,"{""fa"":""كيچنر""}",13532,كيچنر,
4278,2026-06-12 23:33:09.960563+00,2026-06-12 23:33:09.960563+00,,"{""fa"":""كبك""}",13533,كبك,
4279,2026-06-12 23:33:09.960563+00,2026-06-12 23:33:09.960563+00,,"{""fa"":""ويندسور""}",13534,ويندسور,
4280,2026-06-12 23:33:09.960563+00,2026-06-12 23:33:09.960563+00,,"{""fa"":""لندن""}",13535,لندن,
4281,2026-06-12 23:33:09.960563+00,2026-06-12 23:33:09.960563+00,,"{""fa"":""سنت كاترينز""}",13536,سنت كاترينز,
4282,2026-06-12 23:33:09.960563+00,2026-06-12 23:33:09.960563+00,,"{""fa"":""تاندربي""}",13537,تاندربي,
4283,2026-06-12 23:33:09.960563+00,2026-06-12 23:33:09.960563+00,,"{""fa"":""مانيتوبا""}",13538,مانيتوبا,
4284,2026-06-12 23:33:09.960563+00,2026-06-12 23:33:09.960563+00,,"{""fa"":""وينيپگ""}",13539,وينيپگ,
4285,2026-06-12 23:33:09.960563+00,2026-06-12 23:33:09.960563+00,,"{""fa"":""ساسكاچوان""}",13540,ساسكاچوان,
4286,2026-06-12 23:33:09.960563+00,2026-06-12 23:33:09.960563+00,,"{""fa"":""رجينا""}",13541,رجينا,
4287,2026-06-12 23:33:09.960563+00,2026-06-12 23:33:09.960563+00,,"{""fa"":""نونائوت""}",13542,نونائوت,
4288,2026-06-12 23:33:09.960563+00,2026-06-12 23:33:09.960563+00,,"{""fa"":""ايكالويت""}",13543,ايكالويت,
4289,2026-06-12 23:33:09.960563+00,2026-06-12 23:33:09.960563+00,,"{""fa"":""آلبرتا""}",13544,آلبرتا,
4290,2026-06-12 23:33:09.960563+00,2026-06-12 23:33:09.960563+00,,"{""fa"":""كالگاري""}",13545,كالگاري,
4291,2026-06-12 23:33:09.960563+00,2026-06-12 23:33:09.960563+00,,"{""fa"":""بريتيشكلمبيا""}",13546,بريتيشكلمبيا,
4292,2026-06-12 23:33:09.960563+00,2026-06-12 23:33:09.960563+00,,"{""fa"":""يوكون""}",13547,يوكون,
4293,2026-06-12 23:33:09.960563+00,2026-06-12 23:33:09.960563+00,,"{""fa"":""يلونايف""}",13548,يلونايف,
4294,2026-06-12 23:33:09.960563+00,2026-06-12 23:33:09.960563+00,,"{""fa"":""لامالين""}",13549,لامالين,
4295,2026-06-12 23:33:09.960563+00,2026-06-12 23:33:09.960563+00,,"{""fa"":""فلورديس""}",13550,فلورديس,
4296,2026-06-12 23:33:09.960563+00,2026-06-12 23:33:09.960563+00,,"{""fa"":""كاتالينا""}",13551,كاتالينا,
4297,2026-06-12 23:33:09.960563+00,2026-06-12 23:33:09.960563+00,,"{""fa"":""هاربربرتون""}",13552,هاربربرتون,
4298,2026-06-12 23:33:09.960563+00,2026-06-12 23:33:09.960563+00,,"{""fa"":""بورگو""}",13553,بورگو,
4299,2026-06-12 23:33:09.960563+00,2026-06-12 23:33:09.960563+00,,"{""fa"":""چنل پورت""}",13554,چنل پورت,
4300,2026-06-12 23:33:09.960563+00,2026-06-12 23:33:09.960563+00,,"{""fa"":""كورنربورك""}",13555,كورنربورك,
4301,2026-06-12 23:33:09.960563+00,2026-06-12 23:33:09.960563+00,,"{""fa"":""گراندفالز""}",13556,گراندفالز,
4302,2026-06-12 23:33:09.960563+00,2026-06-12 23:33:09.960563+00,,"{""fa"":""سنت آنتوني""}",13557,سنت آنتوني,
4303,2026-06-12 23:33:09.960563+00,2026-06-12 23:33:09.960563+00,,"{""fa"":""نيوگلاسكو""}",13558,نيوگلاسكو,
4304,2026-06-12 23:33:09.960563+00,2026-06-12 23:33:09.960563+00,,"{""fa"":""ادموندستون""}",13559,ادموندستون,
4305,2026-06-12 23:33:09.960563+00,2026-06-12 23:33:09.960563+00,,"{""fa"":""گاسپي""}",13560,گاسپي,
4306,2026-06-12 23:33:09.960563+00,2026-06-12 23:33:09.960563+00,,"{""fa"":""پورت منيه""}",13561,پورت منيه,
4307,2026-06-12 23:33:09.960563+00,2026-06-12 23:33:09.960563+00,,"{""fa"":""ريموسكي""}",13562,ريموسكي,
4308,2026-06-12 23:33:09.960563+00,2026-06-12 23:33:09.960563+00,,"{""fa"":""ريودولوپ""}",13563,ريودولوپ,
4309,2026-06-12 23:33:09.960563+00,2026-06-12 23:33:09.960563+00,,"{""fa"":""باترست""}",13564,باترست,
4310,2026-06-12 23:33:09.960563+00,2026-06-12 23:33:09.960563+00,,"{""fa"":""بلانك سابلون""}",13565,بلانك سابلون,
4311,2026-06-12 23:33:09.960563+00,2026-06-12 23:33:09.960563+00,,"{""fa"":""هارينگتون هاربر""}",13566,هارينگتون هاربر,
4312,2026-06-12 23:33:09.960563+00,2026-06-12 23:33:09.960563+00,,"{""fa"":""ناتاشكوآن""}",13567,ناتاشكوآن,
4313,2026-06-12 23:33:09.960563+00,2026-06-12 23:33:09.960563+00,,"{""fa"":""هوره سن پير""}",13568,هوره سن پير,
4314,2026-06-12 23:33:09.960563+00,2026-06-12 23:33:09.960563+00,,"{""fa"":""سپتيل""}",13569,سپتيل,
4315,2026-06-12 23:33:09.960563+00,2026-06-12 23:33:09.960563+00,,"{""fa"":""پورت كارتيه""}",13570,پورت كارتيه,
4316,2026-06-12 23:33:09.960563+00,2026-06-12 23:33:09.960563+00,,"{""fa"":""به كو مو""}",13571,به كو مو,
4317,2026-06-12 23:33:09.960563+00,2026-06-12 23:33:09.960563+00,,"{""fa"":""چيكوتيمي""}",13572,چيكوتيمي,
4318,2026-06-12 23:33:09.960563+00,2026-06-12 23:33:09.960563+00,,"{""fa"":""روبروال""}",13573,روبروال,
4319,2026-06-12 23:33:09.960563+00,2026-06-12 23:33:09.960563+00,,"{""fa"":""جونكوير""}",13574,جونكوير,
4320,2026-06-12 23:33:09.960563+00,2026-06-12 23:33:09.960563+00,,"{""fa"":""پمبروك""}",13575,پمبروك,
4321,2026-06-12 23:33:09.960563+00,2026-06-12 23:33:09.960563+00,,"{""fa"":""پيتربورو""}",13576,پيتربورو,
4322,2026-06-12 23:33:09.960563+00,2026-06-12 23:33:09.960563+00,,"{""fa"":""نورت بري""}",13577,نورت بري,
4323,2026-06-12 23:33:09.960563+00,2026-06-12 23:33:09.960563+00,,"{""fa"":""سدبري""}",13578,سدبري,
4324,2026-06-12 23:33:09.960563+00,2026-06-12 23:33:09.960563+00,,"{""fa"":""والدور""}",13579,والدور,
4325,2026-06-12 23:33:09.960563+00,2026-06-12 23:33:09.960563+00,,"{""fa"":""كركلندليك""}",13580,كركلندليك,
4326,2026-06-12 23:33:09.960563+00,2026-06-12 23:33:09.960563+00,,"{""fa"":""تيمينز""}",13581,تيمينز,
4327,2026-06-12 23:33:09.960563+00,2026-06-12 23:33:09.960563+00,,"{""fa"":""واوا""}",13582,واوا,
4328,2026-06-12 23:33:09.960563+00,2026-06-12 23:33:09.960563+00,,"{""fa"":""ماراتون""}",13583,ماراتون,
4329,2026-06-12 23:33:09.960563+00,2026-06-12 23:33:09.960563+00,,"{""fa"":""ماتاگامي""}",13584,ماتاگامي,
4330,2026-06-12 23:33:09.960563+00,2026-06-12 23:33:09.960563+00,,"{""fa"":""واسكاگانيش""}",13585,واسكاگانيش,
4331,2026-06-12 23:33:09.960563+00,2026-06-12 23:33:09.960563+00,,"{""fa"":""كاپوسكاسينگ""}",13586,كاپوسكاسينگ,
4332,2026-06-12 23:33:09.960563+00,2026-06-12 23:33:09.960563+00,,"{""fa"":""ناكينا""}",13587,ناكينا,
4333,2026-06-12 23:33:09.960563+00,2026-06-12 23:33:09.960563+00,,"{""fa"":""نيپيگون""}",13588,نيپيگون,
4334,2026-06-12 23:33:09.960563+00,2026-06-12 23:33:09.960563+00,,"{""fa"":""سيلوكاوت""}",13589,سيلوكاوت,
4335,2026-06-12 23:33:09.960563+00,2026-06-12 23:33:09.960563+00,,"{""fa"":""كنورا""}",13590,كنورا,
4336,2026-06-12 23:33:09.960563+00,2026-06-12 23:33:09.960563+00,,"{""fa"":""بالمرتون""}",13591,بالمرتون,
4337,2026-06-12 23:33:09.960563+00,2026-06-12 23:33:09.960563+00,,"{""fa"":""پيكل ليك""}",13592,پيكل ليك,
4338,2026-06-12 23:33:09.960563+00,2026-06-12 23:33:09.960563+00,,"{""fa"":""موسوني""}",13593,موسوني,
4339,2026-06-12 23:33:09.960563+00,2026-06-12 23:33:09.960563+00,,"{""fa"":""پاين داك""}",13594,پاين داك,
4340,2026-06-12 23:33:09.960563+00,2026-06-12 23:33:09.960563+00,,"{""fa"":""براندون""}",13595,براندون,
4341,2026-06-12 23:33:09.960563+00,2026-06-12 23:33:09.960563+00,,"{""fa"":""دافين""}",13596,دافين,
4342,2026-06-12 23:33:09.960563+00,2026-06-12 23:33:09.960563+00,,"{""fa"":""يوركتون""}",13597,يوركتون,
4343,2026-06-12 23:33:09.960563+00,2026-06-12 23:33:09.960563+00,,"{""fa"":""ستوان""}",13598,ستوان,
4344,2026-06-12 23:33:09.960563+00,2026-06-12 23:33:09.960563+00,,"{""fa"":""ويبورن""}",13599,ويبورن,
4345,2026-06-12 23:33:09.960563+00,2026-06-12 23:33:09.960563+00,,"{""fa"":""موس جاو""}",13600,موس جاو,
4346,2026-06-12 23:33:09.960563+00,2026-06-12 23:33:09.960563+00,,"{""fa"":""سويفت كرينت""}",13601,سويفت كرينت,
4347,2026-06-12 23:33:09.960563+00,2026-06-12 23:33:09.960563+00,,"{""fa"":""مديسين مات""}",13602,مديسين مات,
4348,2026-06-12 23:33:09.960563+00,2026-06-12 23:33:09.960563+00,,"{""fa"":""كرانبروك""}",13603,كرانبروك,
4349,2026-06-12 23:33:09.960563+00,2026-06-12 23:33:09.960563+00,,"{""fa"":""تريل""}",13604,تريل,
4350,2026-06-12 23:33:09.960563+00,2026-06-12 23:33:09.960563+00,,"{""fa"":""كلونا""}",13605,كلونا,
4351,2026-06-12 23:33:09.960563+00,2026-06-12 23:33:09.960563+00,,"{""fa"":""كاملوپس""}",13606,كاملوپس,
4352,2026-06-12 23:33:09.960563+00,2026-06-12 23:33:09.960563+00,,"{""fa"":""پاول ريور""}",13607,پاول ريور,
4353,2026-06-12 23:33:09.966479+00,2026-06-12 23:33:09.966479+00,,"{""fa"":""كورتناي""}",13608,كورتناي,
4354,2026-06-12 23:33:09.966479+00,2026-06-12 23:33:09.966479+00,,"{""fa"":""بيرسبن""}",13609,بيرسبن,
4355,2026-06-12 23:33:09.966479+00,2026-06-12 23:33:09.966479+00,,"{""fa"":""ملبورن""}",13610,ملبورن,
4356,2026-06-12 23:33:09.966479+00,2026-06-12 23:33:09.966479+00,,"{""fa"":""سيدني""}",13611,سيدني,
4357,2026-06-12 23:33:09.966479+00,2026-06-12 23:33:09.966479+00,,"{""fa"":""كانبرا""}",13612,كانبرا,
4358,2026-06-12 23:33:09.966479+00,2026-06-12 23:33:09.966479+00,,"{""fa"":""آدلايد""}",13613,آدلايد,
4359,2026-06-12 23:33:09.966479+00,2026-06-12 23:33:09.966479+00,,"{""fa"":""فورست""}",13614,فورست,
4360,2026-06-12 23:33:09.966479+00,2026-06-12 23:33:09.966479+00,,"{""fa"":""نيوكاسل""}",13615,نيوكاسل,
4361,2026-06-12 23:33:09.966479+00,2026-06-12 23:33:09.966479+00,,"{""fa"":""پرت""}",13616,پرت,
4362,2026-06-12 23:33:09.966479+00,2026-06-12 23:33:09.966479+00,,"{""fa"":""بريزبن""}",13617,بريزبن,
4363,2026-06-12 23:33:09.966479+00,2026-06-12 23:33:09.966479+00,,"{""fa"":""گلدكوست""}",13618,گلدكوست,
4364,2026-06-12 23:33:09.966479+00,2026-06-12 23:33:09.966479+00,,"{""fa"":""مارگارت ريور""}",13619,مارگارت ريور,
4365,2026-06-12 23:33:09.966479+00,2026-06-12 23:33:09.966479+00,,"{""fa"":""آگوستا""}",13620,آگوستا,
4366,2026-06-12 23:33:09.966479+00,2026-06-12 23:33:09.966479+00,,"{""fa"":""دنمارك""}",13621,دنمارك,
4367,2026-06-12 23:33:09.966479+00,2026-06-12 23:33:09.966479+00,,"{""fa"":""آلبني""}",13622,آلبني,
4368,2026-06-12 23:33:09.966479+00,2026-06-12 23:33:09.966479+00,,"{""fa"":""راونس تورپس""}",13623,راونس تورپس,
4369,2026-06-12 23:33:09.966479+00,2026-06-12 23:33:09.966479+00,,"{""fa"":""اسپرنس""}",13624,اسپرنس,
4370,2026-06-12 23:33:09.966479+00,2026-06-12 23:33:09.966479+00,,"{""fa"":""زانتوس""}",13625,زانتوس,
4371,2026-06-12 23:33:09.966479+00,2026-06-12 23:33:09.966479+00,,"{""fa"":""ايره""}",13626,ايره,
4372,2026-06-12 23:33:09.966479+00,2026-06-12 23:33:09.966479+00,,"{""fa"":""اوكلا""}",13627,اوكلا,
4373,2026-06-12 23:33:09.966479+00,2026-06-12 23:33:09.966479+00,,"{""fa"":""داكين""}",13628,داكين,
4374,2026-06-12 23:33:09.966479+00,2026-06-12 23:33:09.966479+00,,"{""fa"":""توئيد""}",13629,توئيد,
4375,2026-06-12 23:33:09.966479+00,2026-06-12 23:33:09.966479+00,,"{""fa"":""پنونگ""}",13630,پنونگ,
4376,2026-06-12 23:33:09.966479+00,2026-06-12 23:33:09.966479+00,,"{""fa"":""استريكي بي""}",13631,استريكي بي,
4377,2026-06-12 23:33:09.966479+00,2026-06-12 23:33:09.966479+00,,"{""fa"":""اليستون""}",13632,اليستون,
4378,2026-06-12 23:33:09.966479+00,2026-06-12 23:33:09.966479+00,,"{""fa"":""پورتلينكلن""}",13633,پورتلينكلن,
4379,2026-06-12 23:33:09.966479+00,2026-06-12 23:33:09.966479+00,,"{""fa"":""پورتآگوستا""}",13634,پورتآگوستا,
4380,2026-06-12 23:33:09.966479+00,2026-06-12 23:33:09.966479+00,,"{""fa"":""ماره""}",13635,ماره,
4381,2026-06-12 23:33:09.966479+00,2026-06-12 23:33:09.966479+00,,"{""fa"":""بروكن هيل""}",13636,بروكن هيل,
4382,2026-06-12 23:33:09.966479+00,2026-06-12 23:33:09.966479+00,,"{""fa"":""اليزابت""}",13637,اليزابت,
4383,2026-06-12 23:33:09.966479+00,2026-06-12 23:33:09.966479+00,,"{""fa"":""ياراكا""}",13638,ياراكا,
4384,2026-06-12 23:33:09.966479+00,2026-06-12 23:33:09.966479+00,,"{""fa"":""تئودور""}",13639,تئودور,
4385,2026-06-12 23:33:09.966479+00,2026-06-12 23:33:09.966479+00,,"{""fa"":""وولنگانگ""}",13640,وولنگانگ,
4386,2026-06-12 23:33:09.966479+00,2026-06-12 23:33:09.966479+00,,"{""fa"":""مايلز""}",13641,مايلز,
4387,2026-06-12 23:33:09.966479+00,2026-06-12 23:33:09.966479+00,,"{""fa"":""چارلويل""}",13642,چارلويل,
4388,2026-06-12 23:33:09.966479+00,2026-06-12 23:33:09.966479+00,,"{""fa"":""كويمل پاي""}",13643,كويمل پاي,
4389,2026-06-12 23:33:09.966479+00,2026-06-12 23:33:09.966479+00,,"{""fa"":""چين چين لا""}",13644,چين چين لا,
4390,2026-06-12 23:33:09.966479+00,2026-06-12 23:33:09.966479+00,,"{""fa"":""تارگومينداه""}",13645,تارگومينداه,
4391,2026-06-12 23:33:09.966479+00,2026-06-12 23:33:09.966479+00,,"{""fa"":""كونامولا""}",13646,كونامولا,
4392,2026-06-12 23:33:09.966479+00,2026-06-12 23:33:09.966479+00,,"{""fa"":""ديران باندي""}",13647,ديران باندي,
4393,2026-06-12 23:33:09.966479+00,2026-06-12 23:33:09.966479+00,,"{""fa"":""بندرساوت""}",13648,بندرساوت,
4394,2026-06-12 23:33:09.966479+00,2026-06-12 23:33:09.966479+00,,"{""fa"":""تيبوبورا""}",13649,تيبوبورا,
4395,2026-06-12 23:33:09.966479+00,2026-06-12 23:33:09.966479+00,,"{""fa"":""موره""}",13650,موره,
4396,2026-06-12 23:33:09.966479+00,2026-06-12 23:33:09.966479+00,,"{""fa"":""فارست""}",13651,فارست,
4397,2026-06-12 23:33:09.966479+00,2026-06-12 23:33:09.966479+00,,"{""fa"":""وال گت""}",13652,وال گت,
4398,2026-06-12 23:33:09.966479+00,2026-06-12 23:33:09.966479+00,,"{""fa"":""وي وا""}",13653,وي وا,
4399,2026-06-12 23:33:09.966479+00,2026-06-12 23:33:09.966479+00,,"{""fa"":""گرافتن""}",13654,گرافتن,
4400,2026-06-12 23:33:09.966479+00,2026-06-12 23:33:09.966479+00,,"{""fa"":""كوبار""}",13655,كوبار,
4401,2026-06-12 23:33:09.966479+00,2026-06-12 23:33:09.966479+00,,"{""fa"":""ناين گان""}",13656,ناين گان,
4402,2026-06-12 23:33:09.966479+00,2026-06-12 23:33:09.966479+00,,"{""fa"":""پاركس""}",13657,پاركس,
4403,2026-06-12 23:33:09.966479+00,2026-06-12 23:33:09.966479+00,,"{""fa"":""كمبل تاون""}",13658,كمبل تاون,
4404,2026-06-12 23:33:09.966479+00,2026-06-12 23:33:09.966479+00,,"{""fa"":""ولونگونگ""}",13659,ولونگونگ,
4405,2026-06-12 23:33:09.966479+00,2026-06-12 23:33:09.966479+00,,"{""fa"":""واگاواگا""}",13660,واگاواگا,
4406,2026-06-12 23:33:09.966479+00,2026-06-12 23:33:09.966479+00,,"{""fa"":""بومبالا""}",13661,بومبالا,
4407,2026-06-12 23:33:09.966479+00,2026-06-12 23:33:09.966479+00,,"{""fa"":""آدليد""}",13662,آدليد,
4408,2026-06-12 23:33:09.966479+00,2026-06-12 23:33:09.966479+00,,"{""fa"":""ادن""}",13663,ادن,
4409,2026-06-12 23:33:09.966479+00,2026-06-12 23:33:09.966479+00,,"{""fa"":""ليك اينترس""}",13664,ليك اينترس,
4410,2026-06-12 23:33:09.966479+00,2026-06-12 23:33:09.966479+00,,"{""fa"":""بنديگو""}",13665,بنديگو,
4411,2026-06-12 23:33:09.966479+00,2026-06-12 23:33:09.966479+00,,"{""fa"":""بالارات""}",13666,بالارات,
4412,2026-06-12 23:33:09.966479+00,2026-06-12 23:33:09.966479+00,,"{""fa"":""پورتلند""}",13667,پورتلند,
4413,2026-06-12 23:33:09.966479+00,2026-06-12 23:33:09.966479+00,,"{""fa"":""بندردون""}",13668,بندردون,
4414,2026-06-12 23:33:09.966479+00,2026-06-12 23:33:09.966479+00,,"{""fa"":""لاونستون""}",13669,لاونستون,
4415,2026-06-12 23:33:09.966479+00,2026-06-12 23:33:09.966479+00,,"{""fa"":""سنت ماريز""}",13670,سنت ماريز,
4416,2026-06-12 23:33:09.966479+00,2026-06-12 23:33:09.966479+00,,"{""fa"":""هوبارت""}",13671,هوبارت,
4417,2026-06-12 23:33:09.966479+00,2026-06-12 23:33:09.966479+00,,"{""fa"":""زهان""}",13672,زهان,
4418,2026-06-12 23:33:09.966479+00,2026-06-12 23:33:09.966479+00,,"{""fa"":""فرمانتل""}",13673,فرمانتل,
4419,2026-06-12 23:33:09.966479+00,2026-06-12 23:33:09.966479+00,,"{""fa"":""اسميتون""}",13674,اسميتون,
4420,2026-06-12 23:33:09.966479+00,2026-06-12 23:33:09.966479+00,,"{""fa"":""سامرست""}",13675,سامرست,
4421,2026-06-12 23:33:09.966479+00,2026-06-12 23:33:09.966479+00,,"{""fa"":""كوئن""}",13676,كوئن,
4422,2026-06-12 23:33:09.966479+00,2026-06-12 23:33:09.966479+00,,"{""fa"":""ميچلريور""}",13677,ميچلريور,
4423,2026-06-12 23:33:09.966479+00,2026-06-12 23:33:09.966479+00,,"{""fa"":""اينيسفيل""}",13678,اينيسفيل,
4424,2026-06-12 23:33:09.966479+00,2026-06-12 23:33:09.966479+00,,"{""fa"":""راونشو""}",13679,راونشو,
4425,2026-06-12 23:33:09.966479+00,2026-06-12 23:33:09.966479+00,,"{""fa"":""اينگام""}",13680,اينگام,
4426,2026-06-12 23:33:09.966479+00,2026-06-12 23:33:09.966479+00,,"{""fa"":""آير""}",13681,آير,
4427,2026-06-12 23:33:09.966479+00,2026-06-12 23:33:09.966479+00,,"{""fa"":""پروسرپين""}",13682,پروسرپين,
4428,2026-06-12 23:33:09.966479+00,2026-06-12 23:33:09.966479+00,,"{""fa"":""كالنزويل""}",13683,كالنزويل,
4429,2026-06-12 23:33:09.966479+00,2026-06-12 23:33:09.966479+00,,"{""fa"":""داروين""}",13684,داروين,
4430,2026-06-12 23:33:09.966479+00,2026-06-12 23:33:09.966479+00,,"{""fa"":""چارترزتاوئرز""}",13685,چارترزتاوئرز,
4431,2026-06-12 23:33:09.966479+00,2026-06-12 23:33:09.966479+00,,"{""fa"":""سلوين""}",13686,سلوين,
4432,2026-06-12 23:33:09.966479+00,2026-06-12 23:33:09.966479+00,,"{""fa"":""لانگريچ""}",13687,لانگريچ,
4433,2026-06-12 23:33:09.966479+00,2026-06-12 23:33:09.966479+00,,"{""fa"":""باركالدين""}",13688,باركالدين,
4434,2026-06-12 23:33:09.966479+00,2026-06-12 23:33:09.966479+00,,"{""fa"":""بلككال""}",13689,بلككال,
4435,2026-06-12 23:33:09.966479+00,2026-06-12 23:33:09.966479+00,,"{""fa"":""كلرمونت""}",13690,كلرمونت,
4436,2026-06-12 23:33:09.966479+00,2026-06-12 23:33:09.966479+00,,"{""fa"":""كاموويل""}",13691,كاموويل,
4437,2026-06-12 23:33:09.966479+00,2026-06-12 23:33:09.966479+00,,"{""fa"":""سارينا""}",13692,سارينا,
4438,2026-06-12 23:33:09.966479+00,2026-06-12 23:33:09.966479+00,,"{""fa"":""بوندابرگ""}",13693,بوندابرگ,
4439,2026-06-12 23:33:09.966479+00,2026-06-12 23:33:09.966479+00,,"{""fa"":""مريبره""}",13694,مريبره,
4440,2026-06-12 23:33:09.966479+00,2026-06-12 23:33:09.966479+00,,"{""fa"":""جيلونگ""}",13695,جيلونگ,
4441,2026-06-12 23:33:09.966479+00,2026-06-12 23:33:09.966479+00,,"{""fa"":""گيمپي""}",13696,گيمپي,
4442,2026-06-12 23:33:09.966479+00,2026-06-12 23:33:09.966479+00,,"{""fa"":""دالبي""}",13697,دالبي,
4443,2026-06-12 23:33:09.966479+00,2026-06-12 23:33:09.966479+00,,"{""fa"":""ايپسويچ""}",13698,ايپسويچ,
4444,2026-06-12 23:33:09.966479+00,2026-06-12 23:33:09.966479+00,,"{""fa"":""گونديويندي""}",13699,گونديويندي,
4445,2026-06-12 23:33:09.966479+00,2026-06-12 23:33:09.966479+00,,"{""fa"":""توومبا""}",13700,توومبا,
4446,2026-06-12 23:33:09.966479+00,2026-06-12 23:33:09.966479+00,,"{""fa"":""استنتورپ""}",13701,استنتورپ,
4447,2026-06-12 23:33:09.966479+00,2026-06-12 23:33:09.966479+00,,"{""fa"":""ليسمور""}",13702,ليسمور,
4448,2026-06-12 23:33:09.966479+00,2026-06-12 23:33:09.966479+00,,"{""fa"":""كاسينو""}",13703,كاسينو,
4449,2026-06-12 23:33:09.966479+00,2026-06-12 23:33:09.966479+00,,"{""fa"":""مارلبورو""}",13704,مارلبورو,
4450,2026-06-12 23:33:09.966479+00,2026-06-12 23:33:09.966479+00,,"{""fa"":""روما""}",13705,روما,
4451,2026-06-12 23:33:09.966479+00,2026-06-12 23:33:09.966479+00,,"{""fa"":""كوئينزلنيد""}",13706,كوئينزلنيد,
4452,2026-06-12 23:33:09.966479+00,2026-06-12 23:33:09.966479+00,,"{""fa"":""ويندورا""}",13707,ويندورا,
4453,2026-06-12 23:33:09.973187+00,2026-06-12 23:33:09.973187+00,,"{""fa"":""وارويك""}",13708,وارويك,
4454,2026-06-12 23:33:09.973187+00,2026-06-12 23:33:09.973187+00,,"{""fa"":""گلناينز""}",13709,گلناينز,
4455,2026-06-12 23:33:09.973187+00,2026-06-12 23:33:09.973187+00,,"{""fa"":""نارابري""}",13710,نارابري,
4456,2026-06-12 23:33:09.973187+00,2026-06-12 23:33:09.973187+00,,"{""fa"":""بالينا""}",13711,بالينا,
4457,2026-06-12 23:33:09.973187+00,2026-06-12 23:33:09.973187+00,,"{""fa"":""پورتمككواري""}",13712,پورتمككواري,
4458,2026-06-12 23:33:09.973187+00,2026-06-12 23:33:09.973187+00,,"{""fa"":""تاري""}",13713,تاري,
4459,2026-06-12 23:33:09.973187+00,2026-06-12 23:33:09.973187+00,,"{""fa"":""آرميدال""}",13714,آرميدال,
4460,2026-06-12 23:33:09.973187+00,2026-06-12 23:33:09.973187+00,,"{""fa"":""ميلپارنيكا""}",13715,ميلپارنيكا,
4461,2026-06-12 23:33:09.973187+00,2026-06-12 23:33:09.973187+00,,"{""fa"":""ويلكانيا""}",13716,ويلكانيا,
4462,2026-06-12 23:33:09.973187+00,2026-06-12 23:33:09.973187+00,,"{""fa"":""راولينا""}",13717,راولينا,
4463,2026-06-12 23:33:09.973187+00,2026-06-12 23:33:09.973187+00,,"{""fa"":""برك""}",13718,برك,
4464,2026-06-12 23:33:09.973187+00,2026-06-12 23:33:09.973187+00,,"{""fa"":""نينگان""}",13719,نينگان,
4465,2026-06-12 23:33:09.973187+00,2026-06-12 23:33:09.973187+00,,"{""fa"":""اورنج""}",13720,اورنج,
4466,2026-06-12 23:33:09.973187+00,2026-06-12 23:33:09.973187+00,,"{""fa"":""منيندي""}",13721,منيندي,
4467,2026-06-12 23:33:09.973187+00,2026-06-12 23:33:09.973187+00,,"{""fa"":""مونتگمبير""}",13722,مونتگمبير,
4468,2026-06-12 23:33:09.973187+00,2026-06-12 23:33:09.973187+00,,"{""fa"":""كينگستن""}",13723,كينگستن,
4469,2026-06-12 23:33:09.973187+00,2026-06-12 23:33:09.973187+00,,"{""fa"":""ويكتور""}",13724,ويكتور,
4470,2026-06-12 23:33:09.973187+00,2026-06-12 23:33:09.973187+00,,"{""fa"":""والرو""}",13725,والرو,
4471,2026-06-12 23:33:09.973187+00,2026-06-12 23:33:09.973187+00,,"{""fa"":""ناراكورت""}",13726,ناراكورت,
4472,2026-06-12 23:33:09.973187+00,2026-06-12 23:33:09.973187+00,,"{""fa"":""پورتفيري""}",13727,پورتفيري,
4473,2026-06-12 23:33:09.973187+00,2026-06-12 23:33:09.973187+00,,"{""fa"":""لائورا""}",13728,لائورا,
4474,2026-06-12 23:33:09.973187+00,2026-06-12 23:33:09.973187+00,,"{""fa"":""كولاك""}",13729,كولاك,
4475,2026-06-12 23:33:09.973187+00,2026-06-12 23:33:09.973187+00,,"{""fa"":""وانتاژي""}",13730,وانتاژي,
4476,2026-06-12 23:33:09.973187+00,2026-06-12 23:33:09.973187+00,,"{""fa"":""مورول""}",13731,مورول,
4477,2026-06-12 23:33:09.973187+00,2026-06-12 23:33:09.973187+00,,"{""fa"":""سال""}",13732,سال,
4478,2026-06-12 23:33:09.973187+00,2026-06-12 23:33:09.973187+00,,"{""fa"":""بايزنردل""}",13733,بايزنردل,
4479,2026-06-12 23:33:09.973187+00,2026-06-12 23:33:09.973187+00,,"{""fa"":""دامپير""}",13734,دامپير,
4480,2026-06-12 23:33:09.973187+00,2026-06-12 23:33:09.973187+00,,"{""fa"":""اكسماوت""}",13735,اكسماوت,
4481,2026-06-12 23:33:09.973187+00,2026-06-12 23:33:09.973187+00,,"{""fa"":""بنبري""}",13736,بنبري,
4482,2026-06-12 23:33:09.973187+00,2026-06-12 23:33:09.973187+00,,"{""fa"":""بوسلتن""}",13737,بوسلتن,
4483,2026-06-12 23:33:09.973187+00,2026-06-12 23:33:09.973187+00,,"{""fa"":""مانجيموپ""}",13738,مانجيموپ,
4484,2026-06-12 23:33:09.973187+00,2026-06-12 23:33:09.973187+00,,"{""fa"":""كاتانينگ""}",13739,كاتانينگ,
4485,2026-06-12 23:33:09.973187+00,2026-06-12 23:33:09.973187+00,,"{""fa"":""واگين""}",13740,واگين,
4486,2026-06-12 23:33:09.973187+00,2026-06-12 23:33:09.973187+00,,"{""fa"":""نروجين""}",13741,نروجين,
4487,2026-06-12 23:33:09.973187+00,2026-06-12 23:33:09.973187+00,,"{""fa"":""كوريجين""}",13742,كوريجين,
4488,2026-06-12 23:33:09.973187+00,2026-06-12 23:33:09.973187+00,,"{""fa"":""كولگاردي""}",13743,كولگاردي,
4489,2026-06-12 23:33:09.973187+00,2026-06-12 23:33:09.973187+00,,"{""fa"":""ويپا""}",13744,ويپا,
4490,2026-06-12 23:33:09.973187+00,2026-06-12 23:33:09.973187+00,,"{""fa"":""بولفينچ""}",13745,بولفينچ,
4491,2026-06-12 23:33:09.973187+00,2026-06-12 23:33:09.973187+00,,"{""fa"":""بنكوبين""}",13746,بنكوبين,
4492,2026-06-12 23:33:09.973187+00,2026-06-12 23:33:09.973187+00,,"{""fa"":""بولدر""}",13747,بولدر,
4493,2026-06-12 23:33:09.973187+00,2026-06-12 23:33:09.973187+00,,"{""fa"":""واربورتون""}",13748,واربورتون,
4494,2026-06-12 23:33:09.973187+00,2026-06-12 23:33:09.973187+00,,"{""fa"":""لاورتون""}",13749,لاورتون,
4495,2026-06-12 23:33:09.973187+00,2026-06-12 23:33:09.973187+00,,"{""fa"":""ساوترنكراس""}",13750,ساوترنكراس,
4496,2026-06-12 23:33:09.973187+00,2026-06-12 23:33:09.973187+00,,"{""fa"":""تانامي""}",13751,تانامي,
4497,2026-06-12 23:33:09.973187+00,2026-06-12 23:33:09.973187+00,,"{""fa"":""يالارا""}",13752,يالارا,
4498,2026-06-12 23:33:09.973187+00,2026-06-12 23:33:09.973187+00,,"{""fa"":""يوكلا""}",13753,يوكلا,
4499,2026-06-12 23:33:09.973187+00,2026-06-12 23:33:09.973187+00,,"{""fa"":""بالادونيا""}",13754,بالادونيا,
4500,2026-06-12 23:33:09.973187+00,2026-06-12 23:33:09.973187+00,,"{""fa"":""ايرونرانژ""}",13755,ايرونرانژ,
4501,2026-06-12 23:33:09.973187+00,2026-06-12 23:33:09.973187+00,,"{""fa"":""ار""}",13756,ار,
4502,2026-06-12 23:33:09.973187+00,2026-06-12 23:33:09.973187+00,,"{""fa"":""روئبورن""}",13757,روئبورن,
4503,2026-06-12 23:33:09.973187+00,2026-06-12 23:33:09.973187+00,,"{""fa"":""دبو""}",13758,دبو,
4504,2026-06-12 23:33:09.973187+00,2026-06-12 23:33:09.973187+00,,"{""fa"":""كرنز""}",13759,كرنز,
4505,2026-06-12 23:33:09.973187+00,2026-06-12 23:33:09.973187+00,,"{""fa"":""كرويدون""}",13760,كرويدون,
4506,2026-06-12 23:33:09.973187+00,2026-06-12 23:33:09.973187+00,,"{""fa"":""كلانكري""}",13761,كلانكري,
4507,2026-06-12 23:33:09.973187+00,2026-06-12 23:33:09.973187+00,,"{""fa"":""بركتاون""}",13762,بركتاون,
4508,2026-06-12 23:33:09.973187+00,2026-06-12 23:33:09.973187+00,,"{""fa"":""پاينكريك""}",13763,پاينكريك,
4509,2026-06-12 23:33:09.973187+00,2026-06-12 23:33:09.973187+00,,"{""fa"":""ديليواترز""}",13764,ديليواترز,
4510,2026-06-12 23:33:09.973187+00,2026-06-12 23:33:09.973187+00,,"{""fa"":""لاگرنج""}",13765,لاگرنج,
4511,2026-06-12 23:33:09.973187+00,2026-06-12 23:33:09.973187+00,,"{""fa"":""آيوروكون""}",13766,آيوروكون,
4512,2026-06-12 23:33:09.973187+00,2026-06-12 23:33:09.973187+00,,"{""fa"":""شيگپ""}",13767,شيگپ,
4513,2026-06-12 23:33:09.973187+00,2026-06-12 23:33:09.973187+00,,"{""fa"":""اوگوستا""}",13768,اوگوستا,
4514,2026-06-12 23:33:09.973187+00,2026-06-12 23:33:09.973187+00,,"{""fa"":""ويتنوم""}",13769,ويتنوم,
4515,2026-06-12 23:33:09.973187+00,2026-06-12 23:33:09.973187+00,,"{""fa"":""آنزلو""}",13770,آنزلو,
4516,2026-06-12 23:33:09.973187+00,2026-06-12 23:33:09.973187+00,,"{""fa"":""كارنارون""}",13771,كارنارون,
4517,2026-06-12 23:33:09.973187+00,2026-06-12 23:33:09.973187+00,,"{""fa"":""ميكاتارا""}",13772,ميكاتارا,
4518,2026-06-12 23:33:09.973187+00,2026-06-12 23:33:09.973187+00,,"{""fa"":""كوئه""}",13773,كوئه,
4519,2026-06-12 23:33:09.973187+00,2026-06-12 23:33:09.973187+00,,"{""fa"":""جرلدتن""}",13774,جرلدتن,
4520,2026-06-12 23:33:09.973187+00,2026-06-12 23:33:09.973187+00,,"{""fa"":""مولوآ""}",13775,مولوآ,
4521,2026-06-12 23:33:09.973187+00,2026-06-12 23:33:09.973187+00,,"{""fa"":""لئونورا""}",13776,لئونورا,
4522,2026-06-12 23:33:09.973187+00,2026-06-12 23:33:09.973187+00,,"{""fa"":""لااورا""}",13777,لااورا,
4523,2026-06-12 23:33:09.973187+00,2026-06-12 23:33:09.973187+00,,"{""fa"":""ماري""}",13778,ماري,
4524,2026-06-12 23:33:09.973187+00,2026-06-12 23:33:09.973187+00,,"{""fa"":""كوئيلپي""}",13779,كوئيلپي,
4525,2026-06-12 23:33:09.973187+00,2026-06-12 23:33:09.973187+00,,"{""fa"":""موري""}",13780,موري,
4526,2026-06-12 23:33:09.973187+00,2026-06-12 23:33:09.973187+00,,"{""fa"":""بالرات""}",13781,بالرات,
4527,2026-06-12 23:33:09.973187+00,2026-06-12 23:33:09.973187+00,,"{""fa"":""دوونپورت""}",13782,دوونپورت,
4528,2026-06-12 23:33:09.973187+00,2026-06-12 23:33:09.973187+00,,"{""fa"":""كوك تاون""}",13783,كوك تاون,
4529,2026-06-12 23:33:09.973187+00,2026-06-12 23:33:09.973187+00,,"{""fa"":""كيرنس""}",13784,كيرنس,
4530,2026-06-12 23:33:09.973187+00,2026-06-12 23:33:09.973187+00,,"{""fa"":""نورمانتون""}",13785,نورمانتون,
4531,2026-06-12 23:33:09.973187+00,2026-06-12 23:33:09.973187+00,,"{""fa"":""كرايدون""}",13786,كرايدون,
4532,2026-06-12 23:33:09.973187+00,2026-06-12 23:33:09.973187+00,,"{""fa"":""فورسيت""}",13787,فورسيت,
4533,2026-06-12 23:33:09.973187+00,2026-06-12 23:33:09.973187+00,,"{""fa"":""گرينويل""}",13788,گرينويل,
4534,2026-06-12 23:33:09.973187+00,2026-06-12 23:33:09.973187+00,,"{""fa"":""تاونزويل""}",13789,تاونزويل,
4535,2026-06-12 23:33:09.973187+00,2026-06-12 23:33:09.973187+00,,"{""fa"":""بوئن""}",13790,بوئن,
4536,2026-06-12 23:33:09.973187+00,2026-06-12 23:33:09.973187+00,,"{""fa"":""كلون كوري""}",13791,كلون كوري,
4537,2026-06-12 23:33:09.973187+00,2026-06-12 23:33:09.973187+00,,"{""fa"":""كارومبا""}",13792,كارومبا,
4538,2026-06-12 23:33:09.973187+00,2026-06-12 23:33:09.973187+00,,"{""fa"":""بوركه تاون""}",13793,بوركه تاون,
4539,2026-06-12 23:33:09.973187+00,2026-06-12 23:33:09.973187+00,,"{""fa"":""نيولند""}",13794,نيولند,
4540,2026-06-12 23:33:09.973187+00,2026-06-12 23:33:09.973187+00,,"{""fa"":""مك كي""}",13795,مك كي,
4541,2026-06-12 23:33:09.973187+00,2026-06-12 23:33:09.973187+00,,"{""fa"":""گلادستون""}",13796,گلادستون,
4542,2026-06-12 23:33:09.973187+00,2026-06-12 23:33:09.973187+00,,"{""fa"":""بلك واتر""}",13797,بلك واتر,
4543,2026-06-12 23:33:09.973187+00,2026-06-12 23:33:09.973187+00,,"{""fa"":""امرالد""}",13798,امرالد,
4544,2026-06-12 23:33:09.973187+00,2026-06-12 23:33:09.973187+00,,"{""fa"":""وينتون""}",13799,وينتون,
4545,2026-06-12 23:33:09.973187+00,2026-06-12 23:33:09.973187+00,,"{""fa"":""بورولولا""}",13800,بورولولا,
4546,2026-06-12 23:33:09.973187+00,2026-06-12 23:33:09.973187+00,,"{""fa"":""رانكن استور""}",13801,رانكن استور,
4547,2026-06-12 23:33:09.973187+00,2026-06-12 23:33:09.973187+00,,"{""fa"":""مونتايزه""}",13802,مونتايزه,
4548,2026-06-12 23:33:09.973187+00,2026-06-12 23:33:09.973187+00,,"{""fa"":""دوچز""}",13803,دوچز,
4549,2026-06-12 23:33:09.973187+00,2026-06-12 23:33:09.973187+00,,"{""fa"":""داجارا""}",13804,داجارا,
4550,2026-06-12 23:33:09.973187+00,2026-06-12 23:33:09.973187+00,,"{""fa"":""مالاپونيان""}",13805,مالاپونيان,
4551,2026-06-12 23:33:09.973187+00,2026-06-12 23:33:09.973187+00,,"{""fa"":""آنگوروگا""}",13806,آنگوروگا,
4552,2026-06-12 23:33:09.973187+00,2026-06-12 23:33:09.973187+00,,"{""fa"":""جابيرو""}",13807,جابيرو,
4553,2026-06-12 23:33:09.978346+00,2026-06-12 23:33:09.978346+00,,"{""fa"":""راك همپتن""}",13808,راك همپتن,
4554,2026-06-12 23:33:09.978346+00,2026-06-12 23:33:09.978346+00,,"{""fa"":""هوپتي دو""}",13809,هوپتي دو,
4555,2026-06-12 23:33:09.978346+00,2026-06-12 23:33:09.978346+00,,"{""fa"":""پين كريك""}",13810,پين كريك,
4556,2026-06-12 23:33:09.978346+00,2026-06-12 23:33:09.978346+00,,"{""fa"":""كاترين""}",13811,كاترين,
4557,2026-06-12 23:33:09.978346+00,2026-06-12 23:33:09.978346+00,,"{""fa"":""دلي واترز""}",13812,دلي واترز,
4558,2026-06-12 23:33:09.978346+00,2026-06-12 23:33:09.978346+00,,"{""fa"":""نيوكاسلواترز""}",13813,نيوكاسلواترز,
4559,2026-06-12 23:33:09.978346+00,2026-06-12 23:33:09.978346+00,,"{""fa"":""كونونورا""}",13814,كونونورا,
4560,2026-06-12 23:33:09.978346+00,2026-06-12 23:33:09.978346+00,,"{""fa"":""ويندهام""}",13815,ويندهام,
4561,2026-06-12 23:33:09.978346+00,2026-06-12 23:33:09.978346+00,,"{""fa"":""اوباگوما""}",13816,اوباگوما,
4562,2026-06-12 23:33:09.978346+00,2026-06-12 23:33:09.978346+00,,"{""fa"":""دربي""}",13817,دربي,
4563,2026-06-12 23:33:09.978346+00,2026-06-12 23:33:09.978346+00,,"{""fa"":""فيتزروي كروسينگ""}",13818,فيتزروي كروسينگ,
4564,2026-06-12 23:33:09.978346+00,2026-06-12 23:33:09.978346+00,,"{""fa"":""برومه""}",13819,برومه,
4565,2026-06-12 23:33:09.978346+00,2026-06-12 23:33:09.978346+00,,"{""fa"":""لاگرانگ""}",13820,لاگرانگ,
4566,2026-06-12 23:33:09.978346+00,2026-06-12 23:33:09.978346+00,,"{""fa"":""گلدزورتي""}",13821,گلدزورتي,
4567,2026-06-12 23:33:09.978346+00,2026-06-12 23:33:09.978346+00,,"{""fa"":""شاي گپ""}",13822,شاي گپ,
4568,2026-06-12 23:33:09.978346+00,2026-06-12 23:33:09.978346+00,,"{""fa"":""پورتهدلند""}",13823,پورتهدلند,
4569,2026-06-12 23:33:09.978346+00,2026-06-12 23:33:09.978346+00,,"{""fa"":""روبورن""}",13824,روبورن,
4570,2026-06-12 23:33:09.978346+00,2026-06-12 23:33:09.978346+00,,"{""fa"":""كاراتا""}",13825,كاراتا,
4571,2026-06-12 23:33:09.978346+00,2026-06-12 23:33:09.978346+00,,"{""fa"":""پاناونيكا""}",13826,پاناونيكا,
4572,2026-06-12 23:33:09.978346+00,2026-06-12 23:33:09.978346+00,,"{""fa"":""ويته نوم""}",13827,ويته نوم,
4573,2026-06-12 23:33:09.978346+00,2026-06-12 23:33:09.978346+00,,"{""fa"":""نيومن""}",13828,نيومن,
4574,2026-06-12 23:33:09.978346+00,2026-06-12 23:33:09.978346+00,,"{""fa"":""ان اسلو""}",13829,ان اسلو,
4575,2026-06-12 23:33:09.978346+00,2026-06-12 23:33:09.978346+00,,"{""fa"":""وينينگ""}",13830,وينينگ,
4576,2026-06-12 23:33:09.978346+00,2026-06-12 23:33:09.978346+00,,"{""fa"":""پارابوردو""}",13831,پارابوردو,
4577,2026-06-12 23:33:09.978346+00,2026-06-12 23:33:09.978346+00,,"{""fa"":""كارنابون""}",13832,كارنابون,
4578,2026-06-12 23:33:09.978346+00,2026-06-12 23:33:09.978346+00,,"{""fa"":""دنهام""}",13833,دنهام,
4579,2026-06-12 23:33:09.978346+00,2026-06-12 23:33:09.978346+00,,"{""fa"":""مكاتارا""}",13834,مكاتارا,
4580,2026-06-12 23:33:09.978346+00,2026-06-12 23:33:09.978346+00,,"{""fa"":""كوي""}",13835,كوي,
4581,2026-06-12 23:33:09.978346+00,2026-06-12 23:33:09.978346+00,,"{""fa"":""مونت مگنت""}",13836,مونت مگنت,
4582,2026-06-12 23:33:09.978346+00,2026-06-12 23:33:09.978346+00,,"{""fa"":""پيندار""}",13837,پيندار,
4583,2026-06-12 23:33:09.978346+00,2026-06-12 23:33:09.978346+00,,"{""fa"":""كالباري""}",13838,كالباري,
4584,2026-06-12 23:33:09.978346+00,2026-06-12 23:33:09.978346+00,,"{""fa"":""جرالتون""}",13839,جرالتون,
4585,2026-06-12 23:33:09.978346+00,2026-06-12 23:33:09.978346+00,,"{""fa"":""دونگارا""}",13840,دونگارا,
4586,2026-06-12 23:33:09.978346+00,2026-06-12 23:33:09.978346+00,,"{""fa"":""مولروار""}",13841,مولروار,
4587,2026-06-12 23:33:09.978346+00,2026-06-12 23:33:09.978346+00,,"{""fa"":""سندستون""}",13842,سندستون,
4588,2026-06-12 23:33:09.978346+00,2026-06-12 23:33:09.978346+00,,"{""fa"":""اگنيو""}",13843,اگنيو,
4589,2026-06-12 23:33:09.978346+00,2026-06-12 23:33:09.978346+00,,"{""fa"":""مالكولم""}",13844,مالكولم,
4590,2026-06-12 23:33:09.978346+00,2026-06-12 23:33:09.978346+00,,"{""fa"":""لونورا""}",13845,لونورا,
4591,2026-06-12 23:33:09.978346+00,2026-06-12 23:33:09.978346+00,,"{""fa"":""من زيز""}",13846,من زيز,
4592,2026-06-12 23:33:09.978346+00,2026-06-12 23:33:09.978346+00,,"{""fa"":""پوني راك""}",13847,پوني راك,
4593,2026-06-12 23:33:09.978346+00,2026-06-12 23:33:09.978346+00,,"{""fa"":""كالگورلي""}",13848,كالگورلي,
4594,2026-06-12 23:33:09.978346+00,2026-06-12 23:33:09.978346+00,,"{""fa"":""مردين""}",13849,مردين,
4595,2026-06-12 23:33:09.978346+00,2026-06-12 23:33:09.978346+00,,"{""fa"":""استرلينگ""}",13850,استرلينگ,
4596,2026-06-12 23:33:09.978346+00,2026-06-12 23:33:09.978346+00,,"{""fa"":""نورت هام""}",13851,نورت هام,
4597,2026-06-12 23:33:09.978346+00,2026-06-12 23:33:09.978346+00,,"{""fa"":""نورس من""}",13852,نورس من,
4598,2026-06-12 23:33:09.978346+00,2026-06-12 23:33:09.978346+00,,"{""fa"":""وان""}",13853,وان,
4599,2026-06-12 23:33:09.978346+00,2026-06-12 23:33:09.978346+00,,"{""fa"":""ارزروم""}",13854,ارزروم,
4600,2026-06-12 23:33:09.978346+00,2026-06-12 23:33:09.978346+00,,"{""fa"":""آقحصار""}",13855,آقحصار,
4601,2026-06-12 23:33:09.978346+00,2026-06-12 23:33:09.978346+00,,"{""fa"":""آقشهر""}",13856,آقشهر,
4602,2026-06-12 23:33:09.978346+00,2026-06-12 23:33:09.978346+00,,"{""fa"":""آقسراي""}",13857,آقسراي,
4603,2026-06-12 23:33:09.978346+00,2026-06-12 23:33:09.978346+00,,"{""fa"":""آلاشهر""}",13858,آلاشهر,
4604,2026-06-12 23:33:09.978346+00,2026-06-12 23:33:09.978346+00,,"{""fa"":""آيدين""}",13859,آيدين,
4605,2026-06-12 23:33:09.978346+00,2026-06-12 23:33:09.978346+00,,"{""fa"":""ادانا""}",13860,ادانا,
4606,2026-06-12 23:33:09.978346+00,2026-06-12 23:33:09.978346+00,,"{""fa"":""ارزنجان""}",13861,ارزنجان,
4607,2026-06-12 23:33:09.978346+00,2026-06-12 23:33:09.978346+00,,"{""fa"":""سامسون""}",13862,سامسون,
4608,2026-06-12 23:33:09.978346+00,2026-06-12 23:33:09.978346+00,,"{""fa"":""زونگولداك""}",13863,زونگولداك,
4609,2026-06-12 23:33:09.978346+00,2026-06-12 23:33:09.978346+00,,"{""fa"":""قيصريه""}",13864,قيصريه,
4610,2026-06-12 23:33:09.978346+00,2026-06-12 23:33:09.978346+00,,"{""fa"":""بورسا""}",13865,بورسا,
4611,2026-06-12 23:33:09.978346+00,2026-06-12 23:33:09.978346+00,,"{""fa"":""اردهان""}",13866,اردهان,
4612,2026-06-12 23:33:09.978346+00,2026-06-12 23:33:09.978346+00,,"{""fa"":""ايغدير""}",13867,ايغدير,
4613,2026-06-12 23:33:09.978346+00,2026-06-12 23:33:09.978346+00,,"{""fa"":""آغري""}",13868,آغري,
4614,2026-06-12 23:33:09.978346+00,2026-06-12 23:33:09.978346+00,,"{""fa"":""حكاري""}",13869,حكاري,
4615,2026-06-12 23:33:09.978346+00,2026-06-12 23:33:09.978346+00,,"{""fa"":""شيرناق""}",13870,شيرناق,
4616,2026-06-12 23:33:09.978346+00,2026-06-12 23:33:09.978346+00,,"{""fa"":""صرت""}",13871,صرت,
4617,2026-06-12 23:33:09.978346+00,2026-06-12 23:33:09.978346+00,,"{""fa"":""بتليس""}",13872,بتليس,
4618,2026-06-12 23:33:09.978346+00,2026-06-12 23:33:09.978346+00,,"{""fa"":""آرتوين""}",13873,آرتوين,
4619,2026-06-12 23:33:09.978346+00,2026-06-12 23:33:09.978346+00,,"{""fa"":""موش""}",13874,موش,
4620,2026-06-12 23:33:09.978346+00,2026-06-12 23:33:09.978346+00,,"{""fa"":""باتمان""}",13875,باتمان,
4621,2026-06-12 23:33:09.978346+00,2026-06-12 23:33:09.978346+00,,"{""fa"":""ريزه""}",13876,ريزه,
4622,2026-06-12 23:33:09.978346+00,2026-06-12 23:33:09.978346+00,,"{""fa"":""ماردين""}",13877,ماردين,
4623,2026-06-12 23:33:09.978346+00,2026-06-12 23:33:09.978346+00,,"{""fa"":""دياربكر""}",13878,دياربكر,
4624,2026-06-12 23:33:09.978346+00,2026-06-12 23:33:09.978346+00,,"{""fa"":""اورفه""}",13879,اورفه,
4625,2026-06-12 23:33:09.978346+00,2026-06-12 23:33:09.978346+00,,"{""fa"":""الازيغ""}",13880,الازيغ,
4626,2026-06-12 23:33:09.978346+00,2026-06-12 23:33:09.978346+00,,"{""fa"":""تونجلي""}",13881,تونجلي,
4627,2026-06-12 23:33:09.978346+00,2026-06-12 23:33:09.978346+00,,"{""fa"":""بايبورت""}",13882,بايبورت,
4628,2026-06-12 23:33:09.978346+00,2026-06-12 23:33:09.978346+00,,"{""fa"":""گوموش خانه""}",13883,گوموش خانه,
4629,2026-06-12 23:33:09.978346+00,2026-06-12 23:33:09.978346+00,,"{""fa"":""طرابزون""}",13884,طرابزون,
4630,2026-06-12 23:33:09.978346+00,2026-06-12 23:33:09.978346+00,,"{""fa"":""گيرسون""}",13885,گيرسون,
4631,2026-06-12 23:33:09.978346+00,2026-06-12 23:33:09.978346+00,,"{""fa"":""سيواس""}",13886,سيواس,
4632,2026-06-12 23:33:09.978346+00,2026-06-12 23:33:09.978346+00,,"{""fa"":""اردو""}",13887,اردو,
4633,2026-06-12 23:33:09.978346+00,2026-06-12 23:33:09.978346+00,,"{""fa"":""توكات""}",13888,توكات,
4634,2026-06-12 23:33:09.978346+00,2026-06-12 23:33:09.978346+00,,"{""fa"":""ملطيه""}",13889,ملطيه,
4635,2026-06-12 23:33:09.978346+00,2026-06-12 23:33:09.978346+00,,"{""fa"":""آدي يامان""}",13890,آدي يامان,
4636,2026-06-12 23:33:09.978346+00,2026-06-12 23:33:09.978346+00,,"{""fa"":""مرعش""}",13891,مرعش,
4637,2026-06-12 23:33:09.978346+00,2026-06-12 23:33:09.978346+00,,"{""fa"":""كيليس""}",13892,كيليس,
4638,2026-06-12 23:33:09.978346+00,2026-06-12 23:33:09.978346+00,,"{""fa"":""غازي عينتاب""}",13893,غازي عينتاب,
4639,2026-06-12 23:33:09.978346+00,2026-06-12 23:33:09.978346+00,,"{""fa"":""عثمانيه""}",13894,عثمانيه,
4640,2026-06-12 23:33:09.978346+00,2026-06-12 23:33:09.978346+00,,"{""fa"":""انطاكيه""}",13895,انطاكيه,
4641,2026-06-12 23:33:09.978346+00,2026-06-12 23:33:09.978346+00,,"{""fa"":""آماسيا""}",13896,آماسيا,
4642,2026-06-12 23:33:09.978346+00,2026-06-12 23:33:09.978346+00,,"{""fa"":""چروم""}",13897,چروم,
4643,2026-06-12 23:33:09.978346+00,2026-06-12 23:33:09.978346+00,,"{""fa"":""يوزگات""}",13898,يوزگات,
4644,2026-06-12 23:33:09.978346+00,2026-06-12 23:33:09.978346+00,,"{""fa"":""مرسين""}",13899,مرسين,
4645,2026-06-12 23:33:09.978346+00,2026-06-12 23:33:09.978346+00,,"{""fa"":""ايچل""}",13900,ايچل,
4646,2026-06-12 23:33:09.978346+00,2026-06-12 23:33:09.978346+00,,"{""fa"":""نيغده""}",13901,نيغده,
4647,2026-06-12 23:33:09.978346+00,2026-06-12 23:33:09.978346+00,,"{""fa"":""نوشهر""}",13902,نوشهر,
4648,2026-06-12 23:33:09.978346+00,2026-06-12 23:33:09.978346+00,,"{""fa"":""قسطمونو""}",13903,قسطمونو,
4649,2026-06-12 23:33:09.978346+00,2026-06-12 23:33:09.978346+00,,"{""fa"":""قرابوك""}",13904,قرابوك,
4650,2026-06-12 23:33:09.978346+00,2026-06-12 23:33:09.978346+00,,"{""fa"":""بارتين""}",13905,بارتين,
4651,2026-06-12 23:33:09.978346+00,2026-06-12 23:33:09.978346+00,,"{""fa"":""زوزنگولداك""}",13906,زوزنگولداك,
4652,2026-06-12 23:33:09.978346+00,2026-06-12 23:33:09.978346+00,,"{""fa"":""بولو""}",13907,بولو,
4653,2026-06-12 23:33:09.982601+00,2026-06-12 23:33:09.982601+00,,"{""fa"":""چانكيري""}",13908,چانكيري,
4654,2026-06-12 23:33:09.982601+00,2026-06-12 23:33:09.982601+00,,"{""fa"":""قرشهر""}",13909,قرشهر,
4655,2026-06-12 23:33:09.982601+00,2026-06-12 23:33:09.982601+00,,"{""fa"":""قره مان""}",13910,قره مان,
4656,2026-06-12 23:33:09.982601+00,2026-06-12 23:33:09.982601+00,,"{""fa"":""آداپازادي""}",13911,آداپازادي,
4657,2026-06-12 23:33:09.982601+00,2026-06-12 23:33:09.982601+00,,"{""fa"":""ايزميت""}",13912,ايزميت,
4658,2026-06-12 23:33:09.982601+00,2026-06-12 23:33:09.982601+00,,"{""fa"":""بيله جيك""}",13913,بيله جيك,
4659,2026-06-12 23:33:09.982601+00,2026-06-12 23:33:09.982601+00,,"{""fa"":""اسكي شهير""}",13914,اسكي شهير,
4660,2026-06-12 23:33:09.982601+00,2026-06-12 23:33:09.982601+00,,"{""fa"":""افيون""}",13915,افيون,
4661,2026-06-12 23:33:09.982601+00,2026-06-12 23:33:09.982601+00,,"{""fa"":""كوتاهيه""}",13916,كوتاهيه,
4662,2026-06-12 23:33:09.982601+00,2026-06-12 23:33:09.982601+00,,"{""fa"":""اوشاق""}",13917,اوشاق,
4663,2026-06-12 23:33:09.982601+00,2026-06-12 23:33:09.982601+00,,"{""fa"":""بوردور""}",13918,بوردور,
4664,2026-06-12 23:33:09.982601+00,2026-06-12 23:33:09.982601+00,,"{""fa"":""دنيزلي""}",13919,دنيزلي,
4665,2026-06-12 23:33:09.982601+00,2026-06-12 23:33:09.982601+00,,"{""fa"":""موغلا""}",13920,موغلا,
4666,2026-06-12 23:33:09.982601+00,2026-06-12 23:33:09.982601+00,,"{""fa"":""مانيسا""}",13921,مانيسا,
4667,2026-06-12 23:33:09.982601+00,2026-06-12 23:33:09.982601+00,,"{""fa"":""يالووا""}",13922,يالووا,
4668,2026-06-12 23:33:09.982601+00,2026-06-12 23:33:09.982601+00,,"{""fa"":""كركلارلي""}",13923,كركلارلي,
4669,2026-06-12 23:33:09.982601+00,2026-06-12 23:33:09.982601+00,,"{""fa"":""ادرنه""}",13924,ادرنه,
4670,2026-06-12 23:33:09.982601+00,2026-06-12 23:33:09.982601+00,,"{""fa"":""تكيرداغ""}",13925,تكيرداغ,
4671,2026-06-12 23:33:09.982601+00,2026-06-12 23:33:09.982601+00,,"{""fa"":""بالكسبر""}",13926,بالكسبر,
4672,2026-06-12 23:33:09.982601+00,2026-06-12 23:33:09.982601+00,,"{""fa"":""چناق قلعه""}",13927,چناق قلعه,
4673,2026-06-12 23:33:09.982601+00,2026-06-12 23:33:09.982601+00,,"{""fa"":""سينوپ""}",13928,سينوپ,
4674,2026-06-12 23:33:09.982601+00,2026-06-12 23:33:09.982601+00,,"{""fa"":""سينجان""}",13929,سينجان,
4675,2026-06-12 23:33:09.982601+00,2026-06-12 23:33:09.982601+00,,"{""fa"":""لاهه""}",13930,لاهه,
4676,2026-06-12 23:33:09.982601+00,2026-06-12 23:33:09.982601+00,,"{""fa"":""ماستريخت""}",13931,ماستريخت,
4677,2026-06-12 23:33:09.982601+00,2026-06-12 23:33:09.982601+00,,"{""fa"":""اوسترند""}",13932,اوسترند,
4678,2026-06-12 23:33:09.982601+00,2026-06-12 23:33:09.982601+00,,"{""fa"":""روتردام""}",13933,روتردام,
4679,2026-06-12 23:33:09.982601+00,2026-06-12 23:33:09.982601+00,,"{""fa"":""هارلم""}",13934,هارلم,
4680,2026-06-12 23:33:09.982601+00,2026-06-12 23:33:09.982601+00,,"{""fa"":""لليستاد""}",13935,لليستاد,
4681,2026-06-12 23:33:09.982601+00,2026-06-12 23:33:09.982601+00,,"{""fa"":""بريل""}",13936,بريل,
4682,2026-06-12 23:33:09.982601+00,2026-06-12 23:33:09.982601+00,,"{""fa"":""نيجمگن""}",13937,نيجمگن,
4683,2026-06-12 23:33:09.982601+00,2026-06-12 23:33:09.982601+00,,"{""fa"":""الفت""}",13938,الفت,
4684,2026-06-12 23:33:09.982601+00,2026-06-12 23:33:09.982601+00,,"{""fa"":""زوفيدرت""}",13939,زوفيدرت,
4685,2026-06-12 23:33:09.982601+00,2026-06-12 23:33:09.982601+00,,"{""fa"":""هوگرهايد""}",13940,هوگرهايد,
4686,2026-06-12 23:33:09.982601+00,2026-06-12 23:33:09.982601+00,,"{""fa"":""بردا""}",13941,بردا,
4687,2026-06-12 23:33:09.982601+00,2026-06-12 23:33:09.982601+00,,"{""fa"":""تيلبورگ""}",13942,تيلبورگ,
4688,2026-06-12 23:33:09.982601+00,2026-06-12 23:33:09.982601+00,,"{""fa"":""گوئيرل""}",13943,گوئيرل,
4689,2026-06-12 23:33:09.982601+00,2026-06-12 23:33:09.982601+00,,"{""fa"":""برگايك""}",13944,برگايك,
4690,2026-06-12 23:33:09.982601+00,2026-06-12 23:33:09.982601+00,,"{""fa"":""ونراي""}",13945,ونراي,
4691,2026-06-12 23:33:09.982601+00,2026-06-12 23:33:09.982601+00,,"{""fa"":""روئرموند""}",13946,روئرموند,
4692,2026-06-12 23:33:09.982601+00,2026-06-12 23:33:09.982601+00,,"{""fa"":""بست""}",13947,بست,
4693,2026-06-12 23:33:09.982601+00,2026-06-12 23:33:09.982601+00,,"{""fa"":""دورن""}",13948,دورن,
4694,2026-06-12 23:33:09.982601+00,2026-06-12 23:33:09.982601+00,,"{""fa"":""بارن""}",13949,بارن,
4695,2026-06-12 23:33:09.982601+00,2026-06-12 23:33:09.982601+00,,"{""fa"":""بوكستل""}",13950,بوكستل,
4696,2026-06-12 23:33:09.982601+00,2026-06-12 23:33:09.982601+00,,"{""fa"":""روزمالن""}",13951,روزمالن,
4697,2026-06-12 23:33:09.982601+00,2026-06-12 23:33:09.982601+00,,"{""fa"":""اوس""}",13952,اوس,
4698,2026-06-12 23:33:09.982601+00,2026-06-12 23:33:09.982601+00,,"{""fa"":""كركدريل""}",13953,كركدريل,
4699,2026-06-12 23:33:09.982601+00,2026-06-12 23:33:09.982601+00,,"{""fa"":""تيل""}",13954,تيل,
4700,2026-06-12 23:33:09.982601+00,2026-06-12 23:33:09.982601+00,,"{""fa"":""آمرسفورت""}",13955,آمرسفورت,
4701,2026-06-12 23:33:09.982601+00,2026-06-12 23:33:09.982601+00,,"{""fa"":""آيندهوون""}",13956,آيندهوون,
4702,2026-06-12 23:33:09.982601+00,2026-06-12 23:33:09.982601+00,,"{""fa"":""ايجموايدن""}",13957,ايجموايدن,
4703,2026-06-12 23:33:09.982601+00,2026-06-12 23:33:09.982601+00,,"{""fa"":""دن هلدر""}",13958,دن هلدر,
4704,2026-06-12 23:33:09.982601+00,2026-06-12 23:33:09.982601+00,,"{""fa"":""زانستاد""}",13959,زانستاد,
4705,2026-06-12 23:33:09.982601+00,2026-06-12 23:33:09.982601+00,,"{""fa"":""مدمبليك""}",13960,مدمبليك,
4706,2026-06-12 23:33:09.982601+00,2026-06-12 23:33:09.982601+00,,"{""fa"":""ماربيز""}",13961,ماربيز,
4707,2026-06-12 23:33:09.982601+00,2026-06-12 23:33:09.982601+00,,"{""fa"":""دكوگ""}",13962,دكوگ,
4708,2026-06-12 23:33:09.982601+00,2026-06-12 23:33:09.982601+00,,"{""fa"":""ميدلام""}",13963,ميدلام,
4709,2026-06-12 23:33:09.982601+00,2026-06-12 23:33:09.982601+00,,"{""fa"":""هيرلن""}",13964,هيرلن,
4710,2026-06-12 23:33:09.982601+00,2026-06-12 23:33:09.982601+00,,"{""fa"":""اورك""}",13965,اورك,
4711,2026-06-12 23:33:09.982601+00,2026-06-12 23:33:09.982601+00,,"{""fa"":""گمرت""}",13966,گمرت,
4712,2026-06-12 23:33:09.982601+00,2026-06-12 23:33:09.982601+00,,"{""fa"":""يوتهاوزن""}",13967,يوتهاوزن,
4713,2026-06-12 23:33:09.982601+00,2026-06-12 23:33:09.982601+00,,"{""fa"":""لمر""}",13968,لمر,
4714,2026-06-12 23:33:09.982601+00,2026-06-12 23:33:09.982601+00,,"{""fa"":""پولديجك""}",13969,پولديجك,
4715,2026-06-12 23:33:09.982601+00,2026-06-12 23:33:09.982601+00,,"{""fa"":""اواستيند""}",13970,اواستيند,
4716,2026-06-12 23:33:09.982601+00,2026-06-12 23:33:09.982601+00,,"{""fa"":""وينسام""}",13971,وينسام,
4717,2026-06-12 23:33:09.982601+00,2026-06-12 23:33:09.982601+00,,"{""fa"":""آپينگدام""}",13972,آپينگدام,
4718,2026-06-12 23:33:09.982601+00,2026-06-12 23:33:09.982601+00,,"{""fa"":""گروتينگن""}",13973,گروتينگن,
4719,2026-06-12 23:33:09.982601+00,2026-06-12 23:33:09.982601+00,,"{""fa"":""اشمدا""}",13974,اشمدا,
4720,2026-06-12 23:33:09.982601+00,2026-06-12 23:33:09.982601+00,,"{""fa"":""هوژزند""}",13975,هوژزند,
4721,2026-06-12 23:33:09.982601+00,2026-06-12 23:33:09.982601+00,,"{""fa"":""دوكام""}",13976,دوكام,
4722,2026-06-12 23:33:09.982601+00,2026-06-12 23:33:09.982601+00,,"{""fa"":""اشتينز""}",13977,اشتينز,
4723,2026-06-12 23:33:09.982601+00,2026-06-12 23:33:09.982601+00,,"{""fa"":""اشرمونيكوگ""}",13978,اشرمونيكوگ,
4724,2026-06-12 23:33:09.982601+00,2026-06-12 23:33:09.982601+00,,"{""fa"":""وستترشلينگ""}",13979,وستترشلينگ,
4725,2026-06-12 23:33:09.982601+00,2026-06-12 23:33:09.982601+00,,"{""fa"":""اوستوليلند""}",13980,اوستوليلند,
4726,2026-06-12 23:33:09.982601+00,2026-06-12 23:33:09.982601+00,,"{""fa"":""استاداسكانال""}",13981,استاداسكانال,
4727,2026-06-12 23:33:09.982601+00,2026-06-12 23:33:09.982601+00,,"{""fa"":""آسن""}",13982,آسن,
4728,2026-06-12 23:33:09.982601+00,2026-06-12 23:33:09.982601+00,,"{""fa"":""آلتوير""}",13983,آلتوير,
4729,2026-06-12 23:33:09.982601+00,2026-06-12 23:33:09.982601+00,,"{""fa"":""گورديك""}",13984,گورديك,
4730,2026-06-12 23:33:09.982601+00,2026-06-12 23:33:09.982601+00,,"{""fa"":""برگوم""}",13985,برگوم,
4731,2026-06-12 23:33:09.982601+00,2026-06-12 23:33:09.982601+00,,"{""fa"":""دراختن""}",13986,دراختن,
4732,2026-06-12 23:33:09.982601+00,2026-06-12 23:33:09.982601+00,,"{""fa"":""بولسوارد""}",13987,بولسوارد,
4733,2026-06-12 23:33:09.982601+00,2026-06-12 23:33:09.982601+00,,"{""fa"":""دنبورگ""}",13988,دنبورگ,
4734,2026-06-12 23:33:09.982601+00,2026-06-12 23:33:09.982601+00,,"{""fa"":""ژور""}",13989,ژور,
4735,2026-06-12 23:33:09.982601+00,2026-06-12 23:33:09.982601+00,,"{""fa"":""ولفگا""}",13990,ولفگا,
4736,2026-06-12 23:33:09.982601+00,2026-06-12 23:33:09.982601+00,,"{""fa"":""هوگوپن""}",13991,هوگوپن,
4737,2026-06-12 23:33:09.982601+00,2026-06-12 23:33:09.982601+00,,"{""fa"":""مپل""}",13992,مپل,
4738,2026-06-12 23:33:09.982601+00,2026-06-12 23:33:09.982601+00,,"{""fa"":""دكريم""}",13993,دكريم,
4739,2026-06-12 23:33:09.982601+00,2026-06-12 23:33:09.982601+00,,"{""fa"":""مملورد""}",13994,مملورد,
4740,2026-06-12 23:33:09.982601+00,2026-06-12 23:33:09.982601+00,,"{""fa"":""هاردنبرگ""}",13995,هاردنبرگ,
4741,2026-06-12 23:33:09.982601+00,2026-06-12 23:33:09.982601+00,,"{""fa"":""زوله""}",13996,زوله,
4742,2026-06-12 23:33:09.982601+00,2026-06-12 23:33:09.982601+00,,"{""fa"":""كامپن""}",13997,كامپن,
4743,2026-06-12 23:33:09.982601+00,2026-06-12 23:33:09.982601+00,,"{""fa"":""اوادنزال""}",13998,اوادنزال,
4744,2026-06-12 23:33:09.982601+00,2026-06-12 23:33:09.982601+00,,"{""fa"":""انشد""}",13999,انشد,
4745,2026-06-12 23:33:09.982601+00,2026-06-12 23:33:09.982601+00,,"{""fa"":""بورن""}",14000,بورن,
4746,2026-06-12 23:33:09.982601+00,2026-06-12 23:33:09.982601+00,,"{""fa"":""گور""}",14001,گور,
4747,2026-06-12 23:33:09.982601+00,2026-06-12 23:33:09.982601+00,,"{""fa"":""دالفسن""}",14002,دالفسن,
4748,2026-06-12 23:33:09.982601+00,2026-06-12 23:33:09.982601+00,,"{""fa"":""ريسن""}",14003,ريسن,
4749,2026-06-12 23:33:09.982601+00,2026-06-12 23:33:09.982601+00,,"{""fa"":""اپه""}",14004,اپه,
4750,2026-06-12 23:33:09.982601+00,2026-06-12 23:33:09.982601+00,,"{""fa"":""هيرد""}",14005,هيرد,
4751,2026-06-12 23:33:09.982601+00,2026-06-12 23:33:09.982601+00,,"{""fa"":""درونتن""}",14006,درونتن,
4752,2026-06-12 23:33:09.982601+00,2026-06-12 23:33:09.982601+00,,"{""fa"":""زيولد""}",14007,زيولد,
4753,2026-06-12 23:33:09.986832+00,2026-06-12 23:33:09.986832+00,,"{""fa"":""هاردرويجك""}",14008,هاردرويجك,
4754,2026-06-12 23:33:09.986832+00,2026-06-12 23:33:09.986832+00,,"{""fa"":""آپلدورن""}",14009,آپلدورن,
4755,2026-06-12 23:33:09.986832+00,2026-06-12 23:33:09.986832+00,,"{""fa"":""دونتر""}",14010,دونتر,
4756,2026-06-12 23:33:09.986832+00,2026-06-12 23:33:09.986832+00,,"{""fa"":""گرونلو""}",14011,گرونلو,
4757,2026-06-12 23:33:09.986832+00,2026-06-12 23:33:09.986832+00,,"{""fa"":""بوركولب""}",14012,بوركولب,
4758,2026-06-12 23:33:09.986832+00,2026-06-12 23:33:09.986832+00,,"{""fa"":""ديرن""}",14013,ديرن,
4759,2026-06-12 23:33:09.986832+00,2026-06-12 23:33:09.986832+00,,"{""fa"":""آرنهم""}",14014,آرنهم,
4760,2026-06-12 23:33:09.986832+00,2026-06-12 23:33:09.986832+00,,"{""fa"":""ژوپتين""}",14015,ژوپتين,
4761,2026-06-12 23:33:09.986832+00,2026-06-12 23:33:09.986832+00,,"{""fa"":""زيست""}",14016,زيست,
4762,2026-06-12 23:33:09.986832+00,2026-06-12 23:33:09.986832+00,,"{""fa"":""واگنينگن""}",14017,واگنينگن,
4763,2026-06-12 23:33:09.986832+00,2026-06-12 23:33:09.986832+00,,"{""fa"":""هورن""}",14018,هورن,
4764,2026-06-12 23:33:09.986832+00,2026-06-12 23:33:09.986832+00,,"{""fa"":""هيكو""}",14019,هيكو,
4765,2026-06-12 23:33:09.986832+00,2026-06-12 23:33:09.986832+00,,"{""fa"":""اوتجيست""}",14020,اوتجيست,
4766,2026-06-12 23:33:09.986832+00,2026-06-12 23:33:09.986832+00,,"{""fa"":""آلكمار""}",14021,آلكمار,
4767,2026-06-12 23:33:09.986832+00,2026-06-12 23:33:09.986832+00,,"{""fa"":""ليدن""}",14022,ليدن,
4768,2026-06-12 23:33:09.986832+00,2026-06-12 23:33:09.986832+00,,"{""fa"":""هوف دروپ""}",14023,هوف دروپ,
4769,2026-06-12 23:33:09.986832+00,2026-06-12 23:33:09.986832+00,,"{""fa"":""زويترمر""}",14024,زويترمر,
4770,2026-06-12 23:33:09.986832+00,2026-06-12 23:33:09.986832+00,,"{""fa"":""بروكلين""}",14025,بروكلين,
4771,2026-06-12 23:33:09.986832+00,2026-06-12 23:33:09.986832+00,,"{""fa"":""اسپست""}",14026,اسپست,
4772,2026-06-12 23:33:09.986832+00,2026-06-12 23:33:09.986832+00,,"{""fa"":""اوترخت""}",14027,اوترخت,
4773,2026-06-12 23:33:09.986832+00,2026-06-12 23:33:09.986832+00,,"{""fa"":""گودا""}",14028,گودا,
4774,2026-06-12 23:33:09.986832+00,2026-06-12 23:33:09.986832+00,,"{""fa"":""شونكوون""}",14029,شونكوون,
4775,2026-06-12 23:33:09.986832+00,2026-06-12 23:33:09.986832+00,,"{""fa"":""ميدلهارنيس""}",14030,ميدلهارنيس,
4776,2026-06-12 23:33:09.986832+00,2026-06-12 23:33:09.986832+00,,"{""fa"":""استريجن""}",14031,استريجن,
4777,2026-06-12 23:33:09.986832+00,2026-06-12 23:33:09.986832+00,,"{""fa"":""استينبارگن""}",14032,استينبارگن,
4778,2026-06-12 23:33:09.986832+00,2026-06-12 23:33:09.986832+00,,"{""fa"":""زيريكزي""}",14033,زيريكزي,
4779,2026-06-12 23:33:09.986832+00,2026-06-12 23:33:09.986832+00,,"{""fa"":""گورينچم""}",14034,گورينچم,
4780,2026-06-12 23:33:09.986832+00,2026-06-12 23:33:09.986832+00,,"{""fa"":""هالسترن""}",14035,هالسترن,
4781,2026-06-12 23:33:09.986832+00,2026-06-12 23:33:09.986832+00,,"{""fa"":""گويس""}",14036,گويس,
4782,2026-06-12 23:33:09.986832+00,2026-06-12 23:33:09.986832+00,,"{""fa"":""دوردرخت""}",14037,دوردرخت,
4783,2026-06-12 23:33:09.986832+00,2026-06-12 23:33:09.986832+00,,"{""fa"":""ولسينگن""}",14038,ولسينگن,
4784,2026-06-12 23:33:09.986832+00,2026-06-12 23:33:09.986832+00,,"{""fa"":""ميدلبورگ""}",14039,ميدلبورگ,
4785,2026-06-12 23:33:09.986832+00,2026-06-12 23:33:09.986832+00,,"{""fa"":""ترنوژن""}",14040,ترنوژن,
4786,2026-06-12 23:33:09.986832+00,2026-06-12 23:33:09.986832+00,,"{""fa"":""اوستبورگ""}",14041,اوستبورگ,
4787,2026-06-12 23:33:09.986832+00,2026-06-12 23:33:09.986832+00,,"{""fa"":""آتن""}",14042,آتن,
4788,2026-06-12 23:33:09.986832+00,2026-06-12 23:33:09.986832+00,,"{""fa"":""تسالونيكي""}",14043,تسالونيكي,
4789,2026-06-12 23:33:09.986832+00,2026-06-12 23:33:09.986832+00,,"{""fa"":""ساكالا""}",14044,ساكالا,
4790,2026-06-12 23:33:09.986832+00,2026-06-12 23:33:09.986832+00,,"{""fa"":""پيريوس""}",14045,پيريوس,
4791,2026-06-12 23:33:09.986832+00,2026-06-12 23:33:09.986832+00,,"{""fa"":""كاريستوس""}",14046,كاريستوس,
4792,2026-06-12 23:33:09.986832+00,2026-06-12 23:33:09.986832+00,,"{""fa"":""آكارناي""}",14047,آكارناي,
4793,2026-06-12 23:33:09.986832+00,2026-06-12 23:33:09.986832+00,,"{""fa"":""لاريسا""}",14048,لاريسا,
4794,2026-06-12 23:33:09.986832+00,2026-06-12 23:33:09.986832+00,,"{""fa"":""پاتراي""}",14049,پاتراي,
4795,2026-06-12 23:33:09.986832+00,2026-06-12 23:33:09.986832+00,,"{""fa"":""پوآنيناكركيرا""}",14050,پوآنيناكركيرا,
4796,2026-06-12 23:33:09.986832+00,2026-06-12 23:33:09.986832+00,,"{""fa"":""اسپارتا""}",14051,اسپارتا,
4797,2026-06-12 23:33:09.986832+00,2026-06-12 23:33:09.986832+00,,"{""fa"":""گالاكسيديون""}",14052,گالاكسيديون,
4798,2026-06-12 23:33:09.986832+00,2026-06-12 23:33:09.986832+00,,"{""fa"":""پوروس""}",14053,پوروس,
4799,2026-06-12 23:33:09.986832+00,2026-06-12 23:33:09.986832+00,,"{""fa"":""كالاندرا""}",14054,كالاندرا,
4800,2026-06-12 23:33:09.986832+00,2026-06-12 23:33:09.986832+00,,"{""fa"":""رزشوو""}",14055,رزشوو,
4801,2026-06-12 23:33:09.986832+00,2026-06-12 23:33:09.986832+00,,"{""fa"":""ورشو""}",14056,ورشو,
4802,2026-06-12 23:33:09.986832+00,2026-06-12 23:33:09.986832+00,,"{""fa"":""پزنان""}",14057,پزنان,
4803,2026-06-12 23:33:09.986832+00,2026-06-12 23:33:09.986832+00,,"{""fa"":""لوبلين""}",14058,لوبلين,
4804,2026-06-12 23:33:09.986832+00,2026-06-12 23:33:09.986832+00,,"{""fa"":""لدز""}",14059,لدز,
4805,2026-06-12 23:33:09.986832+00,2026-06-12 23:33:09.986832+00,,"{""fa"":""كراكوف""}",14060,كراكوف,
4806,2026-06-12 23:33:09.986832+00,2026-06-12 23:33:09.986832+00,,"{""fa"":""تيخي""}",14061,تيخي,
4807,2026-06-12 23:33:09.986832+00,2026-06-12 23:33:09.986832+00,,"{""fa"":""ميلس""}",14062,ميلس,
4808,2026-06-12 23:33:09.986832+00,2026-06-12 23:33:09.986832+00,,"{""fa"":""اولشتين""}",14063,اولشتين,
4809,2026-06-12 23:33:09.986832+00,2026-06-12 23:33:09.986832+00,,"{""fa"":""گدانسك""}",14064,گدانسك,
4810,2026-06-12 23:33:09.986832+00,2026-06-12 23:33:09.986832+00,,"{""fa"":""شچتسين""}",14065,شچتسين,
4811,2026-06-12 23:33:09.986832+00,2026-06-12 23:33:09.986832+00,,"{""fa"":""بيدگوشچ""}",14066,بيدگوشچ,
4812,2026-06-12 23:33:09.986832+00,2026-06-12 23:33:09.986832+00,,"{""fa"":""انوروتسلاف""}",14067,انوروتسلاف,
4813,2026-06-12 23:33:09.986832+00,2026-06-12 23:33:09.986832+00,,"{""fa"":""گدينيا""}",14068,گدينيا,
4814,2026-06-12 23:33:09.986832+00,2026-06-12 23:33:09.986832+00,,"{""fa"":""البلاگ""}",14069,البلاگ,
4815,2026-06-12 23:33:09.986832+00,2026-06-12 23:33:09.986832+00,,"{""fa"":""كاتوويتسه""}",14070,كاتوويتسه,
4816,2026-06-12 23:33:09.986832+00,2026-06-12 23:33:09.986832+00,,"{""fa"":""اوران""}",14071,اوران,
4817,2026-06-12 23:33:09.986832+00,2026-06-12 23:33:09.986832+00,,"{""fa"":""الجزيره""}",14072,الجزيره,
4818,2026-06-12 23:33:09.986832+00,2026-06-12 23:33:09.986832+00,,"{""fa"":""تيندوف""}",14073,تيندوف,
4819,2026-06-12 23:33:09.986832+00,2026-06-12 23:33:09.986832+00,,"{""fa"":""فرندا""}",14074,فرندا,
4820,2026-06-12 23:33:09.986832+00,2026-06-12 23:33:09.986832+00,,"{""fa"":""بشار""}",14075,بشار,
4821,2026-06-12 23:33:09.986832+00,2026-06-12 23:33:09.986832+00,,"{""fa"":""عنابه""}",14076,عنابه,
4822,2026-06-12 23:33:09.986832+00,2026-06-12 23:33:09.986832+00,,"{""fa"":""قسطنطنيه""}",14077,قسطنطنيه,
4823,2026-06-12 23:33:09.986832+00,2026-06-12 23:33:09.986832+00,,"{""fa"":""وهران""}",14078,وهران,
4824,2026-06-12 23:33:09.986832+00,2026-06-12 23:33:09.986832+00,,"{""fa"":""تقرت""}",14079,تقرت,
4825,2026-06-12 23:33:09.986832+00,2026-06-12 23:33:09.986832+00,,"{""fa"":""ورقله""}",14080,ورقله,
4826,2026-06-12 23:33:09.986832+00,2026-06-12 23:33:09.986832+00,,"{""fa"":""عينصلاح""}",14081,عينصلاح,
4827,2026-06-12 23:33:09.986832+00,2026-06-12 23:33:09.986832+00,,"{""fa"":""تمانراست""}",14082,تمانراست,
4828,2026-06-12 23:33:09.986832+00,2026-06-12 23:33:09.986832+00,,"{""fa"":""بنغازي""}",14083,بنغازي,
4829,2026-06-12 23:33:09.986832+00,2026-06-12 23:33:09.986832+00,,"{""fa"":""طرابلس""}",14084,طرابلس,
4830,2026-06-12 23:33:09.986832+00,2026-06-12 23:33:09.986832+00,,"{""fa"":""طبرق""}",14085,طبرق,
4831,2026-06-12 23:33:09.986832+00,2026-06-12 23:33:09.986832+00,,"{""fa"":""بيضا""}",14086,بيضا,
4832,2026-06-12 23:33:09.986832+00,2026-06-12 23:33:09.986832+00,,"{""fa"":""اجدابيه""}",14087,اجدابيه,
4833,2026-06-12 23:33:09.986832+00,2026-06-12 23:33:09.986832+00,,"{""fa"":""سرت""}",14088,سرت,
4834,2026-06-12 23:33:09.986832+00,2026-06-12 23:33:09.986832+00,,"{""fa"":""مصراته""}",14089,مصراته,
4835,2026-06-12 23:33:09.986832+00,2026-06-12 23:33:09.986832+00,,"{""fa"":""خمس""}",14090,خمس,
4836,2026-06-12 23:33:09.986832+00,2026-06-12 23:33:09.986832+00,,"{""fa"":""غريان""}",14091,غريان,
4837,2026-06-12 23:33:09.986832+00,2026-06-12 23:33:09.986832+00,,"{""fa"":""سبها""}",14092,سبها,
4838,2026-06-12 23:33:09.986832+00,2026-06-12 23:33:09.986832+00,,"{""fa"":""دارالسلام""}",14093,دارالسلام,
4839,2026-06-12 23:33:09.986832+00,2026-06-12 23:33:09.986832+00,,"{""fa"":""دودوما""}",14094,دودوما,
4840,2026-06-12 23:33:09.986832+00,2026-06-12 23:33:09.986832+00,,"{""fa"":""زنگبار""}",14095,زنگبار,
4841,2026-06-12 23:33:09.986832+00,2026-06-12 23:33:09.986832+00,,"{""fa"":""تانگا""}",14096,تانگا,
4842,2026-06-12 23:33:09.986832+00,2026-06-12 23:33:09.986832+00,,"{""fa"":""موسوما""}",14097,موسوما,
4843,2026-06-12 23:33:09.986832+00,2026-06-12 23:33:09.986832+00,,"{""fa"":""آروشا""}",14098,آروشا,
4844,2026-06-12 23:33:09.986832+00,2026-06-12 23:33:09.986832+00,,"{""fa"":""كيگوما""}",14099,كيگوما,
4845,2026-06-12 23:33:09.986832+00,2026-06-12 23:33:09.986832+00,,"{""fa"":""تابورا""}",14100,تابورا,
4846,2026-06-12 23:33:09.986832+00,2026-06-12 23:33:09.986832+00,,"{""fa"":""موانزا""}",14101,موانزا,
4847,2026-06-12 23:33:09.986832+00,2026-06-12 23:33:09.986832+00,,"{""fa"":""موروگورو""}",14102,موروگورو,
4848,2026-06-12 23:33:09.986832+00,2026-06-12 23:33:09.986832+00,,"{""fa"":""امبيا""}",14103,امبيا,
4849,2026-06-12 23:33:09.986832+00,2026-06-12 23:33:09.986832+00,,"{""fa"":""كينشاسا""}",14104,كينشاسا,
4850,2026-06-12 23:33:09.986832+00,2026-06-12 23:33:09.986832+00,,"{""fa"":""ايسيرو""}",14105,ايسيرو,
4851,2026-06-12 23:33:09.986832+00,2026-06-12 23:33:09.986832+00,,"{""fa"":""كيسانگاني""}",14106,كيسانگاني,
4852,2026-06-12 23:33:09.986832+00,2026-06-12 23:33:09.986832+00,,"{""fa"":""بوكاوو""}",14107,بوكاوو,
4853,2026-06-12 23:33:09.992815+00,2026-06-12 23:33:09.992815+00,,"{""fa"":""امبانداكا""}",14108,امبانداكا,
4854,2026-06-12 23:33:09.992815+00,2026-06-12 23:33:09.992815+00,,"{""fa"":""باندوندو""}",14109,باندوندو,
4855,2026-06-12 23:33:09.992815+00,2026-06-12 23:33:09.992815+00,,"{""fa"":""مبانزانگونگو""}",14110,مبانزانگونگو,
4856,2026-06-12 23:33:09.992815+00,2026-06-12 23:33:09.992815+00,,"{""fa"":""ماتادي""}",14111,ماتادي,
4857,2026-06-12 23:33:09.992815+00,2026-06-12 23:33:09.992815+00,,"{""fa"":""بوما""}",14112,بوما,
4858,2026-06-12 23:33:09.992815+00,2026-06-12 23:33:09.992815+00,,"{""fa"":""كيكويت""}",14113,كيكويت,
4859,2026-06-12 23:33:09.992815+00,2026-06-12 23:33:09.992815+00,,"{""fa"":""كانانگا""}",14114,كانانگا,
4860,2026-06-12 23:33:09.992815+00,2026-06-12 23:33:09.992815+00,,"{""fa"":""امبوجيمايي""}",14115,امبوجيمايي,
4861,2026-06-12 23:33:09.992815+00,2026-06-12 23:33:09.992815+00,,"{""fa"":""مونديتو""}",14116,مونديتو,
4862,2026-06-12 23:33:09.992815+00,2026-06-12 23:33:09.992815+00,,"{""fa"":""كالميه""}",14117,كالميه,
4863,2026-06-12 23:33:09.992815+00,2026-06-12 23:33:09.992815+00,,"{""fa"":""كامينا""}",14118,كامينا,
4864,2026-06-12 23:33:09.992815+00,2026-06-12 23:33:09.992815+00,,"{""fa"":""كابيندا""}",14119,كابيندا,
4865,2026-06-12 23:33:09.992815+00,2026-06-12 23:33:09.992815+00,,"{""fa"":""كولوزي""}",14120,كولوزي,
4866,2026-06-12 23:33:09.992815+00,2026-06-12 23:33:09.992815+00,,"{""fa"":""ليكاسي""}",14121,ليكاسي,
4867,2026-06-12 23:33:09.992815+00,2026-06-12 23:33:09.992815+00,,"{""fa"":""لوبومباشي""}",14122,لوبومباشي,
4868,2026-06-12 23:33:09.992815+00,2026-06-12 23:33:09.992815+00,,"{""fa"":""خرطوم""}",14123,خرطوم,
4869,2026-06-12 23:33:09.992815+00,2026-06-12 23:33:09.992815+00,,"{""fa"":""امدرمان""}",14124,امدرمان,
4870,2026-06-12 23:33:09.992815+00,2026-06-12 23:33:09.992815+00,,"{""fa"":""پورتسودان""}",14125,پورتسودان,
4871,2026-06-12 23:33:09.992815+00,2026-06-12 23:33:09.992815+00,,"{""fa"":""عطبره""}",14126,عطبره,
4872,2026-06-12 23:33:09.992815+00,2026-06-12 23:33:09.992815+00,,"{""fa"":""كسلا""}",14127,كسلا,
4873,2026-06-12 23:33:09.992815+00,2026-06-12 23:33:09.992815+00,,"{""fa"":""وادمدني""}",14128,وادمدني,
4874,2026-06-12 23:33:09.992815+00,2026-06-12 23:33:09.992815+00,,"{""fa"":""قضارف""}",14129,قضارف,
4875,2026-06-12 23:33:09.992815+00,2026-06-12 23:33:09.992815+00,,"{""fa"":""كوستي""}",14130,كوستي,
4876,2026-06-12 23:33:09.992815+00,2026-06-12 23:33:09.992815+00,,"{""fa"":""دمزين""}",14131,دمزين,
4877,2026-06-12 23:33:09.992815+00,2026-06-12 23:33:09.992815+00,,"{""fa"":""الابيض""}",14132,الابيض,
4878,2026-06-12 23:33:09.992815+00,2026-06-12 23:33:09.992815+00,,"{""fa"":""فاشر""}",14133,فاشر,
4879,2026-06-12 23:33:09.992815+00,2026-06-12 23:33:09.992815+00,,"{""fa"":""نيالا""}",14134,نيالا,
4880,2026-06-12 23:33:09.992815+00,2026-06-12 23:33:09.992815+00,,"{""fa"":""واو""}",14135,واو,
4881,2026-06-12 23:33:09.992815+00,2026-06-12 23:33:09.992815+00,,"{""fa"":""ملكال""}",14136,ملكال,
4882,2026-06-12 23:33:09.992815+00,2026-06-12 23:33:09.992815+00,,"{""fa"":""جويا""}",14137,جويا,
4883,2026-06-12 23:33:09.992815+00,2026-06-12 23:33:09.992815+00,,"{""fa"":""آبوجا""}",14138,آبوجا,
4884,2026-06-12 23:33:09.992815+00,2026-06-12 23:33:09.992815+00,,"{""fa"":""واري""}",14139,واري,
4885,2026-06-12 23:33:09.992815+00,2026-06-12 23:33:09.992815+00,,"{""fa"":""مايدوگوري""}",14140,مايدوگوري,
4886,2026-06-12 23:33:09.992815+00,2026-06-12 23:33:09.992815+00,,"{""fa"":""گاتسينا""}",14141,گاتسينا,
4887,2026-06-12 23:33:09.992815+00,2026-06-12 23:33:09.992815+00,,"{""fa"":""سوكوتو""}",14142,سوكوتو,
4888,2026-06-12 23:33:09.992815+00,2026-06-12 23:33:09.992815+00,,"{""fa"":""زاريا""}",14143,زاريا,
4889,2026-06-12 23:33:09.992815+00,2026-06-12 23:33:09.992815+00,,"{""fa"":""كادونا""}",14144,كادونا,
4890,2026-06-12 23:33:09.992815+00,2026-06-12 23:33:09.992815+00,,"{""fa"":""جوس""}",14145,جوس,
4891,2026-06-12 23:33:09.992815+00,2026-06-12 23:33:09.992815+00,,"{""fa"":""مينا""}",14146,مينا,
4892,2026-06-12 23:33:09.992815+00,2026-06-12 23:33:09.992815+00,,"{""fa"":""بيدا""}",14147,بيدا,
4893,2026-06-12 23:33:09.992815+00,2026-06-12 23:33:09.992815+00,,"{""fa"":""ايلورين""}",14148,ايلورين,
4894,2026-06-12 23:33:09.992815+00,2026-06-12 23:33:09.992815+00,,"{""fa"":""اوگبوموشو""}",14149,اوگبوموشو,
4895,2026-06-12 23:33:09.992815+00,2026-06-12 23:33:09.992815+00,,"{""fa"":""اوشوگبو""}",14150,اوشوگبو,
4896,2026-06-12 23:33:09.992815+00,2026-06-12 23:33:09.992815+00,,"{""fa"":""ايبادان""}",14151,ايبادان,
4897,2026-06-12 23:33:09.992815+00,2026-06-12 23:33:09.992815+00,,"{""fa"":""آبئوكوتا""}",14152,آبئوكوتا,
4898,2026-06-12 23:33:09.992815+00,2026-06-12 23:33:09.992815+00,,"{""fa"":""بنينسيتي""}",14153,بنينسيتي,
4899,2026-06-12 23:33:09.992815+00,2026-06-12 23:33:09.992815+00,,"{""fa"":""آبا""}",14154,آبا,
4900,2026-06-12 23:33:09.992815+00,2026-06-12 23:33:09.992815+00,,"{""fa"":""پورتهاركرت""}",14155,پورتهاركرت,
4901,2026-06-12 23:33:09.992815+00,2026-06-12 23:33:09.992815+00,,"{""fa"":""اماكوردي""}",14156,اماكوردي,
4902,2026-06-12 23:33:09.992815+00,2026-06-12 23:33:09.992815+00,,"{""fa"":""يولا""}",14157,يولا,
4903,2026-06-12 23:33:09.992815+00,2026-06-12 23:33:09.992815+00,,"{""fa"":""كالابار""}",14158,كالابار,
4904,2026-06-12 23:33:09.992815+00,2026-06-12 23:33:09.992815+00,,"{""fa"":""قاهره""}",14159,قاهره,
4905,2026-06-12 23:33:09.992815+00,2026-06-12 23:33:09.992815+00,,"{""fa"":""اسكندريه""}",14160,اسكندريه,
4906,2026-06-12 23:33:09.992815+00,2026-06-12 23:33:09.992815+00,,"{""fa"":""اسيوط""}",14161,اسيوط,
4907,2026-06-12 23:33:09.992815+00,2026-06-12 23:33:09.992815+00,,"{""fa"":""الفشين""}",14162,الفشين,
4908,2026-06-12 23:33:09.992815+00,2026-06-12 23:33:09.992815+00,,"{""fa"":""منهور""}",14163,منهور,
4909,2026-06-12 23:33:09.992815+00,2026-06-12 23:33:09.992815+00,,"{""fa"":""اقصر""}",14164,اقصر,
4910,2026-06-12 23:33:09.992815+00,2026-06-12 23:33:09.992815+00,,"{""fa"":""العريس""}",14165,العريس,
4911,2026-06-12 23:33:09.992815+00,2026-06-12 23:33:09.992815+00,,"{""fa"":""محله الكبري""}",14166,محله الكبري,
4912,2026-06-12 23:33:09.992815+00,2026-06-12 23:33:09.992815+00,,"{""fa"":""زقاريق""}",14167,زقاريق,
4913,2026-06-12 23:33:09.992815+00,2026-06-12 23:33:09.992815+00,,"{""fa"":""طنطا""}",14168,طنطا,
4914,2026-06-12 23:33:09.992815+00,2026-06-12 23:33:09.992815+00,,"{""fa"":""دمنهور""}",14169,دمنهور,
4915,2026-06-12 23:33:09.992815+00,2026-06-12 23:33:09.992815+00,,"{""fa"":""جيزه""}",14170,جيزه,
4916,2026-06-12 23:33:09.992815+00,2026-06-12 23:33:09.992815+00,,"{""fa"":""فيوم""}",14171,فيوم,
4917,2026-06-12 23:33:09.992815+00,2026-06-12 23:33:09.992815+00,,"{""fa"":""بني سويف""}",14172,بني سويف,
4918,2026-06-12 23:33:09.992815+00,2026-06-12 23:33:09.992815+00,,"{""fa"":""منيا""}",14173,منيا,
4919,2026-06-12 23:33:09.992815+00,2026-06-12 23:33:09.992815+00,,"{""fa"":""سوهاج""}",14174,سوهاج,
4920,2026-06-12 23:33:09.992815+00,2026-06-12 23:33:09.992815+00,,"{""fa"":""لوكسور""}",14175,لوكسور,
4921,2026-06-12 23:33:09.992815+00,2026-06-12 23:33:09.992815+00,,"{""fa"":""اسوان""}",14176,اسوان,
4922,2026-06-12 23:33:09.992815+00,2026-06-12 23:33:09.992815+00,,"{""fa"":""مطروح""}",14177,مطروح,
4923,2026-06-12 23:33:09.992815+00,2026-06-12 23:33:09.992815+00,,"{""fa"":""سوئز""}",14178,سوئز,
4924,2026-06-12 23:33:09.992815+00,2026-06-12 23:33:09.992815+00,,"{""fa"":""پورت سعيد""}",14179,پورت سعيد,
4925,2026-06-12 23:33:09.992815+00,2026-06-12 23:33:09.992815+00,,"{""fa"":""بوئنوسآيرس""}",14180,بوئنوسآيرس,
4926,2026-06-12 23:33:09.992815+00,2026-06-12 23:33:09.992815+00,,"{""fa"":""سانميگوئلدوتوكومان""}",14181,سانميگوئلدوتوكومان,
4927,2026-06-12 23:33:09.992815+00,2026-06-12 23:33:09.992815+00,,"{""fa"":""پوزاداس""}",14182,پوزاداس,
4928,2026-06-12 23:33:09.992815+00,2026-06-12 23:33:09.992815+00,,"{""fa"":""رزيستنسيا""}",14183,رزيستنسيا,
4929,2026-06-12 23:33:09.992815+00,2026-06-12 23:33:09.992815+00,,"{""fa"":""پارانا""}",14184,پارانا,
4930,2026-06-12 23:33:09.992815+00,2026-06-12 23:33:09.992815+00,,"{""fa"":""روزاريو""}",14185,روزاريو,
4931,2026-06-12 23:33:09.992815+00,2026-06-12 23:33:09.992815+00,,"{""fa"":""كوردوبا""}",14186,كوردوبا,
4932,2026-06-12 23:33:09.992815+00,2026-06-12 23:33:09.992815+00,,"{""fa"":""باهيابلانكا""}",14187,باهيابلانكا,
4933,2026-06-12 23:33:09.992815+00,2026-06-12 23:33:09.992815+00,,"{""fa"":""كومودوروريواداويا""}",14188,كومودوروريواداويا,
4934,2026-06-12 23:33:09.992815+00,2026-06-12 23:33:09.992815+00,,"{""fa"":""ريوگالگوس""}",14189,ريوگالگوس,
4935,2026-06-12 23:33:09.992815+00,2026-06-12 23:33:09.992815+00,,"{""fa"":""سانتافه""}",14190,سانتافه,
4936,2026-06-12 23:33:09.992815+00,2026-06-12 23:33:09.992815+00,,"{""fa"":""ماردلپلاتا""}",14191,ماردلپلاتا,
4937,2026-06-12 23:33:09.992815+00,2026-06-12 23:33:09.992815+00,,"{""fa"":""مندوزا""}",14192,مندوزا,
4938,2026-06-12 23:33:09.992815+00,2026-06-12 23:33:09.992815+00,,"{""fa"":""سالتا""}",14193,سالتا,
4939,2026-06-12 23:33:09.992815+00,2026-06-12 23:33:09.992815+00,,"{""fa"":""ريودوژانيرو""}",14194,ريودوژانيرو,
4940,2026-06-12 23:33:09.992815+00,2026-06-12 23:33:09.992815+00,,"{""fa"":""سائوپولو""}",14195,سائوپولو,
4941,2026-06-12 23:33:09.992815+00,2026-06-12 23:33:09.992815+00,,"{""fa"":""فورتالزا""}",14196,فورتالزا,
4942,2026-06-12 23:33:09.992815+00,2026-06-12 23:33:09.992815+00,,"{""fa"":""برازيليا""}",14197,برازيليا,
4943,2026-06-12 23:33:09.992815+00,2026-06-12 23:33:09.992815+00,,"{""fa"":""ريوگرانده""}",14198,ريوگرانده,
4944,2026-06-12 23:33:09.992815+00,2026-06-12 23:33:09.992815+00,,"{""fa"":""پورتوآلگره""}",14199,پورتوآلگره,
4945,2026-06-12 23:33:09.992815+00,2026-06-12 23:33:09.992815+00,,"{""fa"":""فلوريانوپليس""}",14200,فلوريانوپليس,
4946,2026-06-12 23:33:09.992815+00,2026-06-12 23:33:09.992815+00,,"{""fa"":""كوريتيبا""}",14201,كوريتيبا,
4947,2026-06-12 23:33:09.992815+00,2026-06-12 23:33:09.992815+00,,"{""fa"":""سانتوس""}",14202,سانتوس,
4948,2026-06-12 23:33:09.992815+00,2026-06-12 23:33:09.992815+00,,"{""fa"":""كامپيناس""}",14203,كامپيناس,
4949,2026-06-12 23:33:09.992815+00,2026-06-12 23:33:09.992815+00,,"{""fa"":""ويتوريا""}",14204,ويتوريا,
4950,2026-06-12 23:33:09.992815+00,2026-06-12 23:33:09.992815+00,,"{""fa"":""بلوهرريزونت""}",14205,بلوهرريزونت,
4951,2026-06-12 23:33:09.992815+00,2026-06-12 23:33:09.992815+00,,"{""fa"":""كويابا""}",14206,كويابا,
4952,2026-06-12 23:33:09.992815+00,2026-06-12 23:33:09.992815+00,,"{""fa"":""كامپوگرانده""}",14207,كامپوگرانده,
4953,2026-06-12 23:33:09.99821+00,2026-06-12 23:33:09.99821+00,,"{""fa"":""گويانيا""}",14208,گويانيا,
4954,2026-06-12 23:33:09.99821+00,2026-06-12 23:33:09.99821+00,,"{""fa"":""سالوادور""}",14209,سالوادور,
4955,2026-06-12 23:33:09.99821+00,2026-06-12 23:33:09.99821+00,,"{""fa"":""آراكازو""}",14210,آراكازو,
4956,2026-06-12 23:33:09.99821+00,2026-06-12 23:33:09.99821+00,,"{""fa"":""ماسيو""}",14211,ماسيو,
4957,2026-06-12 23:33:09.99821+00,2026-06-12 23:33:09.99821+00,,"{""fa"":""رسيف""}",14212,رسيف,
4958,2026-06-12 23:33:09.99821+00,2026-06-12 23:33:09.99821+00,,"{""fa"":""ژوائوپسوا""}",14213,ژوائوپسوا,
4959,2026-06-12 23:33:09.99821+00,2026-06-12 23:33:09.99821+00,,"{""fa"":""ناتال""}",14214,ناتال,
4960,2026-06-12 23:33:09.99821+00,2026-06-12 23:33:09.99821+00,,"{""fa"":""ترزينا""}",14215,ترزينا,
4961,2026-06-12 23:33:09.99821+00,2026-06-12 23:33:09.99821+00,,"{""fa"":""پورتووليو""}",14216,پورتووليو,
4962,2026-06-12 23:33:09.99821+00,2026-06-12 23:33:09.99821+00,,"{""fa"":""ريوبرانكو""}",14217,ريوبرانكو,
4963,2026-06-12 23:33:09.99821+00,2026-06-12 23:33:09.99821+00,,"{""fa"":""مانائوز""}",14218,مانائوز,
4964,2026-06-12 23:33:09.99821+00,2026-06-12 23:33:09.99821+00,,"{""fa"":""ماكاپا""}",14219,ماكاپا,
4965,2026-06-12 23:33:09.99821+00,2026-06-12 23:33:09.99821+00,,"{""fa"":""بلم""}",14220,بلم,
4966,2026-06-12 23:33:09.99821+00,2026-06-12 23:33:09.99821+00,,"{""fa"":""ريبيرائوپرتو""}",14221,ريبيرائوپرتو,
4967,2026-06-12 23:33:09.99821+00,2026-06-12 23:33:09.99821+00,,"{""fa"":""سائولوئيس""}",14222,سائولوئيس,
4968,2026-06-12 23:33:09.99821+00,2026-06-12 23:33:09.99821+00,,"{""fa"":""كودو""}",14223,كودو,
4969,2026-06-12 23:33:09.99821+00,2026-06-12 23:33:09.99821+00,,"{""fa"":""پلوتاس""}",14224,پلوتاس,
4970,2026-06-12 23:33:09.99821+00,2026-06-12 23:33:09.99821+00,,"{""fa"":""دورادوس""}",14225,دورادوس,
4971,2026-06-12 23:33:09.99821+00,2026-06-12 23:33:09.99821+00,,"{""fa"":""سوبرال""}",14226,سوبرال,
4972,2026-06-12 23:33:09.99821+00,2026-06-12 23:33:09.99821+00,,"{""fa"":""آلاگواناس""}",14227,آلاگواناس,
4973,2026-06-12 23:33:09.99821+00,2026-06-12 23:33:09.99821+00,,"{""fa"":""ايلهوس""}",14228,ايلهوس,
4974,2026-06-12 23:33:09.99821+00,2026-06-12 23:33:09.99821+00,,"{""fa"":""كاسرس""}",14229,كاسرس,
4975,2026-06-12 23:33:09.99821+00,2026-06-12 23:33:09.99821+00,,"{""fa"":""بوئاويستا""}",14230,بوئاويستا,
4976,2026-06-12 23:33:09.99821+00,2026-06-12 23:33:09.99821+00,,"{""fa"":""سانتارم""}",14231,سانتارم,
4977,2026-06-12 23:33:09.99821+00,2026-06-12 23:33:09.99821+00,,"{""fa"":""كورنيتو""}",14232,كورنيتو,
4978,2026-06-12 23:33:09.99821+00,2026-06-12 23:33:09.99821+00,,"{""fa"":""جويزدوفورا""}",14233,جويزدوفورا,
4979,2026-06-12 23:33:09.99821+00,2026-06-12 23:33:09.99821+00,,"{""fa"":""پونتاگروسا""}",14234,پونتاگروسا,
4980,2026-06-12 23:33:09.99821+00,2026-06-12 23:33:09.99821+00,,"{""fa"":""آريكا""}",14235,آريكا,
4981,2026-06-12 23:33:09.99821+00,2026-06-12 23:33:09.99821+00,,"{""fa"":""سانتياگو""}",14236,سانتياگو,
4982,2026-06-12 23:33:09.99821+00,2026-06-12 23:33:09.99821+00,,"{""fa"":""تموكو""}",14237,تموكو,
4983,2026-06-12 23:33:09.99821+00,2026-06-12 23:33:09.99821+00,,"{""fa"":""آنتوفاگاستا""}",14238,آنتوفاگاستا,
4984,2026-06-12 23:33:09.99821+00,2026-06-12 23:33:09.99821+00,,"{""fa"":""والديويا""}",14239,والديويا,
4985,2026-06-12 23:33:09.99821+00,2026-06-12 23:33:09.99821+00,,"{""fa"":""ايكيكه""}",14240,ايكيكه,
4986,2026-06-12 23:33:09.99821+00,2026-06-12 23:33:09.99821+00,,"{""fa"":""وينيادلمار""}",14241,وينيادلمار,
4987,2026-06-12 23:33:09.99821+00,2026-06-12 23:33:09.99821+00,,"{""fa"":""والپارايزو""}",14242,والپارايزو,
4988,2026-06-12 23:33:09.99821+00,2026-06-12 23:33:09.99821+00,,"{""fa"":""تالكا""}",14243,تالكا,
4989,2026-06-12 23:33:09.99821+00,2026-06-12 23:33:09.99821+00,,"{""fa"":""تالكاهوانو""}",14244,تالكاهوانو,
4990,2026-06-12 23:33:09.99821+00,2026-06-12 23:33:09.99821+00,,"{""fa"":""كونسپسيون""}",14245,كونسپسيون,
4991,2026-06-12 23:33:09.99821+00,2026-06-12 23:33:09.99821+00,,"{""fa"":""پوئرتومونت""}",14246,پوئرتومونت,
4992,2026-06-12 23:33:09.99821+00,2026-06-12 23:33:09.99821+00,,"{""fa"":""پونتاآرناس""}",14247,پونتاآرناس,
4993,2026-06-12 23:33:09.99821+00,2026-06-12 23:33:09.99821+00,,"{""fa"":""پوئرتوناتالس""}",14248,پوئرتوناتالس,
4994,2026-06-12 23:33:09.99821+00,2026-06-12 23:33:09.99821+00,,"{""fa"":""كاراكاس""}",14249,كاراكاس,
4995,2026-06-12 23:33:09.99821+00,2026-06-12 23:33:09.99821+00,,"{""fa"":""ماراكاي""}",14250,ماراكاي,
4996,2026-06-12 23:33:09.99821+00,2026-06-12 23:33:09.99821+00,,"{""fa"":""والنسيا""}",14251,والنسيا,
4997,2026-06-12 23:33:09.99821+00,2026-06-12 23:33:09.99821+00,,"{""fa"":""باركيزيمتو""}",14252,باركيزيمتو,
4998,2026-06-12 23:33:09.99821+00,2026-06-12 23:33:09.99821+00,,"{""fa"":""سيودادبوليوار""}",14253,سيودادبوليوار,
4999,2026-06-12 23:33:09.99821+00,2026-06-12 23:33:09.99821+00,,"{""fa"":""سيودادگوايانا""}",14254,سيودادگوايانا,
5000,2026-06-12 23:33:09.99821+00,2026-06-12 23:33:09.99821+00,,"{""fa"":""كومانا""}",14255,كومانا,
5001,2026-06-12 23:33:09.99821+00,2026-06-12 23:33:09.99821+00,,"{""fa"":""بارسلونا""}",14256,بارسلونا,
5002,2026-06-12 23:33:09.99821+00,2026-06-12 23:33:09.99821+00,,"{""fa"":""سانكريستوبال""}",14257,سانكريستوبال,
5003,2026-06-12 23:33:09.99821+00,2026-06-12 23:33:09.99821+00,,"{""fa"":""ماراكايبو""}",14258,ماراكايبو,
5004,2026-06-12 23:33:09.99821+00,2026-06-12 23:33:09.99821+00,,"{""fa"":""آكاپولكو""}",14259,آكاپولكو,
5005,2026-06-12 23:33:09.99821+00,2026-06-12 23:33:09.99821+00,,"{""fa"":""واخاكا""}",14260,واخاكا,
5006,2026-06-12 23:33:09.99821+00,2026-06-12 23:33:09.99821+00,,"{""fa"":""مونتري""}",14261,مونتري,
5007,2026-06-12 23:33:09.99821+00,2026-06-12 23:33:09.99821+00,,"{""fa"":""نوئوولاردو""}",14262,نوئوولاردو,
5008,2026-06-12 23:33:09.99821+00,2026-06-12 23:33:09.99821+00,,"{""fa"":""تورئون""}",14263,تورئون,
5009,2026-06-12 23:33:09.99821+00,2026-06-12 23:33:09.99821+00,,"{""fa"":""چيئوائوا""}",14264,چيئوائوا,
5010,2026-06-12 23:33:09.99821+00,2026-06-12 23:33:09.99821+00,,"{""fa"":""مريدا""}",14265,مريدا,
5011,2026-06-12 23:33:09.99821+00,2026-06-12 23:33:09.99821+00,,"{""fa"":""تيخوانا""}",14266,تيخوانا,
5012,2026-06-12 23:33:09.99821+00,2026-06-12 23:33:09.99821+00,,"{""fa"":""مكزيكالي""}",14267,مكزيكالي,
5013,2026-06-12 23:33:09.99821+00,2026-06-12 23:33:09.99821+00,,"{""fa"":""هرموزيلو""}",14268,هرموزيلو,
5014,2026-06-12 23:33:09.99821+00,2026-06-12 23:33:09.99821+00,,"{""fa"":""ماتاموروس""}",14269,ماتاموروس,
5015,2026-06-12 23:33:09.99821+00,2026-06-12 23:33:09.99821+00,,"{""fa"":""تامپيكو""}",14270,تامپيكو,
5016,2026-06-12 23:33:09.99821+00,2026-06-12 23:33:09.99821+00,,"{""fa"":""لئون""}",14271,لئون,
5017,2026-06-12 23:33:09.99821+00,2026-06-12 23:33:09.99821+00,,"{""fa"":""گوادالاخارا""}",14272,گوادالاخارا,
5018,2026-06-12 23:33:09.99821+00,2026-06-12 23:33:09.99821+00,,"{""fa"":""مكزيكوسيتي""}",14273,مكزيكوسيتي,
5019,2026-06-12 23:33:09.99821+00,2026-06-12 23:33:09.99821+00,,"{""fa"":""پوئبلا""}",14274,پوئبلا,
5020,2026-06-12 23:33:09.99821+00,2026-06-12 23:33:09.99821+00,,"{""fa"":""وراكروز""}",14275,وراكروز,
5021,2026-06-12 23:33:09.99821+00,2026-06-12 23:33:09.99821+00,,"{""fa"":""كواتزاكوالكوس""}",14276,كواتزاكوالكوس,
5022,2026-06-12 23:33:09.99821+00,2026-06-12 23:33:09.99821+00,,"{""fa"":""كانكون""}",14277,كانكون,
5023,2026-06-12 23:33:09.99821+00,2026-06-12 23:33:09.99821+00,,"{""fa"":""كارتاخنا""}",14278,كارتاخنا,
5024,2026-06-12 23:33:09.99821+00,2026-06-12 23:33:09.99821+00,,"{""fa"":""بوگوتا""}",14279,بوگوتا,
5025,2026-06-12 23:33:09.99821+00,2026-06-12 23:33:09.99821+00,,"{""fa"":""كالي""}",14280,كالي,
5026,2026-06-12 23:33:09.99821+00,2026-06-12 23:33:09.99821+00,,"{""fa"":""پوپايان""}",14281,پوپايان,
5027,2026-06-12 23:33:09.99821+00,2026-06-12 23:33:09.99821+00,,"{""fa"":""پاستو""}",14282,پاستو,
5028,2026-06-12 23:33:09.99821+00,2026-06-12 23:33:09.99821+00,,"{""fa"":""بوئناونتورا""}",14283,بوئناونتورا,
5029,2026-06-12 23:33:09.99821+00,2026-06-12 23:33:09.99821+00,,"{""fa"":""مانيزالس""}",14284,مانيزالس,
5030,2026-06-12 23:33:09.99821+00,2026-06-12 23:33:09.99821+00,,"{""fa"":""مدلين""}",14285,مدلين,
5031,2026-06-12 23:33:09.99821+00,2026-06-12 23:33:09.99821+00,,"{""fa"":""بوكارامانگا""}",14286,بوكارامانگا,
5032,2026-06-12 23:33:09.99821+00,2026-06-12 23:33:09.99821+00,,"{""fa"":""بارانكيلا""}",14287,بارانكيلا,
5033,2026-06-12 23:33:09.99821+00,2026-06-12 23:33:09.99821+00,,"{""fa"":""سانتامارتا""}",14288,سانتامارتا,
5034,2026-06-12 23:33:09.99821+00,2026-06-12 23:33:09.99821+00,,"{""fa"":""آرارات""}",14289,آرارات,
5035,2026-06-12 23:33:09.99821+00,2026-06-12 23:33:09.99821+00,,"{""fa"":""گيومري""}",14290,گيومري,
5036,2026-06-12 23:33:09.99821+00,2026-06-12 23:33:09.99821+00,,"{""fa"":""وانادزور""}",14291,وانادزور,
5037,2026-06-12 23:33:09.99821+00,2026-06-12 23:33:09.99821+00,,"{""fa"":""آرني""}",14292,آرني,
5038,2026-06-12 23:33:09.99821+00,2026-06-12 23:33:09.99821+00,,"{""fa"":""ماسيس""}",14293,ماسيس,
5039,2026-06-12 23:33:09.99821+00,2026-06-12 23:33:09.99821+00,,"{""fa"":""نويمبريان""}",14294,نويمبريان,
5040,2026-06-12 23:33:09.99821+00,2026-06-12 23:33:09.99821+00,,"{""fa"":""ودي""}",14295,ودي,
5041,2026-06-12 23:33:09.99821+00,2026-06-12 23:33:09.99821+00,,"{""fa"":""اچميادزين""}",14296,اچميادزين,
5042,2026-06-12 23:33:09.99821+00,2026-06-12 23:33:09.99821+00,,"{""fa"":""ارداشاد""}",14297,ارداشاد,
5043,2026-06-12 23:33:09.99821+00,2026-06-12 23:33:09.99821+00,,"{""fa"":""هرازدان""}",14298,هرازدان,
5044,2026-06-12 23:33:09.99821+00,2026-06-12 23:33:09.99821+00,,"{""fa"":""الهوردي""}",14299,الهوردي,
5045,2026-06-12 23:33:09.99821+00,2026-06-12 23:33:09.99821+00,,"{""fa"":""استپاناوان""}",14300,استپاناوان,
5046,2026-06-12 23:33:09.99821+00,2026-06-12 23:33:09.99821+00,,"{""fa"":""تاشير""}",14301,تاشير,
5047,2026-06-12 23:33:09.99821+00,2026-06-12 23:33:09.99821+00,,"{""fa"":""آشوتسك""}",14302,آشوتسك,
5048,2026-06-12 23:33:09.99821+00,2026-06-12 23:33:09.99821+00,,"{""fa"":""آماسيا""}",14303,آماسيا,
5049,2026-06-12 23:33:09.99821+00,2026-06-12 23:33:09.99821+00,,"{""fa"":""برد""}",14304,برد,
5050,2026-06-12 23:33:09.99821+00,2026-06-12 23:33:09.99821+00,,"{""fa"":""ايجهوان""}",14305,ايجهوان,
5051,2026-06-12 23:33:09.99821+00,2026-06-12 23:33:09.99821+00,,"{""fa"":""گوگارخ""}",14306,گوگارخ,
5052,2026-06-12 23:33:09.99821+00,2026-06-12 23:33:09.99821+00,,"{""fa"":""كيروفاكان""}",14307,كيروفاكان,
5053,2026-06-12 23:33:10.005767+00,2026-06-12 23:33:10.005767+00,,"{""fa"":""اسپيتاك""}",14308,اسپيتاك,
5054,2026-06-12 23:33:10.005767+00,2026-06-12 23:33:10.005767+00,,"{""fa"":""آخوريان""}",14309,آخوريان,
5055,2026-06-12 23:33:10.005767+00,2026-06-12 23:33:10.005767+00,,"{""fa"":""لنيناكان""}",14310,لنيناكان,
5056,2026-06-12 23:33:10.005767+00,2026-06-12 23:33:10.005767+00,,"{""fa"":""تجامباراك""}",14311,تجامباراك,
5057,2026-06-12 23:33:10.005767+00,2026-06-12 23:33:10.005767+00,,"{""fa"":""سوان""}",14312,سوان,
5058,2026-06-12 23:33:10.005767+00,2026-06-12 23:33:10.005767+00,,"{""fa"":""كامو""}",14313,كامو,
5059,2026-06-12 23:33:10.005767+00,2026-06-12 23:33:10.005767+00,,"{""fa"":""تساغكاهويت""}",14314,تساغكاهويت,
5060,2026-06-12 23:33:10.005767+00,2026-06-12 23:33:10.005767+00,,"{""fa"":""آپاران""}",14315,آپاران,
5061,2026-06-12 23:33:10.005767+00,2026-06-12 23:33:10.005767+00,,"{""fa"":""آرتيك""}",14316,آرتيك,
5062,2026-06-12 23:33:10.005767+00,2026-06-12 23:33:10.005767+00,,"{""fa"":""ماراليك""}",14317,ماراليك,
5063,2026-06-12 23:33:10.005767+00,2026-06-12 23:33:10.005767+00,,"{""fa"":""ورينتالين""}",14318,ورينتالين,
5064,2026-06-12 23:33:10.005767+00,2026-06-12 23:33:10.005767+00,,"{""fa"":""باقراميان""}",14319,باقراميان,
5065,2026-06-12 23:33:10.005767+00,2026-06-12 23:33:10.005767+00,,"{""fa"":""آرماوير""}",14320,آرماوير,
5066,2026-06-12 23:33:10.005767+00,2026-06-12 23:33:10.005767+00,,"{""fa"":""آبوويان""}",14321,آبوويان,
5067,2026-06-12 23:33:10.005767+00,2026-06-12 23:33:10.005767+00,,"{""fa"":""يروان""}",14322,يروان,
5068,2026-06-12 23:33:10.005767+00,2026-06-12 23:33:10.005767+00,,"{""fa"":""يگوارد""}",14323,يگوارد,
5069,2026-06-12 23:33:10.005767+00,2026-06-12 23:33:10.005767+00,,"{""fa"":""آشتاراك""}",14324,آشتاراك,
5070,2026-06-12 23:33:10.005767+00,2026-06-12 23:33:10.005767+00,,"{""fa"":""آرتاشاك""}",14325,آرتاشاك,
5071,2026-06-12 23:33:10.005767+00,2026-06-12 23:33:10.005767+00,,"{""fa"":""مارتوني""}",14326,مارتوني,
5072,2026-06-12 23:33:10.005767+00,2026-06-12 23:33:10.005767+00,,"{""fa"":""واردنيس""}",14327,واردنيس,
5073,2026-06-12 23:33:10.005767+00,2026-06-12 23:33:10.005767+00,,"{""fa"":""يغگنادزور""}",14328,يغگنادزور,
5074,2026-06-12 23:33:10.005767+00,2026-06-12 23:33:10.005767+00,,"{""fa"":""سيسيان""}",14329,سيسيان,
5075,2026-06-12 23:33:10.005767+00,2026-06-12 23:33:10.005767+00,,"{""fa"":""گوريس""}",14330,گوريس,
5076,2026-06-12 23:33:10.005767+00,2026-06-12 23:33:10.005767+00,,"{""fa"":""كافان""}",14331,كافان,
5077,2026-06-12 23:33:10.005767+00,2026-06-12 23:33:10.005767+00,,"{""fa"":""مگري""}",14332,مگري,
5078,2026-06-12 23:33:10.005767+00,2026-06-12 23:33:10.005767+00,,"{""fa"":""وايك""}",14333,وايك,
5079,2026-06-12 23:33:10.005767+00,2026-06-12 23:33:10.005767+00,,"{""fa"":""پوتي""}",14334,پوتي,
5080,2026-06-12 23:33:10.005767+00,2026-06-12 23:33:10.005767+00,,"{""fa"":""تلاوي""}",14335,تلاوي,
5081,2026-06-12 23:33:10.005767+00,2026-06-12 23:33:10.005767+00,,"{""fa"":""تسخين والي""}",14336,تسخين والي,
5082,2026-06-12 23:33:10.005767+00,2026-06-12 23:33:10.005767+00,,"{""fa"":""گوري""}",14337,گوري,
5083,2026-06-12 23:33:10.005767+00,2026-06-12 23:33:10.005767+00,,"{""fa"":""كوتايسي""}",14338,كوتايسي,
5084,2026-06-12 23:33:10.005767+00,2026-06-12 23:33:10.005767+00,,"{""fa"":""سوخومي""}",14339,سوخومي,
5085,2026-06-12 23:33:10.005767+00,2026-06-12 23:33:10.005767+00,,"{""fa"":""باتومي""}",14340,باتومي,
5086,2026-06-12 23:33:10.005767+00,2026-06-12 23:33:10.005767+00,,"{""fa"":""چاكاف""}",14341,چاكاف,
5087,2026-06-12 23:33:10.005767+00,2026-06-12 23:33:10.005767+00,,"{""fa"":""كولفي""}",14342,كولفي,
5088,2026-06-12 23:33:10.005767+00,2026-06-12 23:33:10.005767+00,,"{""fa"":""كوارلي""}",14343,كوارلي,
5089,2026-06-12 23:33:10.005767+00,2026-06-12 23:33:10.005767+00,,"{""fa"":""لاگودخي""}",14344,لاگودخي,
5090,2026-06-12 23:33:10.005767+00,2026-06-12 23:33:10.005767+00,,"{""fa"":""كالااوري""}",14345,كالااوري,
5091,2026-06-12 23:33:10.005767+00,2026-06-12 23:33:10.005767+00,,"{""fa"":""وليستيسخه""}",14346,وليستيسخه,
5092,2026-06-12 23:33:10.005767+00,2026-06-12 23:33:10.005767+00,,"{""fa"":""سيگناچي""}",14347,سيگناچي,
5093,2026-06-12 23:33:10.005767+00,2026-06-12 23:33:10.005767+00,,"{""fa"":""تسنوري""}",14348,تسنوري,
5094,2026-06-12 23:33:10.005767+00,2026-06-12 23:33:10.005767+00,,"{""fa"":""تسيتلي""}",14349,تسيتلي,
5095,2026-06-12 23:33:10.005767+00,2026-06-12 23:33:10.005767+00,,"{""fa"":""تسكارو""}",14350,تسكارو,
5096,2026-06-12 23:33:10.005767+00,2026-06-12 23:33:10.005767+00,,"{""fa"":""كدي""}",14351,كدي,
5097,2026-06-12 23:33:10.005767+00,2026-06-12 23:33:10.005767+00,,"{""fa"":""كومو""}",14352,كومو,
5098,2026-06-12 23:33:10.005767+00,2026-06-12 23:33:10.005767+00,,"{""fa"":""ساگاجو""}",14353,ساگاجو,
5099,2026-06-12 23:33:10.005767+00,2026-06-12 23:33:10.005767+00,,"{""fa"":""كنداورا""}",14354,كنداورا,
5100,2026-06-12 23:33:10.005767+00,2026-06-12 23:33:10.005767+00,,"{""fa"":""قمركوبا""}",14355,قمركوبا,
5101,2026-06-12 23:33:10.005767+00,2026-06-12 23:33:10.005767+00,,"{""fa"":""اورموقانلو""}",14356,اورموقانلو,
5102,2026-06-12 23:33:10.005767+00,2026-06-12 23:33:10.005767+00,,"{""fa"":""اودابنو""}",14357,اودابنو,
5103,2026-06-12 23:33:10.005767+00,2026-06-12 23:33:10.005767+00,,"{""fa"":""گرداباني""}",14358,گرداباني,
5104,2026-06-12 23:33:10.005767+00,2026-06-12 23:33:10.005767+00,,"{""fa"":""كيسالو""}",14359,كيسالو,
5105,2026-06-12 23:33:10.005767+00,2026-06-12 23:33:10.005767+00,,"{""fa"":""روستاوي""}",14360,روستاوي,
5106,2026-06-12 23:33:10.005767+00,2026-06-12 23:33:10.005767+00,,"{""fa"":""پاتاردزولي""}",14361,پاتاردزولي,
5107,2026-06-12 23:33:10.005767+00,2026-06-12 23:33:10.005767+00,,"{""fa"":""مغانلو""}",14362,مغانلو,
5108,2026-06-12 23:33:10.005767+00,2026-06-12 23:33:10.005767+00,,"{""fa"":""گومبوري""}",14363,گومبوري,
5109,2026-06-12 23:33:10.005767+00,2026-06-12 23:33:10.005767+00,,"{""fa"":""تيانتي""}",14364,تيانتي,
5110,2026-06-12 23:33:10.005767+00,2026-06-12 23:33:10.005767+00,,"{""fa"":""آخمتا""}",14365,آخمتا,
5111,2026-06-12 23:33:10.005767+00,2026-06-12 23:33:10.005767+00,,"{""fa"":""قازبگي""}",14366,قازبگي,
5112,2026-06-12 23:33:10.005767+00,2026-06-12 23:33:10.005767+00,,"{""fa"":""سيوني""}",14367,سيوني,
5113,2026-06-12 23:33:10.005767+00,2026-06-12 23:33:10.005767+00,,"{""fa"":""پاسانوري""}",14368,پاسانوري,
5114,2026-06-12 23:33:10.005767+00,2026-06-12 23:33:10.005767+00,,"{""fa"":""آنانوري""}",14369,آنانوري,
5115,2026-06-12 23:33:10.005767+00,2026-06-12 23:33:10.005767+00,,"{""fa"":""دوچتي""}",14370,دوچتي,
5116,2026-06-12 23:33:10.005767+00,2026-06-12 23:33:10.005767+00,,"{""fa"":""متخي""}",14371,متخي,
5117,2026-06-12 23:33:10.005767+00,2026-06-12 23:33:10.005767+00,,"{""fa"":""كاسپي""}",14372,كاسپي,
5118,2026-06-12 23:33:10.005767+00,2026-06-12 23:33:10.005767+00,,"{""fa"":""دزگوي""}",14373,دزگوي,
5119,2026-06-12 23:33:10.005767+00,2026-06-12 23:33:10.005767+00,,"{""fa"":""متسختا""}",14374,متسختا,
5120,2026-06-12 23:33:10.005767+00,2026-06-12 23:33:10.005767+00,,"{""fa"":""تسخنتي""}",14375,تسخنتي,
5121,2026-06-12 23:33:10.005767+00,2026-06-12 23:33:10.005767+00,,"{""fa"":""مانگليسي""}",14376,مانگليسي,
5122,2026-06-12 23:33:10.005767+00,2026-06-12 23:33:10.005767+00,,"{""fa"":""تتريتسكارو""}",14377,تتريتسكارو,
5123,2026-06-12 23:33:10.005767+00,2026-06-12 23:33:10.005767+00,,"{""fa"":""مارنئولي""}",14378,مارنئولي,
5124,2026-06-12 23:33:10.005767+00,2026-06-12 23:33:10.005767+00,,"{""fa"":""بولنيسي""}",14379,بولنيسي,
5125,2026-06-12 23:33:10.005767+00,2026-06-12 23:33:10.005767+00,,"{""fa"":""دمانيسي""}",14380,دمانيسي,
5126,2026-06-12 23:33:10.005767+00,2026-06-12 23:33:10.005767+00,,"{""fa"":""ترياليتي""}",14381,ترياليتي,
5127,2026-06-12 23:33:10.005767+00,2026-06-12 23:33:10.005767+00,,"{""fa"":""كويبيشف""}",14382,كويبيشف,
5128,2026-06-12 23:33:10.005767+00,2026-06-12 23:33:10.005767+00,,"{""fa"":""آستراخان""}",14383,آستراخان,
5129,2026-06-12 23:33:10.005767+00,2026-06-12 23:33:10.005767+00,,"{""fa"":""تولا""}",14384,تولا,
5130,2026-06-12 23:33:10.005767+00,2026-06-12 23:33:10.005767+00,,"{""fa"":""سنتپترزبورگ""}",14385,سنتپترزبورگ,
5131,2026-06-12 23:33:10.005767+00,2026-06-12 23:33:10.005767+00,,"{""fa"":""تور""}",14386,تور,
5132,2026-06-12 23:33:10.005767+00,2026-06-12 23:33:10.005767+00,,"{""fa"":""كورسك""}",14387,كورسك,
5133,2026-06-12 23:33:10.005767+00,2026-06-12 23:33:10.005767+00,,"{""fa"":""كالنين""}",14388,كالنين,
5134,2026-06-12 23:33:10.005767+00,2026-06-12 23:33:10.005767+00,,"{""fa"":""كالوگا""}",14389,كالوگا,
5135,2026-06-12 23:33:10.005767+00,2026-06-12 23:33:10.005767+00,,"{""fa"":""ولادي""}",14390,ولادي,
5136,2026-06-12 23:33:10.005767+00,2026-06-12 23:33:10.005767+00,,"{""fa"":""ولاديمير""}",14391,ولاديمير,
5137,2026-06-12 23:33:10.005767+00,2026-06-12 23:33:10.005767+00,,"{""fa"":""ولاديوستك""}",14392,ولاديوستك,
5138,2026-06-12 23:33:10.005767+00,2026-06-12 23:33:10.005767+00,,"{""fa"":""ياكوتسك""}",14393,ياكوتسك,
5139,2026-06-12 23:33:10.005767+00,2026-06-12 23:33:10.005767+00,,"{""fa"":""رستف""}",14394,رستف,
5140,2026-06-12 23:33:10.005767+00,2026-06-12 23:33:10.005767+00,,"{""fa"":""يولآتن""}",14395,يولآتن,
5141,2026-06-12 23:33:10.005767+00,2026-06-12 23:33:10.005767+00,,"{""fa"":""آنادير""}",14396,آنادير,
5142,2026-06-12 23:33:10.005767+00,2026-06-12 23:33:10.005767+00,,"{""fa"":""اوفا""}",14397,اوفا,
5143,2026-06-12 23:33:10.005767+00,2026-06-12 23:33:10.005767+00,,"{""fa"":""تامبوف""}",14398,تامبوف,
5144,2026-06-12 23:33:10.005767+00,2026-06-12 23:33:10.005767+00,,"{""fa"":""گروزني""}",14399,گروزني,
5145,2026-06-12 23:33:10.005767+00,2026-06-12 23:33:10.005767+00,,"{""fa"":""اورل""}",14400,اورل,
5146,2026-06-12 23:33:10.005767+00,2026-06-12 23:33:10.005767+00,,"{""fa"":""سارانسك""}",14401,سارانسك,
5147,2026-06-12 23:33:10.005767+00,2026-06-12 23:33:10.005767+00,,"{""fa"":""مورمانسك""}",14402,مورمانسك,
5148,2026-06-12 23:33:10.005767+00,2026-06-12 23:33:10.005767+00,,"{""fa"":""تومسك""}",14403,تومسك,
5149,2026-06-12 23:33:10.005767+00,2026-06-12 23:33:10.005767+00,,"{""fa"":""تورا""}",14404,تورا,
5150,2026-06-12 23:33:10.005767+00,2026-06-12 23:33:10.005767+00,,"{""fa"":""آباكان""}",14405,آباكان,
5151,2026-06-12 23:33:10.005767+00,2026-06-12 23:33:10.005767+00,,"{""fa"":""پنزا""}",14406,پنزا,
5152,2026-06-12 23:33:10.005767+00,2026-06-12 23:33:10.005767+00,,"{""fa"":""اوختا""}",14407,اوختا,
5153,2026-06-12 23:33:10.013587+00,2026-06-12 23:33:10.013587+00,,"{""fa"":""پرم""}",14408,پرم,
5154,2026-06-12 23:33:10.013587+00,2026-06-12 23:33:10.013587+00,,"{""fa"":""كيروف""}",14409,كيروف,
5155,2026-06-12 23:33:10.013587+00,2026-06-12 23:33:10.013587+00,,"{""fa"":""ريازان""}",14410,ريازان,
5156,2026-06-12 23:33:10.013587+00,2026-06-12 23:33:10.013587+00,,"{""fa"":""ورونژ""}",14411,ورونژ,
5157,2026-06-12 23:33:10.013587+00,2026-06-12 23:33:10.013587+00,,"{""fa"":""ولوگدا""}",14412,ولوگدا,
5158,2026-06-12 23:33:10.013587+00,2026-06-12 23:33:10.013587+00,,"{""fa"":""بلگورود""}",14413,بلگورود,
5159,2026-06-12 23:33:10.013587+00,2026-06-12 23:33:10.013587+00,,"{""fa"":""ناريانمار""}",14414,ناريانمار,
5160,2026-06-12 23:33:10.013587+00,2026-06-12 23:33:10.013587+00,,"{""fa"":""كورگان""}",14415,كورگان,
5161,2026-06-12 23:33:10.013587+00,2026-06-12 23:33:10.013587+00,,"{""fa"":""تيومن""}",14416,تيومن,
5162,2026-06-12 23:33:10.013587+00,2026-06-12 23:33:10.013587+00,,"{""fa"":""اومسك""}",14417,اومسك,
5163,2026-06-12 23:33:10.013587+00,2026-06-12 23:33:10.013587+00,,"{""fa"":""ايوانوو""}",14418,ايوانوو,
5164,2026-06-12 23:33:10.013587+00,2026-06-12 23:33:10.013587+00,,"{""fa"":""ولگوگراد""}",14419,ولگوگراد,
5165,2026-06-12 23:33:10.013587+00,2026-06-12 23:33:10.013587+00,,"{""fa"":""كراسنودار""}",14420,كراسنودار,
5166,2026-06-12 23:33:10.013587+00,2026-06-12 23:33:10.013587+00,,"{""fa"":""روستوفنلاونو""}",14421,روستوفنلاونو,
5167,2026-06-12 23:33:10.013587+00,2026-06-12 23:33:10.013587+00,,"{""fa"":""بريانسك""}",14422,بريانسك,
5168,2026-06-12 23:33:10.013587+00,2026-06-12 23:33:10.013587+00,,"{""fa"":""سمولنسك""}",14423,سمولنسك,
5169,2026-06-12 23:33:10.013587+00,2026-06-12 23:33:10.013587+00,,"{""fa"":""ياروسلاول""}",14424,ياروسلاول,
5170,2026-06-12 23:33:10.013587+00,2026-06-12 23:33:10.013587+00,,"{""fa"":""پتروزاودسك""}",14425,پتروزاودسك,
5171,2026-06-12 23:33:10.013587+00,2026-06-12 23:33:10.013587+00,,"{""fa"":""مخاچقلعه""}",14426,مخاچقلعه,
5172,2026-06-12 23:33:10.013587+00,2026-06-12 23:33:10.013587+00,,"{""fa"":""آرخانگلسك""}",14427,آرخانگلسك,
5173,2026-06-12 23:33:10.013587+00,2026-06-12 23:33:10.013587+00,,"{""fa"":""سامارا""}",14428,سامارا,
5174,2026-06-12 23:33:10.013587+00,2026-06-12 23:33:10.013587+00,,"{""fa"":""قازان""}",14429,قازان,
5175,2026-06-12 23:33:10.013587+00,2026-06-12 23:33:10.013587+00,,"{""fa"":""اورنبورگ""}",14430,اورنبورگ,
5176,2026-06-12 23:33:10.013587+00,2026-06-12 23:33:10.013587+00,,"{""fa"":""ايژفسك""}",14431,ايژفسك,
5177,2026-06-12 23:33:10.013587+00,2026-06-12 23:33:10.013587+00,,"{""fa"":""كامچاتكا""}",14432,كامچاتكا,
5178,2026-06-12 23:33:10.013587+00,2026-06-12 23:33:10.013587+00,,"{""fa"":""خاباروفسك""}",14433,خاباروفسك,
5179,2026-06-12 23:33:10.013587+00,2026-06-12 23:33:10.013587+00,,"{""fa"":""اولاناوده""}",14434,اولاناوده,
5180,2026-06-12 23:33:10.013587+00,2026-06-12 23:33:10.013587+00,,"{""fa"":""پتروپاولوفسككامچاتسك""}",14435,پتروپاولوفسككامچاتسك,
5181,2026-06-12 23:33:10.013587+00,2026-06-12 23:33:10.013587+00,,"{""fa"":""يوژنوساخالينسك""}",14436,يوژنوساخالينسك,
5182,2026-06-12 23:33:10.013587+00,2026-06-12 23:33:10.013587+00,,"{""fa"":""بلاگووشچنسك""}",14437,بلاگووشچنسك,
5183,2026-06-12 23:33:10.013587+00,2026-06-12 23:33:10.013587+00,,"{""fa"":""آگينسكويه""}",14438,آگينسكويه,
5184,2026-06-12 23:33:10.013587+00,2026-06-12 23:33:10.013587+00,,"{""fa"":""اوستاوردين""}",14439,اوستاوردين,
5185,2026-06-12 23:33:10.013587+00,2026-06-12 23:33:10.013587+00,,"{""fa"":""ايركوتسك""}",14440,ايركوتسك,
5186,2026-06-12 23:33:10.013587+00,2026-06-12 23:33:10.013587+00,,"{""fa"":""قيزيل""}",14441,قيزيل,
5187,2026-06-12 23:33:10.013587+00,2026-06-12 23:33:10.013587+00,,"{""fa"":""خانتيمانسيسك""}",14442,خانتيمانسيسك,
5188,2026-06-12 23:33:10.013587+00,2026-06-12 23:33:10.013587+00,,"{""fa"":""بارنائول""}",14443,بارنائول,
5189,2026-06-12 23:33:10.013587+00,2026-06-12 23:33:10.013587+00,,"{""fa"":""نووكوزنتسك""}",14444,نووكوزنتسك,
5190,2026-06-12 23:33:10.013587+00,2026-06-12 23:33:10.013587+00,,"{""fa"":""گورنوآلتايسك""}",14445,گورنوآلتايسك,
5191,2026-06-12 23:33:10.013587+00,2026-06-12 23:33:10.013587+00,,"{""fa"":""كمروو""}",14446,كمروو,
5192,2026-06-12 23:33:10.013587+00,2026-06-12 23:33:10.013587+00,,"{""fa"":""كراسنويارسك""}",14447,كراسنويارسك,
5193,2026-06-12 23:33:10.013587+00,2026-06-12 23:33:10.013587+00,,"{""fa"":""پروكوپيفسك""}",14448,پروكوپيفسك,
5194,2026-06-12 23:33:10.013587+00,2026-06-12 23:33:10.013587+00,,"{""fa"":""يكاترينبورگ""}",14449,يكاترينبورگ,
5195,2026-06-12 23:33:10.013587+00,2026-06-12 23:33:10.013587+00,,"{""fa"":""چليابينسك""}",14450,چليابينسك,
5196,2026-06-12 23:33:10.013587+00,2026-06-12 23:33:10.013587+00,,"{""fa"":""كازان""}",14451,كازان,
5197,2026-06-12 23:33:10.013587+00,2026-06-12 23:33:10.013587+00,,"{""fa"":""اوليانووسك""}",14452,اوليانووسك,
5198,2026-06-12 23:33:10.013587+00,2026-06-12 23:33:10.013587+00,,"{""fa"":""ساراتوف""}",14453,ساراتوف,
5199,2026-06-12 23:33:10.013587+00,2026-06-12 23:33:10.013587+00,,"{""fa"":""چبوكساري""}",14454,چبوكساري,
5200,2026-06-12 23:33:10.013587+00,2026-06-12 23:33:10.013587+00,,"{""fa"":""كوستروما""}",14455,كوستروما,
5201,2026-06-12 23:33:10.013587+00,2026-06-12 23:33:10.013587+00,,"{""fa"":""نووگورود""}",14456,نووگورود,
5202,2026-06-12 23:33:10.013587+00,2026-06-12 23:33:10.013587+00,,"{""fa"":""سيزران""}",14457,سيزران,
5203,2026-06-12 23:33:10.013587+00,2026-06-12 23:33:10.013587+00,,"{""fa"":""بوخارست""}",14458,بوخارست,
5204,2026-06-12 23:33:10.013587+00,2026-06-12 23:33:10.013587+00,,"{""fa"":""كلوژ""}",14459,كلوژ,
5205,2026-06-12 23:33:10.013587+00,2026-06-12 23:33:10.013587+00,,"{""fa"":""آراد""}",14460,آراد,
5206,2026-06-12 23:33:10.013587+00,2026-06-12 23:33:10.013587+00,,"{""fa"":""ياشي""}",14461,ياشي,
5207,2026-06-12 23:33:10.013587+00,2026-06-12 23:33:10.013587+00,,"{""fa"":""واسلوي""}",14462,واسلوي,
5208,2026-06-12 23:33:10.013587+00,2026-06-12 23:33:10.013587+00,,"{""fa"":""گالاتسي""}",14463,گالاتسي,
5209,2026-06-12 23:33:10.013587+00,2026-06-12 23:33:10.013587+00,,"{""fa"":""تيميشوآرا""}",14464,تيميشوآرا,
5210,2026-06-12 23:33:10.013587+00,2026-06-12 23:33:10.013587+00,,"{""fa"":""براشوف""}",14465,براشوف,
5211,2026-06-12 23:33:10.013587+00,2026-06-12 23:33:10.013587+00,,"{""fa"":""كنستانتسا""}",14466,كنستانتسا,
5212,2026-06-12 23:33:10.013587+00,2026-06-12 23:33:10.013587+00,,"{""fa"":""هوشي""}",14467,هوشي,
5213,2026-06-12 23:33:10.013587+00,2026-06-12 23:33:10.013587+00,,"{""fa"":""تكوسي""}",14468,تكوسي,
5214,2026-06-12 23:33:10.013587+00,2026-06-12 23:33:10.013587+00,,"{""fa"":""بيرلاد""}",14469,بيرلاد,
5215,2026-06-12 23:33:10.013587+00,2026-06-12 23:33:10.013587+00,,"{""fa"":""رومان""}",14470,رومان,
5216,2026-06-12 23:33:10.013587+00,2026-06-12 23:33:10.013587+00,,"{""fa"":""پاشكاني""}",14471,پاشكاني,
5217,2026-06-12 23:33:10.013587+00,2026-06-12 23:33:10.013587+00,,"{""fa"":""بوتوشاني""}",14472,بوتوشاني,
5218,2026-06-12 23:33:10.013587+00,2026-06-12 23:33:10.013587+00,,"{""fa"":""دوروهوي""}",14473,دوروهوي,
5219,2026-06-12 23:33:10.013587+00,2026-06-12 23:33:10.013587+00,,"{""fa"":""راديوتس""}",14474,راديوتس,
5220,2026-06-12 23:33:10.013587+00,2026-06-12 23:33:10.013587+00,,"{""fa"":""سوچاوا""}",14475,سوچاوا,
5221,2026-06-12 23:33:10.013587+00,2026-06-12 23:33:10.013587+00,,"{""fa"":""گائزا""}",14476,گائزا,
5222,2026-06-12 23:33:10.013587+00,2026-06-12 23:33:10.013587+00,,"{""fa"":""فلتچن""}",14477,فلتچن,
5223,2026-06-12 23:33:10.013587+00,2026-06-12 23:33:10.013587+00,,"{""fa"":""پياترانتامت""}",14478,پياترانتامت,
5224,2026-06-12 23:33:10.013587+00,2026-06-12 23:33:10.013587+00,,"{""fa"":""بوزاو""}",14479,بوزاو,
5225,2026-06-12 23:33:10.013587+00,2026-06-12 23:33:10.013587+00,,"{""fa"":""فاوري""}",14480,فاوري,
5226,2026-06-12 23:33:10.013587+00,2026-06-12 23:33:10.013587+00,,"{""fa"":""مدياس""}",14481,مدياس,
5227,2026-06-12 23:33:10.013587+00,2026-06-12 23:33:10.013587+00,,"{""fa"":""سيبيو""}",14482,سيبيو,
5228,2026-06-12 23:33:10.013587+00,2026-06-12 23:33:10.013587+00,,"{""fa"":""آيود""}",14483,آيود,
5229,2026-06-12 23:33:10.013587+00,2026-06-12 23:33:10.013587+00,,"{""fa"":""آنينه""}",14484,آنينه,
5230,2026-06-12 23:33:10.013587+00,2026-06-12 23:33:10.013587+00,,"{""fa"":""هازگ""}",14485,هازگ,
5231,2026-06-12 23:33:10.013587+00,2026-06-12 23:33:10.013587+00,,"{""fa"":""دوا""}",14486,دوا,
5232,2026-06-12 23:33:10.013587+00,2026-06-12 23:33:10.013587+00,,"{""fa"":""دژ""}",14487,دژ,
5233,2026-06-12 23:33:10.013587+00,2026-06-12 23:33:10.013587+00,,"{""fa"":""جورجيني""}",14488,جورجيني,
5234,2026-06-12 23:33:10.013587+00,2026-06-12 23:33:10.013587+00,,"{""fa"":""باكاو""}",14489,باكاو,
5235,2026-06-12 23:33:10.013587+00,2026-06-12 23:33:10.013587+00,,"{""fa"":""تيرگومورش""}",14490,تيرگومورش,
5236,2026-06-12 23:33:10.013587+00,2026-06-12 23:33:10.013587+00,,"{""fa"":""سگيشواره""}",14491,سگيشواره,
5237,2026-06-12 23:33:10.013587+00,2026-06-12 23:33:10.013587+00,,"{""fa"":""بورشا""}",14492,بورشا,
5238,2026-06-12 23:33:10.013587+00,2026-06-12 23:33:10.013587+00,,"{""fa"":""ساتومار""}",14493,ساتومار,
5239,2026-06-12 23:33:10.013587+00,2026-06-12 23:33:10.013587+00,,"{""fa"":""كاري""}",14494,كاري,
5240,2026-06-12 23:33:10.013587+00,2026-06-12 23:33:10.013587+00,,"{""fa"":""بايامار""}",14495,بايامار,
5241,2026-06-12 23:33:10.013587+00,2026-06-12 23:33:10.013587+00,,"{""fa"":""زالاو""}",14496,زالاو,
5242,2026-06-12 23:33:10.013587+00,2026-06-12 23:33:10.013587+00,,"{""fa"":""بيستريتا""}",14497,بيستريتا,
5243,2026-06-12 23:33:10.013587+00,2026-06-12 23:33:10.013587+00,,"{""fa"":""اورادئا""}",14498,اورادئا,
5244,2026-06-12 23:33:10.013587+00,2026-06-12 23:33:10.013587+00,,"{""fa"":""هوادين""}",14499,هوادين,
5245,2026-06-12 23:33:10.013587+00,2026-06-12 23:33:10.013587+00,,"{""fa"":""سالونتا""}",14500,سالونتا,
5246,2026-06-12 23:33:10.013587+00,2026-06-12 23:33:10.013587+00,,"{""fa"":""بيوش""}",14501,بيوش,
5247,2026-06-12 23:33:10.013587+00,2026-06-12 23:33:10.013587+00,,"{""fa"":""ژيمبوليا""}",14502,ژيمبوليا,
5248,2026-06-12 23:33:10.013587+00,2026-06-12 23:33:10.013587+00,,"{""fa"":""رشيتا""}",14503,رشيتا,
5249,2026-06-12 23:33:10.013587+00,2026-06-12 23:33:10.013587+00,,"{""fa"":""اورااوتسا""}",14504,اورااوتسا,
5250,2026-06-12 23:33:10.013587+00,2026-06-12 23:33:10.013587+00,,"{""fa"":""تيرگوژيو""}",14505,تيرگوژيو,
5251,2026-06-12 23:33:10.013587+00,2026-06-12 23:33:10.013587+00,,"{""fa"":""اورسووا""}",14506,اورسووا,
5252,2026-06-12 23:33:10.013587+00,2026-06-12 23:33:10.013587+00,,"{""fa"":""كالافات""}",14507,كالافات,
5253,2026-06-12 23:33:10.022491+00,2026-06-12 23:33:10.022491+00,,"{""fa"":""كرايووا""}",14508,كرايووا,
5254,2026-06-12 23:33:10.022491+00,2026-06-12 23:33:10.022491+00,,"{""fa"":""توردا""}",14509,توردا,
5255,2026-06-12 23:33:10.022491+00,2026-06-12 23:33:10.022491+00,,"{""fa"":""سبش""}",14510,سبش,
5256,2026-06-12 23:33:10.022491+00,2026-06-12 23:33:10.022491+00,,"{""fa"":""هوندواره""}",14511,هوندواره,
5257,2026-06-12 23:33:10.022491+00,2026-06-12 23:33:10.022491+00,,"{""fa"":""پتروشاني""}",14512,پتروشاني,
5258,2026-06-12 23:33:10.022491+00,2026-06-12 23:33:10.022491+00,,"{""fa"":""ريمنيسوويلسا""}",14513,ريمنيسوويلسا,
5259,2026-06-12 23:33:10.022491+00,2026-06-12 23:33:10.022491+00,,"{""fa"":""دروبتاتورنوسورين""}",14514,دروبتاتورنوسورين,
5260,2026-06-12 23:33:10.022491+00,2026-06-12 23:33:10.022491+00,,"{""fa"":""پيتستي""}",14515,پيتستي,
5261,2026-06-12 23:33:10.022491+00,2026-06-12 23:33:10.022491+00,,"{""fa"":""كوستشتي""}",14516,كوستشتي,
5262,2026-06-12 23:33:10.022491+00,2026-06-12 23:33:10.022491+00,,"{""fa"":""اسلاتينا""}",14517,اسلاتينا,
5263,2026-06-12 23:33:10.022491+00,2026-06-12 23:33:10.022491+00,,"{""fa"":""كاراكال""}",14518,كاراكال,
5264,2026-06-12 23:33:10.022491+00,2026-06-12 23:33:10.022491+00,,"{""fa"":""روشوره دور""}",14519,روشوره دور,
5265,2026-06-12 23:33:10.022491+00,2026-06-12 23:33:10.022491+00,,"{""fa"":""تيرگويسته""}",14520,تيرگويسته,
5266,2026-06-12 23:33:10.022491+00,2026-06-12 23:33:10.022491+00,,"{""fa"":""پلويشتي""}",14521,پلويشتي,
5267,2026-06-12 23:33:10.022491+00,2026-06-12 23:33:10.022491+00,,"{""fa"":""فاگاراش""}",14522,فاگاراش,
5268,2026-06-12 23:33:10.022491+00,2026-06-12 23:33:10.022491+00,,"{""fa"":""سلوبوريا""}",14523,سلوبوريا,
5269,2026-06-12 23:33:10.022491+00,2026-06-12 23:33:10.022491+00,,"{""fa"":""فتشتي""}",14524,فتشتي,
5270,2026-06-12 23:33:10.022491+00,2026-06-12 23:33:10.022491+00,,"{""fa"":""كلراشي""}",14525,كلراشي,
5271,2026-06-12 23:33:10.022491+00,2026-06-12 23:33:10.022491+00,,"{""fa"":""سرناوودا""}",14526,سرناوودا,
5272,2026-06-12 23:33:10.022491+00,2026-06-12 23:33:10.022491+00,,"{""fa"":""تانداري""}",14527,تانداري,
5273,2026-06-12 23:33:10.022491+00,2026-06-12 23:33:10.022491+00,,"{""fa"":""فوكساني""}",14528,فوكساني,
5274,2026-06-12 23:33:10.022491+00,2026-06-12 23:33:10.022491+00,,"{""fa"":""سيجتول مارماتيا""}",14529,سيجتول مارماتيا,
5275,2026-06-12 23:33:10.022491+00,2026-06-12 23:33:10.022491+00,,"{""fa"":""فادوتس""}",14530,فادوتس,
5276,2026-06-12 23:33:10.022491+00,2026-06-12 23:33:10.022491+00,,"{""fa"":""بنگس""}",14531,بنگس,
5277,2026-06-12 23:33:10.022491+00,2026-06-12 23:33:10.022491+00,,"{""fa"":""اشلنبرگ""}",14532,اشلنبرگ,
5278,2026-06-12 23:33:10.022491+00,2026-06-12 23:33:10.022491+00,,"{""fa"":""نشلن""}",14533,نشلن,
5279,2026-06-12 23:33:10.022491+00,2026-06-12 23:33:10.022491+00,,"{""fa"":""نندلن""}",14534,نندلن,
5280,2026-06-12 23:33:10.022491+00,2026-06-12 23:33:10.022491+00,,"{""fa"":""اشن""}",14535,اشن,
5281,2026-06-12 23:33:10.022491+00,2026-06-12 23:33:10.022491+00,,"{""fa"":""تريزن""}",14536,تريزن,
5282,2026-06-12 23:33:10.022491+00,2026-06-12 23:33:10.022491+00,,"{""fa"":""تريسنبورگ""}",14537,تريسنبورگ,
5283,2026-06-12 23:33:10.022491+00,2026-06-12 23:33:10.022491+00,,"{""fa"":""بالتسرس""}",14538,بالتسرس,
5284,2026-06-12 23:33:10.022491+00,2026-06-12 23:33:10.022491+00,,"{""fa"":""آندورالاولا""}",14539,آندورالاولا,
5285,2026-06-12 23:33:10.022491+00,2026-06-12 23:33:10.022491+00,,"{""fa"":""هانوي""}",14541,هانوي,
5286,2026-06-12 23:33:10.022491+00,2026-06-12 23:33:10.022491+00,,"{""fa"":""تيمپو""}",14542,تيمپو,
5287,2026-06-12 23:33:10.022491+00,2026-06-12 23:33:10.022491+00,,"{""fa"":""چيتاگونگ""}",14543,چيتاگونگ,
5288,2026-06-12 23:33:10.022491+00,2026-06-12 23:33:10.022491+00,,"{""fa"":""خولنا""}",14544,خولنا,
5289,2026-06-12 23:33:10.022491+00,2026-06-12 23:33:10.022491+00,,"{""fa"":""بالاكاندي""}",14545,بالاكاندي,
5290,2026-06-12 23:33:10.022491+00,2026-06-12 23:33:10.022491+00,,"{""fa"":""لاتاچاپلي""}",14546,لاتاچاپلي,
5291,2026-06-12 23:33:10.022491+00,2026-06-12 23:33:10.022491+00,,"{""fa"":""ماله""}",14547,ماله,
5292,2026-06-12 23:33:10.022491+00,2026-06-12 23:33:10.022491+00,,"{""fa"":""تايپه""}",14548,تايپه,
5293,2026-06-12 23:33:10.022491+00,2026-06-12 23:33:10.022491+00,,"{""fa"":""تل آويو""}",14549,تل آويو,
5294,2026-06-12 23:33:10.022491+00,2026-06-12 23:33:10.022491+00,,"{""fa"":""پنومپن""}",14550,پنومپن,
5295,2026-06-12 23:33:10.022491+00,2026-06-12 23:33:10.022491+00,,"{""fa"":""اودونگ""}",14551,اودونگ,
5296,2026-06-12 23:33:10.022491+00,2026-06-12 23:33:10.022491+00,,"{""fa"":""تاخمائو""}",14552,تاخمائو,
5297,2026-06-12 23:33:10.022491+00,2026-06-12 23:33:10.022491+00,,"{""fa"":""پومي""}",14553,پومي,
5298,2026-06-12 23:33:10.022491+00,2026-06-12 23:33:10.022491+00,,"{""fa"":""باتدونگ""}",14554,باتدونگ,
5299,2026-06-12 23:33:10.022491+00,2026-06-12 23:33:10.022491+00,,"{""fa"":""بانمايروت""}",14555,بانمايروت,
5300,2026-06-12 23:33:10.022491+00,2026-06-12 23:33:10.022491+00,,"{""fa"":""يانگون""}",14556,يانگون,
5301,2026-06-12 23:33:10.022491+00,2026-06-12 23:33:10.022491+00,,"{""fa"":""وين تيان""}",14557,وين تيان,
5302,2026-06-12 23:33:10.022491+00,2026-06-12 23:33:10.022491+00,,"{""fa"":""اولان باتور""}",14558,اولان باتور,
5303,2026-06-12 23:33:10.022491+00,2026-06-12 23:33:10.022491+00,,"{""fa"":""كاتماندو""}",14559,كاتماندو,
5304,2026-06-12 23:33:10.022491+00,2026-06-12 23:33:10.022491+00,,"{""fa"":""بكتاپور""}",14560,بكتاپور,
5305,2026-06-12 23:33:10.022491+00,2026-06-12 23:33:10.022491+00,,"{""fa"":""دادينگ""}",14561,دادينگ,
5306,2026-06-12 23:33:10.022491+00,2026-06-12 23:33:10.022491+00,,"{""fa"":""پالپا""}",14562,پالپا,
5307,2026-06-12 23:33:10.022491+00,2026-06-12 23:33:10.022491+00,,"{""fa"":""چيلاخا""}",14563,چيلاخا,
5308,2026-06-12 23:33:10.022491+00,2026-06-12 23:33:10.022491+00,,"{""fa"":""دينگلا""}",14564,دينگلا,
5309,2026-06-12 23:33:10.022491+00,2026-06-12 23:33:10.022491+00,,"{""fa"":""سانگو""}",14565,سانگو,
5310,2026-06-12 23:33:10.022491+00,2026-06-12 23:33:10.022491+00,,"{""fa"":""سري بگاوان""}",14566,سري بگاوان,
5311,2026-06-12 23:33:10.022491+00,2026-06-12 23:33:10.022491+00,,"{""fa"":""كلمبو""}",14567,كلمبو,
5312,2026-06-12 23:33:10.022491+00,2026-06-12 23:33:10.022491+00,,"{""fa"":""بيسائو""}",14568,بيسائو,
5313,2026-06-12 23:33:10.022491+00,2026-06-12 23:33:10.022491+00,,"{""fa"":""آديسآبابا""}",14569,آديسآبابا,
5314,2026-06-12 23:33:10.022491+00,2026-06-12 23:33:10.022491+00,,"{""fa"":""مكلي""}",14570,مكلي,
5315,2026-06-12 23:33:10.022491+00,2026-06-12 23:33:10.022491+00,,"{""fa"":""قندار""}",14571,قندار,
5316,2026-06-12 23:33:10.022491+00,2026-06-12 23:33:10.022491+00,,"{""fa"":""دسه""}",14572,دسه,
5317,2026-06-12 23:33:10.022491+00,2026-06-12 23:33:10.022491+00,,"{""fa"":""بحيردر""}",14573,بحيردر,
5318,2026-06-12 23:33:10.022491+00,2026-06-12 23:33:10.022491+00,,"{""fa"":""جيما""}",14574,جيما,
5319,2026-06-12 23:33:10.022491+00,2026-06-12 23:33:10.022491+00,,"{""fa"":""نازرت""}",14575,نازرت,
5320,2026-06-12 23:33:10.022491+00,2026-06-12 23:33:10.022491+00,,"{""fa"":""ديرداوه""}",14576,ديرداوه,
5321,2026-06-12 23:33:10.022491+00,2026-06-12 23:33:10.022491+00,,"{""fa"":""هرر""}",14577,هرر,
5322,2026-06-12 23:33:10.022491+00,2026-06-12 23:33:10.022491+00,,"{""fa"":""لوآندا""}",14578,لوآندا,
5323,2026-06-12 23:33:10.022491+00,2026-06-12 23:33:10.022491+00,,"{""fa"":""اويگه""}",14579,اويگه,
5324,2026-06-12 23:33:10.022491+00,2026-06-12 23:33:10.022491+00,,"{""fa"":""هوآمبو""}",14580,هوآمبو,
5325,2026-06-12 23:33:10.022491+00,2026-06-12 23:33:10.022491+00,,"{""fa"":""لوبيتو""}",14581,لوبيتو,
5326,2026-06-12 23:33:10.022491+00,2026-06-12 23:33:10.022491+00,,"{""fa"":""لوبانگو""}",14582,لوبانگو,
5327,2026-06-12 23:33:10.022491+00,2026-06-12 23:33:10.022491+00,,"{""fa"":""كابيندا""}",14583,كابيندا,
5328,2026-06-12 23:33:10.022491+00,2026-06-12 23:33:10.022491+00,,"{""fa"":""ناميب""}",14584,ناميب,
5329,2026-06-12 23:33:10.022491+00,2026-06-12 23:33:10.022491+00,,"{""fa"":""كامپالا""}",14585,كامپالا,
5330,2026-06-12 23:33:10.022491+00,2026-06-12 23:33:10.022491+00,,"{""fa"":""جينجا""}",14586,جينجا,
5331,2026-06-12 23:33:10.022491+00,2026-06-12 23:33:10.022491+00,,"{""fa"":""آكرا""}",14587,آكرا,
5332,2026-06-12 23:33:10.022491+00,2026-06-12 23:33:10.022491+00,,"{""fa"":""بولگاتانگا""}",14588,بولگاتانگا,
5333,2026-06-12 23:33:10.022491+00,2026-06-12 23:33:10.022491+00,,"{""fa"":""وا""}",14589,وا,
5334,2026-06-12 23:33:10.022491+00,2026-06-12 23:33:10.022491+00,,"{""fa"":""تمالي""}",14590,تمالي,
5335,2026-06-12 23:33:10.022491+00,2026-06-12 23:33:10.022491+00,,"{""fa"":""كوماسي""}",14591,كوماسي,
5336,2026-06-12 23:33:10.022491+00,2026-06-12 23:33:10.022491+00,,"{""fa"":""سكونديتاكورادي""}",14592,سكونديتاكورادي,
5337,2026-06-12 23:33:10.022491+00,2026-06-12 23:33:10.022491+00,,"{""fa"":""تما""}",14593,تما,
5338,2026-06-12 23:33:10.022491+00,2026-06-12 23:33:10.022491+00,,"{""fa"":""يائونده""}",14594,يائونده,
5339,2026-06-12 23:33:10.022491+00,2026-06-12 23:33:10.022491+00,,"{""fa"":""دوآلا""}",14595,دوآلا,
5340,2026-06-12 23:33:10.022491+00,2026-06-12 23:33:10.022491+00,,"{""fa"":""بامندا""}",14596,بامندا,
5341,2026-06-12 23:33:10.022491+00,2026-06-12 23:33:10.022491+00,,"{""fa"":""بافوسام""}",14597,بافوسام,
5342,2026-06-12 23:33:10.022491+00,2026-06-12 23:33:10.022491+00,,"{""fa"":""گاروا""}",14598,گاروا,
5343,2026-06-12 23:33:10.022491+00,2026-06-12 23:33:10.022491+00,,"{""fa"":""نگاوندره""}",14599,نگاوندره,
5344,2026-06-12 23:33:10.022491+00,2026-06-12 23:33:10.022491+00,,"{""fa"":""ماروا""}",14600,ماروا,
5345,2026-06-12 23:33:10.022491+00,2026-06-12 23:33:10.022491+00,,"{""fa"":""موگاديشو""}",14601,موگاديشو,
5346,2026-06-12 23:33:10.022491+00,2026-06-12 23:33:10.022491+00,,"{""fa"":""هرجيسه""}",14602,هرجيسه,
5347,2026-06-12 23:33:10.022491+00,2026-06-12 23:33:10.022491+00,,"{""fa"":""مركا""}",14603,مركا,
5348,2026-06-12 23:33:10.022491+00,2026-06-12 23:33:10.022491+00,,"{""fa"":""كيسمايو""}",14604,كيسمايو,
5349,2026-06-12 23:33:10.022491+00,2026-06-12 23:33:10.022491+00,,"{""fa"":""انجامنا""}",14605,انجامنا,
5350,2026-06-12 23:33:10.022491+00,2026-06-12 23:33:10.022491+00,,"{""fa"":""بونگور""}",14606,بونگور,
5351,2026-06-12 23:33:10.022491+00,2026-06-12 23:33:10.022491+00,,"{""fa"":""موندو""}",14607,موندو,
5352,2026-06-12 23:33:10.022491+00,2026-06-12 23:33:10.022491+00,,"{""fa"":""دوبا""}",14608,دوبا,
5353,2026-06-12 23:33:10.028037+00,2026-06-12 23:33:10.028037+00,,"{""fa"":""سارح""}",14609,سارح,
5354,2026-06-12 23:33:10.028037+00,2026-06-12 23:33:10.028037+00,,"{""fa"":""امتيمان""}",14610,امتيمان,
5355,2026-06-12 23:33:10.028037+00,2026-06-12 23:33:10.028037+00,,"{""fa"":""آبشه""}",14611,آبشه,
5356,2026-06-12 23:33:10.028037+00,2026-06-12 23:33:10.028037+00,,"{""fa"":""سوسه""}",14612,سوسه,
5357,2026-06-12 23:33:10.028037+00,2026-06-12 23:33:10.028037+00,,"{""fa"":""بيزرت""}",14613,بيزرت,
5358,2026-06-12 23:33:10.028037+00,2026-06-12 23:33:10.028037+00,,"{""fa"":""قابس""}",14614,قابس,
5359,2026-06-12 23:33:10.028037+00,2026-06-12 23:33:10.028037+00,,"{""fa"":""صفاقس""}",14615,صفاقس,
5360,2026-06-12 23:33:10.028037+00,2026-06-12 23:33:10.028037+00,,"{""fa"":""قفصه""}",14616,قفصه,
5361,2026-06-12 23:33:10.028037+00,2026-06-12 23:33:10.028037+00,,"{""fa"":""نايروبي""}",14617,نايروبي,
5362,2026-06-12 23:33:10.028037+00,2026-06-12 23:33:10.028037+00,,"{""fa"":""الدورت""}",14618,الدورت,
5363,2026-06-12 23:33:10.028037+00,2026-06-12 23:33:10.028037+00,,"{""fa"":""ناكورو""}",14619,ناكورو,
5364,2026-06-12 23:33:10.028037+00,2026-06-12 23:33:10.028037+00,,"{""fa"":""ماچاكوس""}",14620,ماچاكوس,
5365,2026-06-12 23:33:10.028037+00,2026-06-12 23:33:10.028037+00,,"{""fa"":""مومباسا""}",14621,مومباسا,
5366,2026-06-12 23:33:10.028037+00,2026-06-12 23:33:10.028037+00,,"{""fa"":""كيگالي""}",14622,كيگالي,
5367,2026-06-12 23:33:10.028037+00,2026-06-12 23:33:10.028037+00,,"{""fa"":""لوزاكا""}",14623,لوزاكا,
5368,2026-06-12 23:33:10.028037+00,2026-06-12 23:33:10.028037+00,,"{""fa"":""چينگولا""}",14624,چينگولا,
5369,2026-06-12 23:33:10.028037+00,2026-06-12 23:33:10.028037+00,,"{""fa"":""موفوليرا""}",14625,موفوليرا,
5370,2026-06-12 23:33:10.028037+00,2026-06-12 23:33:10.028037+00,,"{""fa"":""كيتوه""}",14626,كيتوه,
5371,2026-06-12 23:33:10.028037+00,2026-06-12 23:33:10.028037+00,,"{""fa"":""لوانشيا""}",14627,لوانشيا,
5372,2026-06-12 23:33:10.028037+00,2026-06-12 23:33:10.028037+00,,"{""fa"":""كابوه""}",14628,كابوه,
5373,2026-06-12 23:33:10.028037+00,2026-06-12 23:33:10.028037+00,,"{""fa"":""مونگو""}",14629,مونگو,
5374,2026-06-12 23:33:10.028037+00,2026-06-12 23:33:10.028037+00,,"{""fa"":""ليوينگستون""}",14630,ليوينگستون,
5375,2026-06-12 23:33:10.028037+00,2026-06-12 23:33:10.028037+00,,"{""fa"":""برازاويل""}",14631,برازاويل,
5376,2026-06-12 23:33:10.028037+00,2026-06-12 23:33:10.028037+00,,"{""fa"":""پوانتنوار""}",14632,پوانتنوار,
5377,2026-06-12 23:33:10.028037+00,2026-06-12 23:33:10.028037+00,,"{""fa"":""باماكو""}",14633,باماكو,
5378,2026-06-12 23:33:10.028037+00,2026-06-12 23:33:10.028037+00,,"{""fa"":""گائو""}",14634,گائو,
5379,2026-06-12 23:33:10.028037+00,2026-06-12 23:33:10.028037+00,,"{""fa"":""موپتي""}",14635,موپتي,
5380,2026-06-12 23:33:10.028037+00,2026-06-12 23:33:10.028037+00,,"{""fa"":""سگو""}",14636,سگو,
5381,2026-06-12 23:33:10.028037+00,2026-06-12 23:33:10.028037+00,,"{""fa"":""كايس""}",14637,كايس,
5382,2026-06-12 23:33:10.028037+00,2026-06-12 23:33:10.028037+00,,"{""fa"":""كيز""}",14638,كيز,
5383,2026-06-12 23:33:10.028037+00,2026-06-12 23:33:10.028037+00,,"{""fa"":""بافولابه""}",14639,بافولابه,
5384,2026-06-12 23:33:10.028037+00,2026-06-12 23:33:10.028037+00,,"{""fa"":""ماپوتو""}",14640,ماپوتو,
5385,2026-06-12 23:33:10.028037+00,2026-06-12 23:33:10.028037+00,,"{""fa"":""پمبا""}",14641,پمبا,
5386,2026-06-12 23:33:10.028037+00,2026-06-12 23:33:10.028037+00,,"{""fa"":""ناكالا""}",14642,ناكالا,
5387,2026-06-12 23:33:10.028037+00,2026-06-12 23:33:10.028037+00,,"{""fa"":""نامپولا""}",14643,نامپولا,
5388,2026-06-12 23:33:10.028037+00,2026-06-12 23:33:10.028037+00,,"{""fa"":""كليمان""}",14644,كليمان,
5389,2026-06-12 23:33:10.028037+00,2026-06-12 23:33:10.028037+00,,"{""fa"":""تته""}",14645,تته,
5390,2026-06-12 23:33:10.028037+00,2026-06-12 23:33:10.028037+00,,"{""fa"":""بيرا""}",14646,بيرا,
5391,2026-06-12 23:33:10.028037+00,2026-06-12 23:33:10.028037+00,,"{""fa"":""چيمويو""}",14647,چيمويو,
5392,2026-06-12 23:33:10.028037+00,2026-06-12 23:33:10.028037+00,,"{""fa"":""اينيامبان""}",14648,اينيامبان,
5393,2026-06-12 23:33:10.028037+00,2026-06-12 23:33:10.028037+00,,"{""fa"":""آكسيآكسي""}",14649,آكسيآكسي,
5394,2026-06-12 23:33:10.028037+00,2026-06-12 23:33:10.028037+00,,"{""fa"":""نواكشوت""}",14650,نواكشوت,
5395,2026-06-12 23:33:10.028037+00,2026-06-12 23:33:10.028037+00,,"{""fa"":""نيما""}",14651,نيما,
5396,2026-06-12 23:33:10.028037+00,2026-06-12 23:33:10.028037+00,,"{""fa"":""نواذيبو""}",14652,نواذيبو,
5397,2026-06-12 23:33:10.028037+00,2026-06-12 23:33:10.028037+00,,"{""fa"":""كائدي""}",14653,كائدي,
5398,2026-06-12 23:33:10.028037+00,2026-06-12 23:33:10.028037+00,,"{""fa"":""اسمره""}",14654,اسمره,
5399,2026-06-12 23:33:10.028037+00,2026-06-12 23:33:10.028037+00,,"{""fa"":""مندفرا""}",14655,مندفرا,
5400,2026-06-12 23:33:10.028037+00,2026-06-12 23:33:10.028037+00,,"{""fa"":""كرن""}",14656,كرن,
5401,2026-06-12 23:33:10.028037+00,2026-06-12 23:33:10.028037+00,,"{""fa"":""تاجوره""}",14658,تاجوره,
5402,2026-06-12 23:33:10.028037+00,2026-06-12 23:33:10.028037+00,,"{""fa"":""اوبوك""}",14659,اوبوك,
5403,2026-06-12 23:33:10.028037+00,2026-06-12 23:33:10.028037+00,,"{""fa"":""كينگستون""}",14660,كينگستون,
5404,2026-06-12 23:33:10.028037+00,2026-06-12 23:33:10.028037+00,,"{""fa"":""سنلوئي""}",14661,سنلوئي,
5405,2026-06-12 23:33:10.028037+00,2026-06-12 23:33:10.028037+00,,"{""fa"":""داكار""}",14662,داكار,
5406,2026-06-12 23:33:10.028037+00,2026-06-12 23:33:10.028037+00,,"{""fa"":""زيگينشور""}",14663,زيگينشور,
5407,2026-06-12 23:33:10.028037+00,2026-06-12 23:33:10.028037+00,,"{""fa"":""كائولاك""}",14664,كائولاك,
5408,2026-06-12 23:33:10.028037+00,2026-06-12 23:33:10.028037+00,,"{""fa"":""فريتاون""}",14665,فريتاون,
5409,2026-06-12 23:33:10.028037+00,2026-06-12 23:33:10.028037+00,,"{""fa"":""ماكني""}",14666,ماكني,
5410,2026-06-12 23:33:10.028037+00,2026-06-12 23:33:10.028037+00,,"{""fa"":""پورت لوكو""}",14667,پورت لوكو,
5411,2026-06-12 23:33:10.028037+00,2026-06-12 23:33:10.028037+00,,"{""fa"":""آنتاناناريوو""}",14668,آنتاناناريوو,
5412,2026-06-12 23:33:10.028037+00,2026-06-12 23:33:10.028037+00,,"{""fa"":""آنتسيرابه""}",14669,آنتسيرابه,
5413,2026-06-12 23:33:10.028037+00,2026-06-12 23:33:10.028037+00,,"{""fa"":""آنتسيرانانا""}",14670,آنتسيرانانا,
5414,2026-06-12 23:33:10.028037+00,2026-06-12 23:33:10.028037+00,,"{""fa"":""تواماسينا""}",14671,تواماسينا,
5415,2026-06-12 23:33:10.028037+00,2026-06-12 23:33:10.028037+00,,"{""fa"":""ماهاجانگا""}",14672,ماهاجانگا,
5416,2026-06-12 23:33:10.028037+00,2026-06-12 23:33:10.028037+00,,"{""fa"":""فيانارانتسوآ""}",14673,فيانارانتسوآ,
5417,2026-06-12 23:33:10.028037+00,2026-06-12 23:33:10.028037+00,,"{""fa"":""توليارا""}",14674,توليارا,
5418,2026-06-12 23:33:10.028037+00,2026-06-12 23:33:10.028037+00,,"{""fa"":""مونروويا""}",14675,مونروويا,
5419,2026-06-12 23:33:10.028037+00,2026-06-12 23:33:10.028037+00,,"{""fa"":""ريور""}",14676,ريور,
5420,2026-06-12 23:33:10.028037+00,2026-06-12 23:33:10.028037+00,,"{""fa"":""كاكاتا""}",14677,كاكاتا,
5421,2026-06-12 23:33:10.028037+00,2026-06-12 23:33:10.028037+00,,"{""fa"":""آبيجان""}",14678,آبيجان,
5422,2026-06-12 23:33:10.028037+00,2026-06-12 23:33:10.028037+00,,"{""fa"":""ياموسوكرو""}",14679,ياموسوكرو,
5423,2026-06-12 23:33:10.028037+00,2026-06-12 23:33:10.028037+00,,"{""fa"":""مان""}",14680,مان,
5424,2026-06-12 23:33:10.028037+00,2026-06-12 23:33:10.028037+00,,"{""fa"":""دالوئا""}",14681,دالوئا,
5425,2026-06-12 23:33:10.028037+00,2026-06-12 23:33:10.028037+00,,"{""fa"":""سانپدرو""}",14682,سانپدرو,
5426,2026-06-12 23:33:10.028037+00,2026-06-12 23:33:10.028037+00,,"{""fa"":""ساساندرا""}",14683,ساساندرا,
5427,2026-06-12 23:33:10.028037+00,2026-06-12 23:33:10.028037+00,,"{""fa"":""بوآكه""}",14684,بوآكه,
5428,2026-06-12 23:33:10.028037+00,2026-06-12 23:33:10.028037+00,,"{""fa"":""واگادوگو""}",14685,واگادوگو,
5429,2026-06-12 23:33:10.028037+00,2026-06-12 23:33:10.028037+00,,"{""fa"":""واهيگويا""}",14686,واهيگويا,
5430,2026-06-12 23:33:10.028037+00,2026-06-12 23:33:10.028037+00,,"{""fa"":""كايا""}",14687,كايا,
5431,2026-06-12 23:33:10.028037+00,2026-06-12 23:33:10.028037+00,,"{""fa"":""بوبوديولاسو""}",14688,بوبوديولاسو,
5432,2026-06-12 23:33:10.028037+00,2026-06-12 23:33:10.028037+00,,"{""fa"":""بانجول""}",14689,بانجول,
5433,2026-06-12 23:33:10.028037+00,2026-06-12 23:33:10.028037+00,,"{""fa"":""لومه""}",14690,لومه,
5434,2026-06-12 23:33:10.028037+00,2026-06-12 23:33:10.028037+00,,"{""fa"":""سوكوده""}",14691,سوكوده,
5435,2026-06-12 23:33:10.028037+00,2026-06-12 23:33:10.028037+00,,"{""fa"":""نيامي""}",14692,نيامي,
5436,2026-06-12 23:33:10.028037+00,2026-06-12 23:33:10.028037+00,,"{""fa"":""تاهوا""}",14693,تاهوا,
5437,2026-06-12 23:33:10.028037+00,2026-06-12 23:33:10.028037+00,,"{""fa"":""مرادي""}",14694,مرادي,
5438,2026-06-12 23:33:10.028037+00,2026-06-12 23:33:10.028037+00,,"{""fa"":""آگادس""}",14695,آگادس,
5439,2026-06-12 23:33:10.028037+00,2026-06-12 23:33:10.028037+00,,"{""fa"":""زيندر""}",14696,زيندر,
5440,2026-06-12 23:33:10.028037+00,2026-06-12 23:33:10.028037+00,,"{""fa"":""ماسرو""}",14697,ماسرو,
5441,2026-06-12 23:33:10.028037+00,2026-06-12 23:33:10.028037+00,,"{""fa"":""بيبين""}",14698,بيبين,
5442,2026-06-12 23:33:10.028037+00,2026-06-12 23:33:10.028037+00,,"{""fa"":""باتا""}",14699,باتا,
5443,2026-06-12 23:33:10.028037+00,2026-06-12 23:33:10.028037+00,,"{""fa"":""مبيني""}",14700,مبيني,
5444,2026-06-12 23:33:10.028037+00,2026-06-12 23:33:10.028037+00,,"{""fa"":""بانگي""}",14701,بانگي,
5445,2026-06-12 23:33:10.028037+00,2026-06-12 23:33:10.028037+00,,"{""fa"":""پوسل""}",14702,پوسل,
5446,2026-06-12 23:33:10.028037+00,2026-06-12 23:33:10.028037+00,,"{""fa"":""بوالي""}",14703,بوالي,
5447,2026-06-12 23:33:10.028037+00,2026-06-12 23:33:10.028037+00,,"{""fa"":""گابرون""}",14704,گابرون,
5448,2026-06-12 23:33:10.028037+00,2026-06-12 23:33:10.028037+00,,"{""fa"":""سرووه""}",14705,سرووه,
5449,2026-06-12 23:33:10.028037+00,2026-06-12 23:33:10.028037+00,,"{""fa"":""امبابان""}",14706,امبابان,
5450,2026-06-12 23:33:10.028037+00,2026-06-12 23:33:10.028037+00,,"{""fa"":""مانزيني""}",14707,مانزيني,
5451,2026-06-12 23:33:10.028037+00,2026-06-12 23:33:10.028037+00,,"{""fa"":""ويكتوريا""}",14708,ويكتوريا,
5452,2026-06-12 23:33:10.028037+00,2026-06-12 23:33:10.028037+00,,"{""fa"":""موروني""}",14709,موروني,
5453,2026-06-12 23:33:10.033562+00,2026-06-12 23:33:10.033562+00,,"{""fa"":""پرايا""}",14710,پرايا,
5454,2026-06-12 23:33:10.033562+00,2026-06-12 23:33:10.033562+00,,"{""fa"":""ليلونگوه""}",14711,ليلونگوه,
5455,2026-06-12 23:33:10.033562+00,2026-06-12 23:33:10.033562+00,,"{""fa"":""بلانتاير""}",14712,بلانتاير,
5456,2026-06-12 23:33:10.033562+00,2026-06-12 23:33:10.033562+00,,"{""fa"":""پورتلويي""}",14713,پورتلويي,
5457,2026-06-12 23:33:10.033562+00,2026-06-12 23:33:10.033562+00,,"{""fa"":""ريورا""}",14714,ريورا,
5458,2026-06-12 23:33:10.033562+00,2026-06-12 23:33:10.033562+00,,"{""fa"":""مونتهويدئو""}",14715,مونتهويدئو,
5459,2026-06-12 23:33:10.033562+00,2026-06-12 23:33:10.033562+00,,"{""fa"":""پايساندو""}",14716,پايساندو,
5460,2026-06-12 23:33:10.033562+00,2026-06-12 23:33:10.033562+00,,"{""fa"":""كيتو""}",14717,كيتو,
5461,2026-06-12 23:33:10.033562+00,2026-06-12 23:33:10.033562+00,,"{""fa"":""گواياكيل""}",14718,گواياكيل,
5462,2026-06-12 23:33:10.033562+00,2026-06-12 23:33:10.033562+00,,"{""fa"":""آسونسيون""}",14719,آسونسيون,
5463,2026-06-12 23:33:10.033562+00,2026-06-12 23:33:10.033562+00,,"{""fa"":""كونسپسيون""}",14720,كونسپسيون,
5464,2026-06-12 23:33:10.033562+00,2026-06-12 23:33:10.033562+00,,"{""fa"":""انكارناسيون""}",14721,انكارناسيون,
5465,2026-06-12 23:33:10.033562+00,2026-06-12 23:33:10.033562+00,,"{""fa"":""سانتاكروز""}",14722,سانتاكروز,
5466,2026-06-12 23:33:10.033562+00,2026-06-12 23:33:10.033562+00,,"{""fa"":""لاپاز""}",14723,لاپاز,
5467,2026-06-12 23:33:10.033562+00,2026-06-12 23:33:10.033562+00,,"{""fa"":""سوكره""}",14724,سوكره,
5468,2026-06-12 23:33:10.033562+00,2026-06-12 23:33:10.033562+00,,"{""fa"":""آلالتو""}",14725,آلالتو,
5469,2026-06-12 23:33:10.033562+00,2026-06-12 23:33:10.033562+00,,"{""fa"":""اورورو""}",14726,اورورو,
5470,2026-06-12 23:33:10.033562+00,2026-06-12 23:33:10.033562+00,,"{""fa"":""كوچابامبا""}",14727,كوچابامبا,
5471,2026-06-12 23:33:10.033562+00,2026-06-12 23:33:10.033562+00,,"{""fa"":""آركيپا""}",14728,آركيپا,
5472,2026-06-12 23:33:10.033562+00,2026-06-12 23:33:10.033562+00,,"{""fa"":""ليما""}",14729,ليما,
5473,2026-06-12 23:33:10.033562+00,2026-06-12 23:33:10.033562+00,,"{""fa"":""كوزكو""}",14730,كوزكو,
5474,2026-06-12 23:33:10.033562+00,2026-06-12 23:33:10.033562+00,,"{""fa"":""هوانكايو""}",14731,هوانكايو,
5475,2026-06-12 23:33:10.033562+00,2026-06-12 23:33:10.033562+00,,"{""fa"":""كالائو""}",14732,كالائو,
5476,2026-06-12 23:33:10.033562+00,2026-06-12 23:33:10.033562+00,,"{""fa"":""تروخيلو""}",14733,تروخيلو,
5477,2026-06-12 23:33:10.033562+00,2026-06-12 23:33:10.033562+00,,"{""fa"":""چيمبوته""}",14734,چيمبوته,
5478,2026-06-12 23:33:10.033562+00,2026-06-12 23:33:10.033562+00,,"{""fa"":""پيورا""}",14735,پيورا,
5479,2026-06-12 23:33:10.033562+00,2026-06-12 23:33:10.033562+00,,"{""fa"":""ايكيتوز""}",14736,ايكيتوز,
5480,2026-06-12 23:33:10.033562+00,2026-06-12 23:33:10.033562+00,,"{""fa"":""سانتياگودكوبا""}",14737,سانتياگودكوبا,
5481,2026-06-12 23:33:10.033562+00,2026-06-12 23:33:10.033562+00,,"{""fa"":""هاوانا""}",14738,هاوانا,
5482,2026-06-12 23:33:10.033562+00,2026-06-12 23:33:10.033562+00,,"{""fa"":""سانسالوادور""}",14739,سانسالوادور,
5483,2026-06-12 23:33:10.033562+00,2026-06-12 23:33:10.033562+00,,"{""fa"":""پاناماسيتي""}",14740,پاناماسيتي,
5484,2026-06-12 23:33:10.033562+00,2026-06-12 23:33:10.033562+00,,"{""fa"":""كولون""}",14741,كولون,
5485,2026-06-12 23:33:10.033562+00,2026-06-12 23:33:10.033562+00,,"{""fa"":""تگوسيگالپا""}",14742,تگوسيگالپا,
5486,2026-06-12 23:33:10.033562+00,2026-06-12 23:33:10.033562+00,,"{""fa"":""پورتوپرنس""}",14743,پورتوپرنس,
5487,2026-06-12 23:33:10.033562+00,2026-06-12 23:33:10.033562+00,,"{""fa"":""ليون""}",14744,ليون,
5488,2026-06-12 23:33:10.033562+00,2026-06-12 23:33:10.033562+00,,"{""fa"":""ماناگوا""}",14745,ماناگوا,
5489,2026-06-12 23:33:10.033562+00,2026-06-12 23:33:10.033562+00,,"{""fa"":""پرت آواسپاين""}",14746,پرت آواسپاين,
5490,2026-06-12 23:33:10.033562+00,2026-06-12 23:33:10.033562+00,,"{""fa"":""كاستريس""}",14747,كاستريس,
5491,2026-06-12 23:33:10.033562+00,2026-06-12 23:33:10.033562+00,,"{""fa"":""پاراماريبو""}",14748,پاراماريبو,
5492,2026-06-12 23:33:10.033562+00,2026-06-12 23:33:10.033562+00,,"{""fa"":""سنت جورجز""}",14749,سنت جورجز,
5493,2026-06-12 23:33:10.033562+00,2026-06-12 23:33:10.033562+00,,"{""fa"":""سووا""}",14750,سووا,
5494,2026-06-12 23:33:10.033562+00,2026-06-12 23:33:10.033562+00,,"{""fa"":""هونيارا""}",14751,هونيارا,
5495,2026-06-12 23:33:10.033562+00,2026-06-12 23:33:10.033562+00,,"{""fa"":""نوكوآلوفا""}",14752,نوكوآلوفا,
5496,2026-06-12 23:33:10.033562+00,2026-06-12 23:33:10.033562+00,,"{""fa"":""دوبروونيك""}",14753,دوبروونيك,
5497,2026-06-12 23:33:10.033562+00,2026-06-12 23:33:10.033562+00,,"{""fa"":""زاگرب""}",14754,زاگرب,
5498,2026-06-12 23:33:10.033562+00,2026-06-12 23:33:10.033562+00,,"{""fa"":""رييكا""}",14755,رييكا,
5499,2026-06-12 23:33:10.033562+00,2026-06-12 23:33:10.033562+00,,"{""fa"":""پولا""}",14756,پولا,
5500,2026-06-12 23:33:10.033562+00,2026-06-12 23:33:10.033562+00,,"{""fa"":""زادار""}",14757,زادار,
5501,2026-06-12 23:33:10.033562+00,2026-06-12 23:33:10.033562+00,,"{""fa"":""اسپليت""}",14758,اسپليت,
5502,2026-06-12 23:33:10.033562+00,2026-06-12 23:33:10.033562+00,,"{""fa"":""پلووديف""}",14759,پلووديف,
5503,2026-06-12 23:33:10.033562+00,2026-06-12 23:33:10.033562+00,,"{""fa"":""صوفيا""}",14760,صوفيا,
5504,2026-06-12 23:33:10.033562+00,2026-06-12 23:33:10.033562+00,,"{""fa"":""وارنا""}",14761,وارنا,
5505,2026-06-12 23:33:10.033562+00,2026-06-12 23:33:10.033562+00,,"{""fa"":""پلون""}",14762,پلون,
5506,2026-06-12 23:33:10.033562+00,2026-06-12 23:33:10.033562+00,,"{""fa"":""روسه""}",14763,روسه,
5507,2026-06-12 23:33:10.033562+00,2026-06-12 23:33:10.033562+00,,"{""fa"":""بورگاس""}",14764,بورگاس,
5508,2026-06-12 23:33:10.033562+00,2026-06-12 23:33:10.033562+00,,"{""fa"":""تالين""}",14765,تالين,
5509,2026-06-12 23:33:10.033562+00,2026-06-12 23:33:10.033562+00,,"{""fa"":""تارتو""}",14766,تارتو,
5510,2026-06-12 23:33:10.033562+00,2026-06-12 23:33:10.033562+00,,"{""fa"":""پارنو""}",14767,پارنو,
5511,2026-06-12 23:33:10.033562+00,2026-06-12 23:33:10.033562+00,,"{""fa"":""كوتلا""}",14768,كوتلا,
5512,2026-06-12 23:33:10.033562+00,2026-06-12 23:33:10.033562+00,,"{""fa"":""ياروه""}",14769,ياروه,
5513,2026-06-12 23:33:10.033562+00,2026-06-12 23:33:10.033562+00,,"{""fa"":""تيرانا""}",14770,تيرانا,
5514,2026-06-12 23:33:10.033562+00,2026-06-12 23:33:10.033562+00,,"{""fa"":""شكودار""}",14771,شكودار,
5515,2026-06-12 23:33:10.033562+00,2026-06-12 23:33:10.033562+00,,"{""fa"":""دوريس""}",14772,دوريس,
5516,2026-06-12 23:33:10.033562+00,2026-06-12 23:33:10.033562+00,,"{""fa"":""دوراس""}",14773,دوراس,
5517,2026-06-12 23:33:10.033562+00,2026-06-12 23:33:10.033562+00,,"{""fa"":""الباسان""}",14774,الباسان,
5518,2026-06-12 23:33:10.033562+00,2026-06-12 23:33:10.033562+00,,"{""fa"":""ولورا""}",14775,ولورا,
5519,2026-06-12 23:33:10.033562+00,2026-06-12 23:33:10.033562+00,,"{""fa"":""نيرگيهازا""}",14776,نيرگيهازا,
5520,2026-06-12 23:33:10.033562+00,2026-06-12 23:33:10.033562+00,,"{""fa"":""بوداپست""}",14777,بوداپست,
5521,2026-06-12 23:33:10.033562+00,2026-06-12 23:33:10.033562+00,,"{""fa"":""ميشكولتس""}",14778,ميشكولتس,
5522,2026-06-12 23:33:10.033562+00,2026-06-12 23:33:10.033562+00,,"{""fa"":""گيور""}",14779,گيور,
5523,2026-06-12 23:33:10.033562+00,2026-06-12 23:33:10.033562+00,,"{""fa"":""موهاكس""}",14780,موهاكس,
5524,2026-06-12 23:33:10.033562+00,2026-06-12 23:33:10.033562+00,,"{""fa"":""بلگراد""}",14781,بلگراد,
5525,2026-06-12 23:33:10.033562+00,2026-06-12 23:33:10.033562+00,,"{""fa"":""ويلنيوس""}",14782,ويلنيوس,
5526,2026-06-12 23:33:10.033562+00,2026-06-12 23:33:10.033562+00,,"{""fa"":""اسكوپيه""}",14783,اسكوپيه,
5527,2026-06-12 23:33:10.033562+00,2026-06-12 23:33:10.033562+00,,"{""fa"":""بيتولا""}",14784,بيتولا,
5528,2026-06-12 23:33:10.033562+00,2026-06-12 23:33:10.033562+00,,"{""fa"":""كيشي نف""}",14785,كيشي نف,
5529,2026-06-12 23:33:10.033562+00,2026-06-12 23:33:10.033562+00,,"{""fa"":""والتا""}",14786,والتا,
5530,2026-06-12 23:33:10.033562+00,2026-06-12 23:33:10.033562+00,,"{""fa"":""ليوبليانا""}",14787,ليوبليانا,
5531,2026-06-12 23:33:10.033562+00,2026-06-12 23:33:10.033562+00,,"{""fa"":""سليه""}",14788,سليه,
5532,2026-06-12 23:33:10.033562+00,2026-06-12 23:33:10.033562+00,,"{""fa"":""ماريبور""}",14789,ماريبور,
5533,2026-06-12 23:33:10.033562+00,2026-06-12 23:33:10.033562+00,,"{""fa"":""تريسته""}",14790,تريسته,
5534,2026-06-12 23:33:10.033562+00,2026-06-12 23:33:10.033562+00,,"{""fa"":""ريگا""}",14791,ريگا,
5535,2026-06-12 23:33:10.033562+00,2026-06-12 23:33:10.033562+00,,"{""fa"":""گرينويچ""}",14792,گرينويچ,
5536,2026-06-12 23:33:10.033562+00,2026-06-12 23:33:10.033562+00,,"{""fa"":""آلابوگا""}",14793,آلابوگا,
5537,2026-06-12 23:33:10.033562+00,2026-06-12 23:33:10.033562+00,,"{""fa"":""گنجه""}",14794,گنجه,
5538,2026-06-12 23:33:10.033562+00,2026-06-12 23:33:10.033562+00,,"{""fa"":""نخجوان""}",14795,نخجوان,
5539,2026-06-12 23:33:10.033562+00,2026-06-12 23:33:10.033562+00,,"{""fa"":""اشامخور""}",14796,اشامخور,
5540,2026-06-12 23:33:10.033562+00,2026-06-12 23:33:10.033562+00,,"{""fa"":""لنكران""}",14797,لنكران,
5541,2026-06-12 23:33:10.033562+00,2026-06-12 23:33:10.033562+00,,"{""fa"":""قزاق""}",14798,قزاق,
5542,2026-06-12 23:33:10.033562+00,2026-06-12 23:33:10.033562+00,,"{""fa"":""توووز""}",14799,توووز,
5543,2026-06-12 23:33:10.033562+00,2026-06-12 23:33:10.033562+00,,"{""fa"":""شماخي""}",14800,شماخي,
5544,2026-06-12 23:33:10.033562+00,2026-06-12 23:33:10.033562+00,,"{""fa"":""آغستفا""}",14801,آغستفا,
5545,2026-06-12 23:33:10.033562+00,2026-06-12 23:33:10.033562+00,,"{""fa"":""شرور""}",14802,شرور,
5546,2026-06-12 23:33:10.033562+00,2026-06-12 23:33:10.033562+00,,"{""fa"":""خيردالان""}",14803,خيردالان,
5547,2026-06-12 23:33:10.033562+00,2026-06-12 23:33:10.033562+00,,"{""fa"":""سومقاييت""}",14804,سومقاييت,
5548,2026-06-12 23:33:10.033562+00,2026-06-12 23:33:10.033562+00,,"{""fa"":""خيزي""}",14805,خيزي,
5549,2026-06-12 23:33:10.033562+00,2026-06-12 23:33:10.033562+00,,"{""fa"":""سيزن""}",14806,سيزن,
5550,2026-06-12 23:33:10.033562+00,2026-06-12 23:33:10.033562+00,,"{""fa"":""دوهچي""}",14807,دوهچي,
5551,2026-06-12 23:33:10.033562+00,2026-06-12 23:33:10.033562+00,,"{""fa"":""خاچماز""}",14808,خاچماز,
5552,2026-06-12 23:33:10.033562+00,2026-06-12 23:33:10.033562+00,,"{""fa"":""مرزه""}",14809,مرزه,
5633,2026-06-12 23:33:10.038276+00,2026-06-12 23:33:10.038276+00,,"{""fa"":""لووف""}",15044,لووف,
5553,2026-06-12 23:33:10.038276+00,2026-06-12 23:33:10.038276+00,,"{""fa"":""قاضيمحمد""}",14810,قاضيمحمد,
5554,2026-06-12 23:33:10.038276+00,2026-06-12 23:33:10.038276+00,,"{""fa"":""عليبايراملي""}",14811,عليبايراملي,
5555,2026-06-12 23:33:10.038276+00,2026-06-12 23:33:10.038276+00,,"{""fa"":""نفتچاله""}",14812,نفتچاله,
5556,2026-06-12 23:33:10.038276+00,2026-06-12 23:33:10.038276+00,,"{""fa"":""ساليان""}",14813,ساليان,
5557,2026-06-12 23:33:10.038276+00,2026-06-12 23:33:10.038276+00,,"{""fa"":""قوسار""}",14814,قوسار,
5558,2026-06-12 23:33:10.038276+00,2026-06-12 23:33:10.038276+00,,"{""fa"":""اسماعيلي""}",14815,اسماعيلي,
5559,2026-06-12 23:33:10.038276+00,2026-06-12 23:33:10.038276+00,,"{""fa"":""آقسو""}",14816,آقسو,
5560,2026-06-12 23:33:10.038276+00,2026-06-12 23:33:10.038276+00,,"{""fa"":""ساعتلي""}",14817,ساعتلي,
5561,2026-06-12 23:33:10.038276+00,2026-06-12 23:33:10.038276+00,,"{""fa"":""بيلهسوار""}",14818,بيلهسوار,
5562,2026-06-12 23:33:10.038276+00,2026-06-12 23:33:10.038276+00,,"{""fa"":""جليلآباد""}",14819,جليلآباد,
5563,2026-06-12 23:33:10.038276+00,2026-06-12 23:33:10.038276+00,,"{""fa"":""ماسالي""}",14820,ماسالي,
5564,2026-06-12 23:33:10.038276+00,2026-06-12 23:33:10.038276+00,,"{""fa"":""آستارا""}",14821,آستارا,
5565,2026-06-12 23:33:10.038276+00,2026-06-12 23:33:10.038276+00,,"{""fa"":""لريك""}",14822,لريك,
5566,2026-06-12 23:33:10.038276+00,2026-06-12 23:33:10.038276+00,,"{""fa"":""يارديملي""}",14823,يارديملي,
5567,2026-06-12 23:33:10.038276+00,2026-06-12 23:33:10.038276+00,,"{""fa"":""ايميشلي""}",14824,ايميشلي,
5568,2026-06-12 23:33:10.038276+00,2026-06-12 23:33:10.038276+00,,"{""fa"":""كردامير""}",14825,كردامير,
5569,2026-06-12 23:33:10.038276+00,2026-06-12 23:33:10.038276+00,,"{""fa"":""قوبا""}",14826,قوبا,
5570,2026-06-12 23:33:10.038276+00,2026-06-12 23:33:10.038276+00,,"{""fa"":""اوغوز""}",14827,اوغوز,
5571,2026-06-12 23:33:10.038276+00,2026-06-12 23:33:10.038276+00,,"{""fa"":""گويچاي""}",14828,گويچاي,
5572,2026-06-12 23:33:10.038276+00,2026-06-12 23:33:10.038276+00,,"{""fa"":""اوجار""}",14829,اوجار,
5573,2026-06-12 23:33:10.038276+00,2026-06-12 23:33:10.038276+00,,"{""fa"":""زرداب""}",14830,زرداب,
5574,2026-06-12 23:33:10.038276+00,2026-06-12 23:33:10.038276+00,,"{""fa"":""آغجابديع""}",14831,آغجابديع,
5575,2026-06-12 23:33:10.038276+00,2026-06-12 23:33:10.038276+00,,"{""fa"":""بيلقان""}",14832,بيلقان,
5576,2026-06-12 23:33:10.038276+00,2026-06-12 23:33:10.038276+00,,"{""fa"":""شكي""}",14833,شكي,
5577,2026-06-12 23:33:10.038276+00,2026-06-12 23:33:10.038276+00,,"{""fa"":""قاخ""}",14834,قاخ,
5578,2026-06-12 23:33:10.038276+00,2026-06-12 23:33:10.038276+00,,"{""fa"":""زاقاتالا""}",14835,زاقاتالا,
5579,2026-06-12 23:33:10.038276+00,2026-06-12 23:33:10.038276+00,,"{""fa"":""بالاكن""}",14836,بالاكن,
5580,2026-06-12 23:33:10.038276+00,2026-06-12 23:33:10.038276+00,,"{""fa"":""آغداش""}",14837,آغداش,
5581,2026-06-12 23:33:10.038276+00,2026-06-12 23:33:10.038276+00,,"{""fa"":""يولاخ""}",14838,يولاخ,
5582,2026-06-12 23:33:10.038276+00,2026-06-12 23:33:10.038276+00,,"{""fa"":""مينگهچوير""}",14839,مينگهچوير,
5583,2026-06-12 23:33:10.038276+00,2026-06-12 23:33:10.038276+00,,"{""fa"":""گورانبوي""}",14840,گورانبوي,
5584,2026-06-12 23:33:10.038276+00,2026-06-12 23:33:10.038276+00,,"{""fa"":""بردع""}",14841,بردع,
5585,2026-06-12 23:33:10.038276+00,2026-06-12 23:33:10.038276+00,,"{""fa"":""ترتر""}",14842,ترتر,
5586,2026-06-12 23:33:10.038276+00,2026-06-12 23:33:10.038276+00,,"{""fa"":""آغدام""}",14843,آغدام,
5587,2026-06-12 23:33:10.038276+00,2026-06-12 23:33:10.038276+00,,"{""fa"":""خوجاوند""}",14844,خوجاوند,
5588,2026-06-12 23:33:10.038276+00,2026-06-12 23:33:10.038276+00,,"{""fa"":""مارتوني""}",14845,مارتوني,
5589,2026-06-12 23:33:10.038276+00,2026-06-12 23:33:10.038276+00,,"{""fa"":""فضولي""}",14846,فضولي,
5590,2026-06-12 23:33:10.038276+00,2026-06-12 23:33:10.038276+00,,"{""fa"":""جبرئيل""}",14847,جبرئيل,
5591,2026-06-12 23:33:10.038276+00,2026-06-12 23:33:10.038276+00,,"{""fa"":""آغدره""}",14848,آغدره,
5592,2026-06-12 23:33:10.038276+00,2026-06-12 23:33:10.038276+00,,"{""fa"":""مردآكرت""}",14849,مردآكرت,
5593,2026-06-12 23:33:10.038276+00,2026-06-12 23:33:10.038276+00,,"{""fa"":""خانكندي""}",14850,خانكندي,
5594,2026-06-12 23:33:10.038276+00,2026-06-12 23:33:10.038276+00,,"{""fa"":""استپاناكرت""}",14851,استپاناكرت,
5595,2026-06-12 23:33:10.038276+00,2026-06-12 23:33:10.038276+00,,"{""fa"":""لاچين""}",14852,لاچين,
5596,2026-06-12 23:33:10.038276+00,2026-06-12 23:33:10.038276+00,,"{""fa"":""زنگلان""}",14853,زنگلان,
5597,2026-06-12 23:33:10.038276+00,2026-06-12 23:33:10.038276+00,,"{""fa"":""قبادلي""}",14854,قبادلي,
5598,2026-06-12 23:33:10.038276+00,2026-06-12 23:33:10.038276+00,,"{""fa"":""اردوباد""}",14855,اردوباد,
5599,2026-06-12 23:33:10.038276+00,2026-06-12 23:33:10.038276+00,,"{""fa"":""جولفا""}",14856,جولفا,
5600,2026-06-12 23:33:10.038276+00,2026-06-12 23:33:10.038276+00,,"{""fa"":""جلفا""}",14857,جلفا,
5601,2026-06-12 23:33:10.038276+00,2026-06-12 23:33:10.038276+00,,"{""fa"":""شاهبوز""}",14858,شاهبوز,
5602,2026-06-12 23:33:10.038276+00,2026-06-12 23:33:10.038276+00,,"{""fa"":""كلبجر""}",14859,كلبجر,
5603,2026-06-12 23:33:10.038276+00,2026-06-12 23:33:10.038276+00,,"{""fa"":""داشكسن""}",14860,داشكسن,
5604,2026-06-12 23:33:10.038276+00,2026-06-12 23:33:10.038276+00,,"{""fa"":""گدهبي""}",14861,گدهبي,
5605,2026-06-12 23:33:10.038276+00,2026-06-12 23:33:10.038276+00,,"{""fa"":""خانلار""}",14862,خانلار,
5606,2026-06-12 23:33:10.038276+00,2026-06-12 23:33:10.038276+00,,"{""fa"":""شمكر""}",14863,شمكر,
5607,2026-06-12 23:33:10.038276+00,2026-06-12 23:33:10.038276+00,,"{""fa"":""ري""}",14864,ري,
5608,2026-06-12 23:33:10.038276+00,2026-06-12 23:33:10.038276+00,,"{""fa"":""آلاسكا""}",15019,آلاسكا,
5609,2026-06-12 23:33:10.038276+00,2026-06-12 23:33:10.038276+00,,"{""fa"":""لنينگراد""}",15020,لنينگراد,
5610,2026-06-12 23:33:10.038276+00,2026-06-12 23:33:10.038276+00,,"{""fa"":""سارايوو""}",15021,سارايوو,
5611,2026-06-12 23:33:10.038276+00,2026-06-12 23:33:10.038276+00,,"{""fa"":""كونجيك""}",15022,كونجيك,
5612,2026-06-12 23:33:10.038276+00,2026-06-12 23:33:10.038276+00,,"{""fa"":""فوچا""}",15023,فوچا,
5613,2026-06-12 23:33:10.038276+00,2026-06-12 23:33:10.038276+00,,"{""fa"":""توزلا""}",15024,توزلا,
5614,2026-06-12 23:33:10.038276+00,2026-06-12 23:33:10.038276+00,,"{""fa"":""كاپارد""}",15025,كاپارد,
5615,2026-06-12 23:33:10.038276+00,2026-06-12 23:33:10.038276+00,,"{""fa"":""موستار""}",15026,موستار,
5616,2026-06-12 23:33:10.038276+00,2026-06-12 23:33:10.038276+00,,"{""fa"":""ليونو""}",15027,ليونو,
5617,2026-06-12 23:33:10.038276+00,2026-06-12 23:33:10.038276+00,,"{""fa"":""زورنيك""}",15028,زورنيك,
5618,2026-06-12 23:33:10.038276+00,2026-06-12 23:33:10.038276+00,,"{""fa"":""پريدور""}",15029,پريدور,
5619,2026-06-12 23:33:10.038276+00,2026-06-12 23:33:10.038276+00,,"{""fa"":""بانيالوكا""}",15030,بانيالوكا,
5620,2026-06-12 23:33:10.038276+00,2026-06-12 23:33:10.038276+00,,"{""fa"":""زنيتسا""}",15031,زنيتسا,
5621,2026-06-12 23:33:10.038276+00,2026-06-12 23:33:10.038276+00,,"{""fa"":""دروار""}",15032,دروار,
5622,2026-06-12 23:33:10.038276+00,2026-06-12 23:33:10.038276+00,,"{""fa"":""خانيونس""}",15033,خانيونس,
5623,2026-06-12 23:33:10.038276+00,2026-06-12 23:33:10.038276+00,,"{""fa"":""بيت المقدس""}",15034,بيت المقدس,
5624,2026-06-12 23:33:10.038276+00,2026-06-12 23:33:10.038276+00,,"{""fa"":""حيفا""}",15035,حيفا,
5625,2026-06-12 23:33:10.038276+00,2026-06-12 23:33:10.038276+00,,"{""fa"":""غزه""}",15036,غزه,
5626,2026-06-12 23:33:10.038276+00,2026-06-12 23:33:10.038276+00,,"{""fa"":""يافا""}",15037,يافا,
5627,2026-06-12 23:33:10.038276+00,2026-06-12 23:33:10.038276+00,,"{""fa"":""الخليل""}",15038,الخليل,
5628,2026-06-12 23:33:10.038276+00,2026-06-12 23:33:10.038276+00,,"{""fa"":""رام اله""}",15039,رام اله,
5629,2026-06-12 23:33:10.038276+00,2026-06-12 23:33:10.038276+00,,"{""fa"":""ايلت""}",15040,ايلت,
5630,2026-06-12 23:33:10.038276+00,2026-06-12 23:33:10.038276+00,,"{""fa"":""الجيب""}",15041,الجيب,
5631,2026-06-12 23:33:10.038276+00,2026-06-12 23:33:10.038276+00,,"{""fa"":""رما""}",15042,رما,
5632,2026-06-12 23:33:10.038276+00,2026-06-12 23:33:10.038276+00,,"{""fa"":""رمله""}",15043,رمله,
5634,2026-06-12 23:33:10.038276+00,2026-06-12 23:33:10.038276+00,,"{""fa"":""خاركوف""}",15045,خاركوف,
5635,2026-06-12 23:33:10.038276+00,2026-06-12 23:33:10.038276+00,,"{""fa"":""اودسا""}",15046,اودسا,
5636,2026-06-12 23:33:10.038276+00,2026-06-12 23:33:10.038276+00,,"{""fa"":""دونتسك""}",15047,دونتسك,
5637,2026-06-12 23:33:10.038276+00,2026-06-12 23:33:10.038276+00,,"{""fa"":""زاپوروژيه""}",15048,زاپوروژيه,
5638,2026-06-12 23:33:10.038276+00,2026-06-12 23:33:10.038276+00,,"{""fa"":""لوگانسك""}",15049,لوگانسك,
5639,2026-06-12 23:33:10.038276+00,2026-06-12 23:33:10.038276+00,,"{""fa"":""سومي""}",15050,سومي,
5640,2026-06-12 23:33:10.038276+00,2026-06-12 23:33:10.038276+00,,"{""fa"":""خرسون""}",15051,خرسون,
5641,2026-06-12 23:33:10.038276+00,2026-06-12 23:33:10.038276+00,,"{""fa"":""دنيپروپتروفسك""}",15052,دنيپروپتروفسك,
5642,2026-06-12 23:33:10.038276+00,2026-06-12 23:33:10.038276+00,,"{""fa"":""ماريوپول""}",15053,ماريوپول,
5643,2026-06-12 23:33:10.038276+00,2026-06-12 23:33:10.038276+00,,"{""fa"":""مليتوپول""}",15054,مليتوپول,
5644,2026-06-12 23:33:10.038276+00,2026-06-12 23:33:10.038276+00,,"{""fa"":""يالتا""}",15055,يالتا,
5645,2026-06-12 23:33:10.038276+00,2026-06-12 23:33:10.038276+00,,"{""fa"":""سواستوپول""}",15056,سواستوپول,
5646,2026-06-12 23:33:10.038276+00,2026-06-12 23:33:10.038276+00,,"{""fa"":""كرچ""}",15057,كرچ,
5647,2026-06-12 23:33:10.038276+00,2026-06-12 23:33:10.038276+00,,"{""fa"":""برديانسك""}",15058,برديانسك,
5648,2026-06-12 23:33:10.038276+00,2026-06-12 23:33:10.038276+00,,"{""fa"":""نيكلايف""}",15059,نيكلايف,
5649,2026-06-12 23:33:10.038276+00,2026-06-12 23:33:10.038276+00,,"{""fa"":""كيرووگراد""}",15060,كيرووگراد,
5650,2026-06-12 23:33:10.038276+00,2026-06-12 23:33:10.038276+00,,"{""fa"":""اوستراوا""}",15061,اوستراوا,
5651,2026-06-12 23:33:10.038276+00,2026-06-12 23:33:10.038276+00,,"{""fa"":""پراگ""}",15062,پراگ,
5652,2026-06-12 23:33:10.038276+00,2026-06-12 23:33:10.038276+00,,"{""fa"":""برنو""}",15063,برنو,
5653,2026-06-12 23:33:10.044772+00,2026-06-12 23:33:10.044772+00,,"{""fa"":""اولوموتس""}",15064,اولوموتس,
5654,2026-06-12 23:33:10.044772+00,2026-06-12 23:33:10.044772+00,,"{""fa"":""چسكهبودهيوويتسه""}",15065,چسكهبودهيوويتسه,
5655,2026-06-12 23:33:10.044772+00,2026-06-12 23:33:10.044772+00,,"{""fa"":""پلزن""}",15066,پلزن,
5656,2026-06-12 23:33:10.044772+00,2026-06-12 23:33:10.044772+00,,"{""fa"":""هرادتسكرالووه""}",15067,هرادتسكرالووه,
5657,2026-06-12 23:33:10.044772+00,2026-06-12 23:33:10.044772+00,,"{""fa"":""اوستينادلايم""}",15068,اوستينادلايم,
5658,2026-06-12 23:33:10.044772+00,2026-06-12 23:33:10.044772+00,,"{""fa"":""ويندهوك""}",15069,ويندهوك,
5659,2026-06-12 23:33:10.044772+00,2026-06-12 23:33:10.044772+00,,"{""fa"":""كيتمانشوپ""}",15070,كيتمانشوپ,
5660,2026-06-12 23:33:10.044772+00,2026-06-12 23:33:10.044772+00,,"{""fa"":""ليبرويل""}",15071,ليبرويل,
5661,2026-06-12 23:33:10.044772+00,2026-06-12 23:33:10.044772+00,,"{""fa"":""فرانسويل""}",15072,فرانسويل,
5662,2026-06-12 23:33:10.044772+00,2026-06-12 23:33:10.044772+00,,"{""fa"":""پورتجنتيل""}",15073,پورتجنتيل,
5663,2026-06-12 23:33:10.044772+00,2026-06-12 23:33:10.044772+00,,"{""fa"":""پورژانتي""}",15074,پورژانتي,
5664,2026-06-12 23:33:10.044772+00,2026-06-12 23:33:10.044772+00,,"{""fa"":""ناسائو""}",15075,ناسائو,
5665,2026-06-12 23:33:10.044772+00,2026-06-12 23:33:10.044772+00,,"{""fa"":""بلموپان""}",15076,بلموپان,
5666,2026-06-12 23:33:10.044772+00,2026-06-12 23:33:10.044772+00,,"{""fa"":""روسو""}",15077,روسو,
5667,2026-06-12 23:33:10.044772+00,2026-06-12 23:33:10.044772+00,,"{""fa"":""سانتودومينگو""}",15078,سانتودومينگو,
5668,2026-06-12 23:33:10.044772+00,2026-06-12 23:33:10.044772+00,,"{""fa"":""براتيسلاو""}",15079,براتيسلاو,
5669,2026-06-12 23:33:10.044772+00,2026-06-12 23:33:10.044772+00,,"{""fa"":""پرشوف""}",15080,پرشوف,
5670,2026-06-12 23:33:10.044772+00,2026-06-12 23:33:10.044772+00,,"{""fa"":""كوشيتسه""}",15081,كوشيتسه,
5671,2026-06-12 23:33:10.044772+00,2026-06-12 23:33:10.044772+00,,"{""fa"":""ژيلينا""}",15082,ژيلينا,
5672,2026-06-12 23:33:10.044772+00,2026-06-12 23:33:10.044772+00,,"{""fa"":""ليسبون""}",15083,ليسبون,
5673,2026-06-12 23:33:10.044772+00,2026-06-12 23:33:10.044772+00,,"{""fa"":""كويمبرا""}",15084,كويمبرا,
5674,2026-06-12 23:33:10.044772+00,2026-06-12 23:33:10.044772+00,,"{""fa"":""الواس""}",15085,الواس,
5675,2026-06-12 23:33:10.044772+00,2026-06-12 23:33:10.044772+00,,"{""fa"":""بژه""}",15086,بژه,
5676,2026-06-12 23:33:10.044772+00,2026-06-12 23:33:10.044772+00,,"{""fa"":""براگا""}",15087,براگا,
5677,2026-06-12 23:33:10.044772+00,2026-06-12 23:33:10.044772+00,,"{""fa"":""پورتو""}",15088,پورتو,
5678,2026-06-12 23:33:10.044772+00,2026-06-12 23:33:10.044772+00,,"{""fa"":""لاگوس""}",15089,لاگوس,
5679,2026-06-12 23:33:10.044772+00,2026-06-12 23:33:10.044772+00,,"{""fa"":""كاسكايس""}",15090,كاسكايس,
5680,2026-06-12 23:33:10.044772+00,2026-06-12 23:33:10.044772+00,,"{""fa"":""فاتيما""}",15091,فاتيما,
5681,2026-06-12 23:33:10.044772+00,2026-06-12 23:33:10.044772+00,,"{""fa"":""ستوبال""}",15092,ستوبال,
5682,2026-06-12 23:33:10.044772+00,2026-06-12 23:33:10.044772+00,,"{""fa"":""پرتقال""}",15093,پرتقال,
5683,2026-06-12 23:33:10.044772+00,2026-06-12 23:33:10.044772+00,,"{""fa"":""سانخوزه""}",15094,سانخوزه,
5684,2026-06-12 23:33:10.044772+00,2026-06-12 23:33:10.044772+00,,"{""fa"":""كستاريكا""}",15095,كستاريكا,
5685,2026-06-12 23:33:10.044772+00,2026-06-12 23:33:10.044772+00,,"{""fa"":""بوجومبورا""}",15096,بوجومبورا,
5686,2026-06-12 23:33:10.044772+00,2026-06-12 23:33:10.044772+00,,"{""fa"":""گيتهگا""}",15097,گيتهگا,
5687,2026-06-12 23:33:10.044772+00,2026-06-12 23:33:10.044772+00,,"{""fa"":""برست""}",15098,برست,
5688,2026-06-12 23:33:10.044772+00,2026-06-12 23:33:10.044772+00,,"{""fa"":""مينسك""}",15099,مينسك,
5689,2026-06-12 23:33:10.044772+00,2026-06-12 23:33:10.044772+00,,"{""fa"":""ماهيليوف""}",15100,ماهيليوف,
5690,2026-06-12 23:33:10.044772+00,2026-06-12 23:33:10.044772+00,,"{""fa"":""هوميل""}",15101,هوميل,
5691,2026-06-12 23:33:10.044772+00,2026-06-12 23:33:10.044772+00,,"{""fa"":""باراناويچي""}",15102,باراناويچي,
5692,2026-06-12 23:33:10.044772+00,2026-06-12 23:33:10.044772+00,,"{""fa"":""بوروندي""}",15103,بوروندي,
5693,2026-06-12 23:33:10.044772+00,2026-06-12 23:33:10.044772+00,,"{""fa"":""بيلاروس""}",15104,بيلاروس,
